{
   "report": "inventory",
   "version": "2.3",
   "productVersion": "9.0",
   "productRelease": "18.0.0.1",
   "options": [
      "--excludePackages=com.ibm.websphere,com.ibm.ws,com.ibm.db2,com.informix,com.microsoft,com.sybase,com.sun,java,javax,net,oracle,org,sqlj,_ibmjsp"
   ],
   "applications": [
      "/opt/WAS855_RQMAuto_ACME/WAS/profiles/dmgr/config/cells/ndcell/applications/ACMEAnnuityEJBWSes.ear/ACMEAnnuityEJBWSes.ear"
   ],
   "sharedLibraries": [
   ],
   "archives": {
      "ears": 1,
      "wars": 6,
      "rars": 0,
      "ejbs": 11,
      "webFragments": 0,
      "utilityJars": 7,
      "appClients": 0
   },
   "summary": {
      "servlets": 4,
      "jsps": 0,
      "jpaEntities": 46,
      "bmpEntityBeans": 0,
      "cmpEntityBeans": 0,
      "messageDrivenBeans": 4,
      "singletonSessionBeans": 2,
      "statefulSessionBeans": 0,
      "statelessSessionBeans": 5,
      "jaxrpcConsumers": 0,
      "jaxrpcProviders": 2,
      "jaxrsConsumers": 0,
      "jaxrsProviders": 2,
      "jaxwsConsumers": 14,
      "jaxwsProviders": 5
   },
   "archiveInventory": [
      {
         "archiveName": "/opt/WAS855_RQMAuto_ACME/WAS/profiles/dmgr/config/cells/ndcell/applications/ACMEAnnuityEJBWSes.ear/ACMEAnnuityEJBWSes.ear",
         "moduleType": "Enterprise archive",
         "moduleVersion": "5",
         "metadataComplete": null,
         "archives": {
            "wars": 6,
            "rars": 0,
            "ejbs": 11,
            "utilityJars": 7,
            "appClients": 0
         },
         "summary": {
            "servlets": 4,
            "jsps": 0,
            "jpaEntities": 46,
            "bmpEntityBeans": 0,
            "cmpEntityBeans": 0,
            "messageDrivenBeans": 4,
            "singletonSessionBeans": 2,
            "statefulSessionBeans": 0,
            "statelessSessionBeans": 5,
            "jaxrpcConsumers": 0,
            "jaxrpcProviders": 2,
            "jaxrsConsumers": 0,
            "jaxrsProviders": 2,
            "jaxwsConsumers": 14,
            "jaxwsProviders": 5
         },
         "potentialDeploymentProblemsSummary": {
            "archivesContainingDuplicateClasses": 10,
            "archivesContainingJavaEEorSEClasses": 2,
            "archivesContainingConflictingOpenSourceSoftwareClasses": 0,
            "archivesContainingWebSphereClasses": 2,
            "archivesNotReferencedInTheApplication": 2,
            "archivesWithMissingDependenciesInTheApplication": 3,
            "classesWithSystemLevelJVMConfiguration": 0,
            "sharedLibrariesReferencingApplicationClasses": 0
         },
         "potentialDeploymentProblemsDetails": [
            {
               "duplicateClassesWithinClassLoader": [
                  {
                     "conflictingPackages": [
                        "com.ibm.ejs.container",
                        "com.ibm.websphere.csi",
                        "org.omg.stub.java.lang",
                        "org.omg.stub.javax.ejb"
                     ],
                     "packageLocation": [
                        "AcmeAnnuityEJB2xJAXRPC.jar",
                        "AcmeAnnuityEJB2xStubs.jar"
                     ]
                  }
               ]
            },
            {
               "duplicateClassesAcrossApplication": [
                  {
                     "conflictingPackages": [
                        "com.ibm.wssvt.acme.annuity.business.impl.ejbws.ejb3jaxws",
                        "com.ibm.wssvt.acme.annuity.business.impl.ejbws.ejb3jaxws.jaxws"
                     ],
                     "packageLocation": [
                        "AcmeAnnuityEJB3JAXWS.jar",
                        "AcmeAnnuityJAXWSWebEjbWar.war/WEB-INF/lib/AcmeAnnuityEJB3JAXWS.jar",
                        "AcmeAnnuityJAXWSWebEjbWar_jcdi.war/WEB-INF/lib/AcmeAnnuityEJB3JAXWS_jcdi.jar"
                     ]
                  },
                  {
                     "conflictingPackages": [
                        "com.ibm.wssvt.acme.annuity.business.impl.ejbws.ejb3singletonjaxws",
                        "com.ibm.wssvt.acme.annuity.business.impl.ejbws.ejb3singletonjaxws.jaxws"
                     ],
                     "packageLocation": [
                        "AcmeAnnuityEJB3SingletonJAXWS.jar",
                        "AcmeAnnuityJAXWSWebEjbWar.war/WEB-INF/lib/AcmeAnnuityEJB3SingletonJAXWS.jar"
                     ]
                  },
                  {
                     "conflictingPackages": [
                        "com.ibm.wssvt.acme.annuity.common.bean",
                        "com.ibm.wssvt.acme.annuity.common.bean.java",
                        "com.ibm.wssvt.acme.annuity.common.bean.jaxbjpa",
                        "com.ibm.wssvt.acme.annuity.common.bean.jpa",
                        "com.ibm.wssvt.acme.annuity.common.business",
                        "com.ibm.wssvt.acme.annuity.common.business.ejb2x",
                        "com.ibm.wssvt.acme.annuity.common.business.ejb30",
                        "com.ibm.wssvt.acme.annuity.common.business.ejb30.policy",
                        "com.ibm.wssvt.acme.annuity.common.business.ejb31",
                        "com.ibm.wssvt.acme.annuity.common.business.ejbws.ejb2xjaxws",
                        "com.ibm.wssvt.acme.annuity.common.business.ejbws.ejb3jaxws",
                        "com.ibm.wssvt.acme.annuity.common.business.jaxrpc",
                        "com.ibm.wssvt.acme.annuity.common.business.jaxrpc.beanconverter",
                        "com.ibm.wssvt.acme.annuity.common.business.jaxrs",
                        "com.ibm.wssvt.acme.annuity.common.business.jaxws",
                        "com.ibm.wssvt.acme.annuity.common.business.nonbusinessimpl",
                        "com.ibm.wssvt.acme.annuity.common.business.osgi",
                        "com.ibm.wssvt.acme.annuity.common.client.adapter",
                        "com.ibm.wssvt.acme.annuity.common.client.adapter.policy",
                        "com.ibm.wssvt.acme.annuity.common.client.jaxrpc.bean",
                        "com.ibm.wssvt.acme.annuity.common.client.jaxrpc.bean.jaxrpc2ejb3jaxws",
                        "com.ibm.wssvt.acme.annuity.common.client.jaxrpc.bean.jaxrpc2pojojaxws",
                        "com.ibm.wssvt.acme.annuity.common.client.jaxrpc.beanconverter",
                        "com.ibm.wssvt.acme.annuity.common.client.jaxrpc.beanconverter.jaxrpc2ejb3jaxws",
                        "com.ibm.wssvt.acme.annuity.common.client.jaxrpc.beanconverter.jaxrpc2pojojaxws",
                        "com.ibm.wssvt.acme.annuity.common.client.jaxrpc.ejb2impl",
                        "com.ibm.wssvt.acme.annuity.common.client.jaxrpc.ejb3impl",
                        "com.ibm.wssvt.acme.annuity.common.client.jaxrpc.exception",
                        "com.ibm.wssvt.acme.annuity.common.client.jaxrpc.jaxrpc2ejb3jaxwsimpl",
                        "com.ibm.wssvt.acme.annuity.common.client.jaxrpc.jaxrpc2pojojaxwsimpl",
                        "com.ibm.wssvt.acme.annuity.common.client.jaxrpc.pojoimpl",
                        "com.ibm.wssvt.acme.annuity.common.client.jaxws.beanconverter.jaxws2ejb3jaxrpc",
                        "com.ibm.wssvt.acme.annuity.common.client.jaxws.beanconverter.jaxws2pojojaxrpc",
                        "com.ibm.wssvt.acme.annuity.common.client.jaxws.jaxws2ejb3jaxrpc",
                        "com.ibm.wssvt.acme.annuity.common.client.jaxws.jaxws2pojojaxrpcimpl",
                        "com.ibm.wssvt.acme.annuity.common.client.jaxws.pojoimpl",
                        "com.ibm.wssvt.acme.annuity.common.exception",
                        "com.ibm.wssvt.acme.annuity.common.persistence",
                        "com.ibm.wssvt.acme.annuity.common.persistence.impl.jpasa",
                        "com.ibm.wssvt.acme.annuity.common.servicelookup.ejb2",
                        "com.ibm.wssvt.acme.annuity.common.servicelookup.ejb2xjaxrpc",
                        "com.ibm.wssvt.acme.annuity.common.servicelookup.ejb2xjaxws",
                        "com.ibm.wssvt.acme.annuity.common.servicelookup.ejb3",
                        "com.ibm.wssvt.acme.annuity.common.servicelookup.ejb3.policy",
                        "com.ibm.wssvt.acme.annuity.common.servicelookup.ejb31",
                        "com.ibm.wssvt.acme.annuity.common.servicelookup.ejb3jaxrpc",
                        "com.ibm.wssvt.acme.annuity.common.servicelookup.ejb3mdb",
                        "com.ibm.wssvt.acme.annuity.common.servicelookup.jaxrpc2ejb3jaxws",
                        "com.ibm.wssvt.acme.annuity.common.servicelookup.jaxrpc2pojojaxws",
                        "com.ibm.wssvt.acme.annuity.common.servicelookup.jaxws2ejb3jaxrpc",
                        "com.ibm.wssvt.acme.annuity.common.servicelookup.jaxws2pojojaxrpc",
                        "com.ibm.wssvt.acme.annuity.common.servicelookup.osgi",
                        "com.ibm.wssvt.acme.annuity.common.servicelookup.pojojaxrpc",
                        "com.ibm.wssvt.acme.annuity.common.servicelookup.pojojaxws",
                        "com.ibm.wssvt.acme.annuity.common.util"
                     ],
                     "packageLocation": [
                        "AcmeAnnuityCommon.jar",
                        "AcmeAnnuityJAXWSWebEjbWar_jcdi.war/WEB-INF/lib/AcmeAnnuityJAXRSJcdiCommon.jar"
                     ]
                  },
                  {
                     "conflictingPackages": [
                        "com.ibm.wssvt.acme.annuity.common.business.ejbws.ejb2xjaxrpc"
                     ],
                     "packageLocation": [
                        "AcmeAnnuityCommon.jar",
                        "AcmeAnnuityEJB2xJAXRPC.jar",
                        "AcmeAnnuityJAXWSWebEjbWar_jcdi.war/WEB-INF/lib/AcmeAnnuityJAXRSJcdiCommon.jar"
                     ]
                  },
                  {
                     "conflictingPackages": [
                        "com.ibm.wssvt.acme.annuity.common.business.ejbws.ejb3jaxrpc"
                     ],
                     "packageLocation": [
                        "AcmeAnnuityCommon.jar",
                        "AcmeAnnuityEJB3JAXRPC.jar",
                        "AcmeAnnuityJAXWSWebEjbWar_jcdi.war/WEB-INF/lib/AcmeAnnuityJAXRSJcdiCommon.jar"
                     ]
                  },
                  {
                     "conflictingPackages": [
                        "com.ibm.wssvt.acme.annuity.common.business.jaxrpc.bean",
                        "com.ibm.wssvt.acme.annuity.common.business.jaxrpc.exception"
                     ],
                     "packageLocation": [
                        "AcmeAnnuityCommon.jar",
                        "AcmeAnnuityEJB2xJAXRPC.jar",
                        "AcmeAnnuityEJB3JAXRPC.jar",
                        "AcmeAnnuityJAXWSWebEjbWar_jcdi.war/WEB-INF/lib/AcmeAnnuityJAXRSJcdiCommon.jar"
                     ]
                  }
               ]
            },
            {
               "javaEEandSEClasses": [
                  {
                     "conflictingPackages": [
                        "org.omg.stub.java.lang",
                        "org.omg.stub.javax.ejb"
                     ],
                     "packageLocation": [
                        "AcmeAnnuityEJB2xJAXRPC.jar",
                        "AcmeAnnuityEJB2xStubs.jar"
                     ]
                  }
               ]
            },
            {
               "duplicateWebSphereClasses": [
                  {
                     "conflictingPackages": [
                        "com.ibm.websphere.csi"
                     ],
                     "packageLocation": [
                        "AcmeAnnuityEJB2xJAXRPC.jar",
                        "AcmeAnnuityEJB2xStubs.jar"
                     ]
                  }
               ]
            },
            {
               "openSourceSoftwareClasses": [
               ]
            },
            {
               "archivesNotReferenced": [
                  {
                     "archive": "commons-dbcp-1.2.2.jar",
                     "referencedBy": ""
                  },
                  {
                     "archive": "commons-pool-1.3.jar",
                     "referencedBy": "commons-dbcp-1.2.2.jar"
                  }
               ]
            },
            {
               "missingDependencies": [
                  {
                     "missingDependencies": [
                        "com.ibm.wsspi.security.oauth20.token",
                        "com.ibm.wsspi.wssecurity.platform.token",
                        "org.apache.openjpa.enhance",
                        "org.apache.openjpa.util",
                        "org.apache.wink.common.internal.providers.entity.xml",
                        "org.ietf.jgss"
                     ],
                     "archive": [
                        "AcmeAnnuityCommon.jar",
                        "AcmeAnnuityJAXWSWebEjbWar_jcdi.war/WEB-INF/lib/AcmeAnnuityJAXRSJcdiCommon.jar"
                     ]
                  },
                  {
                     "missingDependencies": [
                        "com.ibm.wssvt.acme.annuity.business.impl.ejb2x"
                     ],
                     "archive": [
                        "AcmeAnnuityEJB2xStubs.jar"
                     ]
                  },
                  {
                     "missingDependencies": [
                        "org.apache.commons.httpclient",
                        "org.apache.commons.httpclient.auth",
                        "org.apache.commons.httpclient.methods",
                        "org.apache.commons.httpclient.params",
                        "org.apache.wink.client",
                        "org.apache.wink.client.handlers",
                        "org.apache.wink.common.model.atom",
                        "org.apache.wink.common.model.wadl",
                        "org.codehaus.jackson.jaxrs",
                        "org.codehaus.jackson.map",
                        "org.codehaus.jackson.xc"
                     ],
                     "archive": [
                        "AcmeAnnuityCommon.jar"
                     ]
                  }
               ]
            },
            {
               "classesWithSystemLevelJVMConfiguration": [
               ]
            },
            {
               "sharedLibraryDependencies": [
               ]
            }
         ],
         "performanceConsiderations": {
            "archivesThatAreCandidatesForMetadataCompleteTrueAttribute": [
               "AcmeAnnuityEJB2xJAXRPC_JMSRouter.jar",
               "AcmeAnnuityEJB3JAXRPC_HTTPRouter.war",
               "AcmeAnnuityEJB3JAXRPC_JMSRouter.jar",
               "AcmeAnnuityEJB3JAXWS_HTTPRouter.war",
               "AcmeAnnuityEJB3JAXWS_JMSRouter.jar",
               "AcmeAnnuityEJB3SingletonJAXWS_HTTPRouter.war",
               "AcmeAnnuityEJB3SingletonJAXWS_JMSRouter.jar"
            ],
            "webModulesWithExcessiveClassFiles": [
            ],
            "webModulesWithExcessiveStaticResources": [
            ]
         },
         "containedArchiveInventory": [
            {
               "archiveName": "/opt/WAS855_RQMAuto_ACME/WAS/profiles/dmgr/config/cells/ndcell/applications/ACMEAnnuityEJBWSes.ear/ACMEAnnuityEJBWSes.ear/AcmeAnnuityCommon.jar",
               "moduleType": "Utility JAR",
               "containedPackages": [
                  "com.ibm.wssvt"
               ]
            },
            {
               "archiveName": "/opt/WAS855_RQMAuto_ACME/WAS/profiles/dmgr/config/cells/ndcell/applications/ACMEAnnuityEJBWSes.ear/ACMEAnnuityEJBWSes.ear/AcmeAnnuityEJB2xJAXRPC.jar",
               "moduleType": "EJB module",
               "moduleVersion": "2.1",
               "metadataComplete": "true",
               "summary": {
                  "servlets": 0,
                  "jsps": 0,
                  "jpaEntities": 0,
                  "bmpEntityBeans": 0,
                  "cmpEntityBeans": 0,
                  "messageDrivenBeans": 0,
                  "singletonSessionBeans": 0,
                  "statefulSessionBeans": 0,
                  "statelessSessionBeans": 1,
                  "jaxrpcConsumers": 0,
                  "jaxrpcProviders": 1,
                  "jaxrsConsumers": 0,
                  "jaxrsProviders": 0,
                  "jaxwsConsumers": 0,
                  "jaxwsProviders": 0
               }
            },
            {
               "archiveName": "/opt/WAS855_RQMAuto_ACME/WAS/profiles/dmgr/config/cells/ndcell/applications/ACMEAnnuityEJBWSes.ear/ACMEAnnuityEJBWSes.ear/AcmeAnnuityEJB2xJAXRPC_HTTPRouter.war",
               "moduleType": "Web module",
               "moduleVersion": "2.4",
               "metadataComplete": "true",
               "archives": {
                  "ejbs": 0,
                  "webFragments": 0,
                  "utilityJars": 0
               },
               "summary": {
                  "servlets": 1,
                  "jsps": 0,
                  "jpaEntities": 0,
                  "bmpEntityBeans": 0,
                  "cmpEntityBeans": 0,
                  "messageDrivenBeans": 0,
                  "singletonSessionBeans": 0,
                  "statefulSessionBeans": 0,
                  "statelessSessionBeans": 0,
                  "jaxrpcConsumers": 0,
                  "jaxrpcProviders": 0,
                  "jaxrsConsumers": 0,
                  "jaxrsProviders": 0,
                  "jaxwsConsumers": 0,
                  "jaxwsProviders": 0
               }
            },
            {
               "archiveName": "/opt/WAS855_RQMAuto_ACME/WAS/profiles/dmgr/config/cells/ndcell/applications/ACMEAnnuityEJBWSes.ear/ACMEAnnuityEJBWSes.ear/AcmeAnnuityEJB2xJAXRPC_JMSRouter.jar",
               "moduleType": "EJB module",
               "moduleVersion": "3.0",
               "metadataComplete": "Unspecified",
               "summary": {
                  "servlets": 0,
                  "jsps": 0,
                  "jpaEntities": 0,
                  "bmpEntityBeans": 0,
                  "cmpEntityBeans": 0,
                  "messageDrivenBeans": 1,
                  "singletonSessionBeans": 0,
                  "statefulSessionBeans": 0,
                  "statelessSessionBeans": 0,
                  "jaxrpcConsumers": 0,
                  "jaxrpcProviders": 0,
                  "jaxrsConsumers": 0,
                  "jaxrsProviders": 0,
                  "jaxwsConsumers": 0,
                  "jaxwsProviders": 0
               }
            },
            {
               "archiveName": "/opt/WAS855_RQMAuto_ACME/WAS/profiles/dmgr/config/cells/ndcell/applications/ACMEAnnuityEJBWSes.ear/ACMEAnnuityEJBWSes.ear/AcmeAnnuityEJB2xStubs.jar",
               "moduleType": "Utility JAR",
               "containedPackages": [
                  "com.ibm.ejs",
                  "com.ibm.websphere",
                  "com.ibm.wssvt",
                  "org.omg.stub"
               ]
            },
            {
               "archiveName": "/opt/WAS855_RQMAuto_ACME/WAS/profiles/dmgr/config/cells/ndcell/applications/ACMEAnnuityEJBWSes.ear/ACMEAnnuityEJBWSes.ear/AcmeAnnuityEJB3JAXRPC.jar",
               "moduleType": "EJB module",
               "moduleVersion": null,
               "metadataComplete": "Unspecified",
               "summary": {
                  "servlets": 0,
                  "jsps": 0,
                  "jpaEntities": 0,
                  "bmpEntityBeans": 0,
                  "cmpEntityBeans": 0,
                  "messageDrivenBeans": 0,
                  "singletonSessionBeans": 0,
                  "statefulSessionBeans": 0,
                  "statelessSessionBeans": 1,
                  "jaxrpcConsumers": 0,
                  "jaxrpcProviders": 1,
                  "jaxrsConsumers": 0,
                  "jaxrsProviders": 0,
                  "jaxwsConsumers": 0,
                  "jaxwsProviders": 0
               }
            },
            {
               "archiveName": "/opt/WAS855_RQMAuto_ACME/WAS/profiles/dmgr/config/cells/ndcell/applications/ACMEAnnuityEJBWSes.ear/ACMEAnnuityEJBWSes.ear/AcmeAnnuityEJB3JAXRPC_HTTPRouter.war",
               "moduleType": "Web module",
               "moduleVersion": "2.5",
               "metadataComplete": "Unspecified",
               "archives": {
                  "ejbs": 0,
                  "webFragments": 0,
                  "utilityJars": 0
               },
               "summary": {
                  "servlets": 1,
                  "jsps": 0,
                  "jpaEntities": 0,
                  "bmpEntityBeans": 0,
                  "cmpEntityBeans": 0,
                  "messageDrivenBeans": 0,
                  "singletonSessionBeans": 0,
                  "statefulSessionBeans": 0,
                  "statelessSessionBeans": 0,
                  "jaxrpcConsumers": 0,
                  "jaxrpcProviders": 0,
                  "jaxrsConsumers": 0,
                  "jaxrsProviders": 0,
                  "jaxwsConsumers": 0,
                  "jaxwsProviders": 0
               }
            },
            {
               "archiveName": "/opt/WAS855_RQMAuto_ACME/WAS/profiles/dmgr/config/cells/ndcell/applications/ACMEAnnuityEJBWSes.ear/ACMEAnnuityEJBWSes.ear/AcmeAnnuityEJB3JAXRPC_JMSRouter.jar",
               "moduleType": "EJB module",
               "moduleVersion": "3.0",
               "metadataComplete": "Unspecified",
               "summary": {
                  "servlets": 0,
                  "jsps": 0,
                  "jpaEntities": 0,
                  "bmpEntityBeans": 0,
                  "cmpEntityBeans": 0,
                  "messageDrivenBeans": 1,
                  "singletonSessionBeans": 0,
                  "statefulSessionBeans": 0,
                  "statelessSessionBeans": 0,
                  "jaxrpcConsumers": 0,
                  "jaxrpcProviders": 0,
                  "jaxrsConsumers": 0,
                  "jaxrsProviders": 0,
                  "jaxwsConsumers": 0,
                  "jaxwsProviders": 0
               }
            },
            {
               "archiveName": "/opt/WAS855_RQMAuto_ACME/WAS/profiles/dmgr/config/cells/ndcell/applications/ACMEAnnuityEJBWSes.ear/ACMEAnnuityEJBWSes.ear/AcmeAnnuityEJB3JAXWS.jar",
               "moduleType": "EJB module",
               "moduleVersion": null,
               "metadataComplete": "Unspecified",
               "summary": {
                  "servlets": 0,
                  "jsps": 0,
                  "jpaEntities": 0,
                  "bmpEntityBeans": 0,
                  "cmpEntityBeans": 0,
                  "messageDrivenBeans": 0,
                  "singletonSessionBeans": 0,
                  "statefulSessionBeans": 0,
                  "statelessSessionBeans": 1,
                  "jaxrpcConsumers": 0,
                  "jaxrpcProviders": 0,
                  "jaxrsConsumers": 0,
                  "jaxrsProviders": 0,
                  "jaxwsConsumers": 1,
                  "jaxwsProviders": 1
               }
            },
            {
               "archiveName": "/opt/WAS855_RQMAuto_ACME/WAS/profiles/dmgr/config/cells/ndcell/applications/ACMEAnnuityEJBWSes.ear/ACMEAnnuityEJBWSes.ear/AcmeAnnuityEJB3JAXWS_HTTPRouter.war",
               "moduleType": "Web module",
               "moduleVersion": "2.5",
               "metadataComplete": "Unspecified",
               "archives": {
                  "ejbs": 0,
                  "webFragments": 0,
                  "utilityJars": 0
               },
               "summary": {
                  "servlets": 1,
                  "jsps": 0,
                  "jpaEntities": 0,
                  "bmpEntityBeans": 0,
                  "cmpEntityBeans": 0,
                  "messageDrivenBeans": 0,
                  "singletonSessionBeans": 0,
                  "statefulSessionBeans": 0,
                  "statelessSessionBeans": 0,
                  "jaxrpcConsumers": 0,
                  "jaxrpcProviders": 0,
                  "jaxrsConsumers": 0,
                  "jaxrsProviders": 0,
                  "jaxwsConsumers": 0,
                  "jaxwsProviders": 0
               }
            },
            {
               "archiveName": "/opt/WAS855_RQMAuto_ACME/WAS/profiles/dmgr/config/cells/ndcell/applications/ACMEAnnuityEJBWSes.ear/ACMEAnnuityEJBWSes.ear/AcmeAnnuityEJB3JAXWS_JMSRouter.jar",
               "moduleType": "EJB module",
               "moduleVersion": "3.0",
               "metadataComplete": "Unspecified",
               "summary": {
                  "servlets": 0,
                  "jsps": 0,
                  "jpaEntities": 0,
                  "bmpEntityBeans": 0,
                  "cmpEntityBeans": 0,
                  "messageDrivenBeans": 1,
                  "singletonSessionBeans": 0,
                  "statefulSessionBeans": 0,
                  "statelessSessionBeans": 0,
                  "jaxrpcConsumers": 0,
                  "jaxrpcProviders": 0,
                  "jaxrsConsumers": 0,
                  "jaxrsProviders": 0,
                  "jaxwsConsumers": 0,
                  "jaxwsProviders": 0
               }
            },
            {
               "archiveName": "/opt/WAS855_RQMAuto_ACME/WAS/profiles/dmgr/config/cells/ndcell/applications/ACMEAnnuityEJBWSes.ear/ACMEAnnuityEJBWSes.ear/AcmeAnnuityEJB3SingletonJAXWS.jar",
               "moduleType": "EJB module",
               "moduleVersion": "3.1",
               "metadataComplete": "Unspecified",
               "summary": {
                  "servlets": 0,
                  "jsps": 0,
                  "jpaEntities": 0,
                  "bmpEntityBeans": 0,
                  "cmpEntityBeans": 0,
                  "messageDrivenBeans": 0,
                  "singletonSessionBeans": 1,
                  "statefulSessionBeans": 0,
                  "statelessSessionBeans": 0,
                  "jaxrpcConsumers": 0,
                  "jaxrpcProviders": 0,
                  "jaxrsConsumers": 0,
                  "jaxrsProviders": 0,
                  "jaxwsConsumers": 1,
                  "jaxwsProviders": 1
               }
            },
            {
               "archiveName": "/opt/WAS855_RQMAuto_ACME/WAS/profiles/dmgr/config/cells/ndcell/applications/ACMEAnnuityEJBWSes.ear/ACMEAnnuityEJBWSes.ear/AcmeAnnuityEJB3SingletonJAXWS_HTTPRouter.war",
               "moduleType": "Web module",
               "moduleVersion": "3.0",
               "metadataComplete": "Unspecified",
               "archives": {
                  "ejbs": 0,
                  "webFragments": 0,
                  "utilityJars": 0
               },
               "summary": {
                  "servlets": 1,
                  "jsps": 0,
                  "jpaEntities": 0,
                  "bmpEntityBeans": 0,
                  "cmpEntityBeans": 0,
                  "messageDrivenBeans": 0,
                  "singletonSessionBeans": 0,
                  "statefulSessionBeans": 0,
                  "statelessSessionBeans": 0,
                  "jaxrpcConsumers": 0,
                  "jaxrpcProviders": 0,
                  "jaxrsConsumers": 0,
                  "jaxrsProviders": 0,
                  "jaxwsConsumers": 0,
                  "jaxwsProviders": 0
               }
            },
            {
               "archiveName": "/opt/WAS855_RQMAuto_ACME/WAS/profiles/dmgr/config/cells/ndcell/applications/ACMEAnnuityEJBWSes.ear/ACMEAnnuityEJBWSes.ear/AcmeAnnuityEJB3SingletonJAXWS_JMSRouter.jar",
               "moduleType": "EJB module",
               "moduleVersion": "3.0",
               "metadataComplete": "Unspecified",
               "summary": {
                  "servlets": 0,
                  "jsps": 0,
                  "jpaEntities": 0,
                  "bmpEntityBeans": 0,
                  "cmpEntityBeans": 0,
                  "messageDrivenBeans": 1,
                  "singletonSessionBeans": 0,
                  "statefulSessionBeans": 0,
                  "statelessSessionBeans": 0,
                  "jaxrpcConsumers": 0,
                  "jaxrpcProviders": 0,
                  "jaxrsConsumers": 0,
                  "jaxrsProviders": 0,
                  "jaxwsConsumers": 0,
                  "jaxwsProviders": 0
               }
            },
            {
               "archiveName": "/opt/WAS855_RQMAuto_ACME/WAS/profiles/dmgr/config/cells/ndcell/applications/ACMEAnnuityEJBWSes.ear/ACMEAnnuityEJBWSes.ear/AcmeAnnuityEJB3Stubs.jar",
               "moduleType": "Utility JAR",
               "containedPackages": [
                  "com.ibm.wssvt"
               ]
            },
            {
               "archiveName": "/opt/WAS855_RQMAuto_ACME/WAS/profiles/dmgr/config/cells/ndcell/applications/ACMEAnnuityEJBWSes.ear/ACMEAnnuityEJBWSes.ear/AcmeAnnuityJAXWSWebEjbWar.war",
               "moduleType": "Web module",
               "moduleVersion": "3.0",
               "metadataComplete": "Unspecified",
               "archives": {
                  "ejbs": 2,
                  "webFragments": 0,
                  "utilityJars": 0
               },
               "summary": {
                  "servlets": 0,
                  "jsps": 0,
                  "jpaEntities": 0,
                  "bmpEntityBeans": 0,
                  "cmpEntityBeans": 0,
                  "messageDrivenBeans": 0,
                  "singletonSessionBeans": 1,
                  "statefulSessionBeans": 0,
                  "statelessSessionBeans": 1,
                  "jaxrpcConsumers": 0,
                  "jaxrpcProviders": 0,
                  "jaxrsConsumers": 0,
                  "jaxrsProviders": 0,
                  "jaxwsConsumers": 2,
                  "jaxwsProviders": 2
               },
               "containedArchiveInventory": [
                  {
                     "archiveName": "/opt/WAS855_RQMAuto_ACME/WAS/profiles/dmgr/config/cells/ndcell/applications/ACMEAnnuityEJBWSes.ear/ACMEAnnuityEJBWSes.ear/AcmeAnnuityJAXWSWebEjbWar.war/WEB-INF/lib/AcmeAnnuityEJB3JAXWS.jar",
                     "moduleType": "EJB module",
                     "moduleVersion": null,
                     "metadataComplete": "Unspecified",
                     "summary": {
                        "servlets": 0,
                        "jsps": 0,
                        "jpaEntities": 0,
                        "bmpEntityBeans": 0,
                        "cmpEntityBeans": 0,
                        "messageDrivenBeans": 0,
                        "singletonSessionBeans": 0,
                        "statefulSessionBeans": 0,
                        "statelessSessionBeans": 1,
                        "jaxrpcConsumers": 0,
                        "jaxrpcProviders": 0,
                        "jaxrsConsumers": 0,
                        "jaxrsProviders": 0,
                        "jaxwsConsumers": 1,
                        "jaxwsProviders": 1
                     }
                  },
                  {
                     "archiveName": "/opt/WAS855_RQMAuto_ACME/WAS/profiles/dmgr/config/cells/ndcell/applications/ACMEAnnuityEJBWSes.ear/ACMEAnnuityEJBWSes.ear/AcmeAnnuityJAXWSWebEjbWar.war/WEB-INF/lib/AcmeAnnuityEJB3SingletonJAXWS.jar",
                     "moduleType": "EJB module",
                     "moduleVersion": "3.1",
                     "metadataComplete": "Ignored",
                     "summary": {
                        "servlets": 0,
                        "jsps": 0,
                        "jpaEntities": 0,
                        "bmpEntityBeans": 0,
                        "cmpEntityBeans": 0,
                        "messageDrivenBeans": 0,
                        "singletonSessionBeans": 1,
                        "statefulSessionBeans": 0,
                        "statelessSessionBeans": 0,
                        "jaxrpcConsumers": 0,
                        "jaxrpcProviders": 0,
                        "jaxrsConsumers": 0,
                        "jaxrsProviders": 0,
                        "jaxwsConsumers": 1,
                        "jaxwsProviders": 1
                     }
                  }
               ]
            },
            {
               "archiveName": "/opt/WAS855_RQMAuto_ACME/WAS/profiles/dmgr/config/cells/ndcell/applications/ACMEAnnuityEJBWSes.ear/ACMEAnnuityEJBWSes.ear/AcmeAnnuityJAXWSWebEjbWar_jcdi.war",
               "moduleType": "Web module",
               "moduleVersion": "3.0",
               "metadataComplete": "Unspecified",
               "archives": {
                  "ejbs": 1,
                  "webFragments": 0,
                  "utilityJars": 1
               },
               "summary": {
                  "servlets": 0,
                  "jsps": 0,
                  "jpaEntities": 23,
                  "bmpEntityBeans": 0,
                  "cmpEntityBeans": 0,
                  "messageDrivenBeans": 0,
                  "singletonSessionBeans": 0,
                  "statefulSessionBeans": 0,
                  "statelessSessionBeans": 1,
                  "jaxrpcConsumers": 0,
                  "jaxrpcProviders": 0,
                  "jaxrsConsumers": 0,
                  "jaxrsProviders": 1,
                  "jaxwsConsumers": 6,
                  "jaxwsProviders": 1
               },
               "containedArchiveInventory": [
                  {
                     "archiveName": "/opt/WAS855_RQMAuto_ACME/WAS/profiles/dmgr/config/cells/ndcell/applications/ACMEAnnuityEJBWSes.ear/ACMEAnnuityEJBWSes.ear/AcmeAnnuityJAXWSWebEjbWar_jcdi.war/WEB-INF/lib/AcmeAnnuityEJB3JAXWS_jcdi.jar",
                     "moduleType": "EJB module",
                     "moduleVersion": null,
                     "metadataComplete": "Unspecified",
                     "summary": {
                        "servlets": 0,
                        "jsps": 0,
                        "jpaEntities": 0,
                        "bmpEntityBeans": 0,
                        "cmpEntityBeans": 0,
                        "messageDrivenBeans": 0,
                        "singletonSessionBeans": 0,
                        "statefulSessionBeans": 0,
                        "statelessSessionBeans": 1,
                        "jaxrpcConsumers": 0,
                        "jaxrpcProviders": 0,
                        "jaxrsConsumers": 0,
                        "jaxrsProviders": 0,
                        "jaxwsConsumers": 1,
                        "jaxwsProviders": 1
                     }
                  },
                  {
                     "archiveName": "/opt/WAS855_RQMAuto_ACME/WAS/profiles/dmgr/config/cells/ndcell/applications/ACMEAnnuityEJBWSes.ear/ACMEAnnuityEJBWSes.ear/AcmeAnnuityJAXWSWebEjbWar_jcdi.war/WEB-INF/lib/AcmeAnnuityJAXRSJcdiCommon.jar",
                     "moduleType": "Utility JAR",
                     "containedPackages": [
                        "com.ibm.wssvt"
                     ]
                  }
               ]
            },
            {
               "archiveName": "/opt/WAS855_RQMAuto_ACME/WAS/profiles/dmgr/config/cells/ndcell/applications/ACMEAnnuityEJBWSes.ear/ACMEAnnuityEJBWSes.ear/AcmeCommon.jar",
               "moduleType": "Utility JAR",
               "containedPackages": [
                  "com.ibm.wssvt"
               ]
            },
            {
               "archiveName": "/opt/WAS855_RQMAuto_ACME/WAS/profiles/dmgr/config/cells/ndcell/applications/ACMEAnnuityEJBWSes.ear/ACMEAnnuityEJBWSes.ear/commons-dbcp-1.2.2.jar",
               "moduleType": "Utility JAR",
               "containedPackages": [
                  "org.apache.commons"
               ]
            },
            {
               "archiveName": "/opt/WAS855_RQMAuto_ACME/WAS/profiles/dmgr/config/cells/ndcell/applications/ACMEAnnuityEJBWSes.ear/ACMEAnnuityEJBWSes.ear/commons-pool-1.3.jar",
               "moduleType": "Utility JAR",
               "containedPackages": [
                  "org.apache.commons"
               ]
            }
         ]
      }
   ],
   "sharedLibraryDetails": [
   ]
}