{
   "report": "inventory",
   "version": "2.3",
   "productVersion": "9.0",
   "productRelease": "18.0.0.1",
   "options": [
      "--excludePackages=com.ibm.websphere,com.ibm.ws,com.ibm.db2,com.informix,com.microsoft,com.sybase,com.sun,java,javax,net,oracle,org,sqlj,_ibmjsp"
   ],
   "applications": [
      "/opt/WAS855_RQMAuto_ACME/WAS/profiles/dmgr/config/cells/ndcell/applications/ACMEAnnuityWeb.ear/ACMEAnnuityWeb.ear"
   ],
   "sharedLibraries": [
   ],
   "archives": {
      "ears": 1,
      "wars": 4,
      "rars": 0,
      "ejbs": 0,
      "webFragments": 0,
      "utilityJars": 15,
      "appClients": 0
   },
   "summary": {
      "servlets": 4,
      "jsps": 32,
      "jpaEntities": 23,
      "bmpEntityBeans": 0,
      "cmpEntityBeans": 0,
      "messageDrivenBeans": 0,
      "singletonSessionBeans": 0,
      "statefulSessionBeans": 0,
      "statelessSessionBeans": 0,
      "jaxrpcConsumers": 9,
      "jaxrpcProviders": 0,
      "jaxrsConsumers": 0,
      "jaxrsProviders": 1,
      "jaxwsConsumers": 8,
      "jaxwsProviders": 0
   },
   "archiveInventory": [
      {
         "archiveName": "/opt/WAS855_RQMAuto_ACME/WAS/profiles/dmgr/config/cells/ndcell/applications/ACMEAnnuityWeb.ear/ACMEAnnuityWeb.ear",
         "moduleType": "Enterprise archive",
         "moduleVersion": "5",
         "metadataComplete": null,
         "archives": {
            "wars": 4,
            "rars": 0,
            "ejbs": 0,
            "utilityJars": 15,
            "appClients": 0
         },
         "summary": {
            "servlets": 4,
            "jsps": 32,
            "jpaEntities": 23,
            "bmpEntityBeans": 0,
            "cmpEntityBeans": 0,
            "messageDrivenBeans": 0,
            "singletonSessionBeans": 0,
            "statefulSessionBeans": 0,
            "statelessSessionBeans": 0,
            "jaxrpcConsumers": 9,
            "jaxrpcProviders": 0,
            "jaxrsConsumers": 0,
            "jaxrsProviders": 1,
            "jaxwsConsumers": 8,
            "jaxwsProviders": 0
         },
         "potentialDeploymentProblemsSummary": {
            "archivesContainingDuplicateClasses": 4,
            "archivesContainingJavaEEorSEClasses": 2,
            "archivesContainingConflictingOpenSourceSoftwareClasses": 2,
            "archivesContainingWebSphereClasses": 2,
            "archivesNotReferencedInTheApplication": 7,
            "archivesWithMissingDependenciesInTheApplication": 7,
            "classesWithSystemLevelJVMConfiguration": 0,
            "sharedLibrariesReferencingApplicationClasses": 0
         },
         "potentialDeploymentProblemsDetails": [
            {
               "duplicateClassesWithinClassLoader": [
                  {
                     "conflictingPackages": [
                        "com.ibm.ejs.container",
                        "com.ibm.websphere.csi",
                        "org.omg.stub.java.lang",
                        "org.omg.stub.javax.ejb"
                     ],
                     "packageLocation": [
                        "AcmeAnnuityEJB2xJAXRPCStubs.jar",
                        "AcmeAnnuityEJB2xStubs.jar"
                     ]
                  },
                  {
                     "conflictingPackages": [
                        "com.ibm.wssvt.acme.annuity.common.business.ejb30",
                        "com.ibm.wssvt.acme.annuity.common.business.ejb30.policy"
                     ],
                     "packageLocation": [
                        "AcmeAnnuityCommon.jar",
                        "AcmeAnnuityEJB3Stubs.jar"
                     ]
                  },
                  {
                     "conflictingPackages": [
                        "com.ibm.wssvt.acme.annuity.common.business.ejbws.ejb2xjaxrpc"
                     ],
                     "packageLocation": [
                        "AcmeAnnuityCommon.jar",
                        "AcmeAnnuityEJB2xJAXRPCStubs.jar"
                     ]
                  }
               ]
            },
            {
               "duplicateClassesAcrossApplication": [
               ]
            },
            {
               "javaEEandSEClasses": [
                  {
                     "conflictingPackages": [
                        "org.omg.stub.java.lang",
                        "org.omg.stub.javax.ejb"
                     ],
                     "packageLocation": [
                        "AcmeAnnuityEJB2xJAXRPCStubs.jar",
                        "AcmeAnnuityEJB2xStubs.jar"
                     ]
                  }
               ]
            },
            {
               "duplicateWebSphereClasses": [
                  {
                     "conflictingPackages": [
                        "com.ibm.websphere.csi"
                     ],
                     "packageLocation": [
                        "AcmeAnnuityEJB2xJAXRPCStubs.jar",
                        "AcmeAnnuityEJB2xStubs.jar"
                     ]
                  }
               ]
            },
            {
               "openSourceSoftwareClasses": [
                  {
                     "conflictingPackages": [
                        "org.apache.commons.logging",
                        "org.apache.commons.logging.impl"
                     ],
                     "packageLocation": [
                        "AcmeAnnuityWeb.war/WEB-INF/lib/commons-logging-1.0.4.jar"
                     ],
                     "appliesTo": [
                        "V8.5.5",
                        "V9.0"
                     ]
                  },
                  {
                     "conflictingPackages": [
                        "org.apache.wink.common.model.json",
                        "org.apache.wink.common.model.json.impl"
                     ],
                     "packageLocation": [
                        "AcmeAnnuityOAuthWeb.war/WEB-INF/lib/JSON4J_Apache.jar"
                     ],
                     "appliesTo": [
                        "V8.5.5",
                        "V9.0",
                        "Liberty"
                     ]
                  }
               ]
            },
            {
               "archivesNotReferenced": [
                  {
                     "archive": "AcmeAnnuityEJB3JAXRPCStubs.jar",
                     "referencedBy": ""
                  },
                  {
                     "archive": "AcmeAnnuityEJB3JAXWStubs.jar",
                     "referencedBy": ""
                  },
                  {
                     "archive": "AcmeAnnuityOAuthWeb.war/WEB-INF/lib/JSON4J_Apache.jar",
                     "referencedBy": ""
                  },
                  {
                     "archive": "AcmeAnnuityWeb.war/WEB-INF/lib/freemarker-2.3.8.jar",
                     "referencedBy": "AcmeAnnuityWeb.war/WEB-INF/lib/struts2-core-2.0.14.jar"
                  },
                  {
                     "archive": "AcmeAnnuityWeb.war/WEB-INF/lib/struts2-core-2.0.14.jar",
                     "referencedBy": ""
                  },
                  {
                     "archive": "commons-dbcp-1.2.2.jar",
                     "referencedBy": ""
                  },
                  {
                     "archive": "commons-pool-1.3.jar",
                     "referencedBy": "commons-dbcp-1.2.2.jar"
                  }
               ]
            },
            {
               "missingDependencies": [
                  {
                     "missingDependencies": [
                        "com.ibm.wsspi.security.oauth20.token",
                        "com.ibm.wsspi.wssecurity.platform.token",
                        "com.ibm.wsspi.wssecurity.saml.data",
                        "org.apache.commons.httpclient",
                        "org.apache.commons.httpclient.auth",
                        "org.apache.commons.httpclient.methods",
                        "org.apache.commons.httpclient.params",
                        "org.apache.openjpa.enhance",
                        "org.apache.openjpa.util",
                        "org.apache.wink.client",
                        "org.apache.wink.client.handlers",
                        "org.apache.wink.common.internal.providers.entity.xml",
                        "org.apache.wink.common.model.atom",
                        "org.apache.wink.common.model.wadl",
                        "org.codehaus.jackson.jaxrs",
                        "org.codehaus.jackson.map",
                        "org.codehaus.jackson.xc",
                        "org.ietf.jgss"
                     ],
                     "archive": [
                        "AcmeAnnuityCommon.jar"
                     ]
                  },
                  {
                     "missingDependencies": [
                        "com.ibm.wssvt.acme.annuity.business.impl.ejb2x"
                     ],
                     "archive": [
                        "AcmeAnnuityEJB2xStubs.jar"
                     ]
                  },
                  {
                     "missingDependencies": [
                        "com.ibm.wssvt.acme.annuity.business.impl.ejbws.ejb2xjaxrpc"
                     ],
                     "archive": [
                        "AcmeAnnuityEJB2xJAXRPCStubs.jar"
                     ]
                  },
                  {
                     "missingDependencies": [
                        "junit.framework",
                        "org.springframework.beans",
                        "org.springframework.beans.factory",
                        "org.springframework.beans.factory.config",
                        "org.springframework.beans.factory.support",
                        "org.springframework.context",
                        "org.springframework.context.support",
                        "org.springframework.web.context"
                     ],
                     "archive": [
                        "AcmeAnnuityWeb.war/WEB-INF/lib/xwork-2.0.7.jar"
                     ]
                  },
                  {
                     "missingDependencies": [
                        "org.apache.avalon.framework.logger"
                     ],
                     "archive": [
                        "AcmeAnnuityWeb.war/WEB-INF/lib/commons-logging-1.0.4.jar"
                     ]
                  },
                  {
                     "missingDependencies": [
                        "org.apache.commons.fileupload",
                        "org.apache.commons.fileupload.disk",
                        "org.apache.commons.fileupload.servlet",
                        "org.apache.velocity",
                        "org.apache.velocity.app",
                        "org.apache.velocity.context",
                        "org.apache.velocity.exception",
                        "org.apache.velocity.runtime.directive",
                        "org.apache.velocity.runtime.parser.node",
                        "org.apache.velocity.runtime.resource.loader",
                        "org.apache.velocity.tools.view",
                        "org.apache.velocity.tools.view.context",
                        "org.apache.velocity.tools.view.servlet",
                        "org.springframework.mock.web",
                        "uk.ltd.getahead.dwr"
                     ],
                     "archive": [
                        "AcmeAnnuityWeb.war/WEB-INF/lib/struts2-core-2.0.14.jar"
                     ]
                  },
                  {
                     "missingDependencies": [
                        "org.apache.log",
                        "org.apache.log4j"
                     ],
                     "archive": [
                        "AcmeAnnuityWeb.war/WEB-INF/lib/freemarker-2.3.8.jar",
                        "AcmeAnnuityWeb.war/WEB-INF/lib/commons-logging-1.0.4.jar"
                     ]
                  },
                  {
                     "missingDependencies": [
                        "org.apache.tools.ant",
                        "org.apache.tools.ant.taskdefs",
                        "org.apache.xml.utils",
                        "org.apache.xpath",
                        "org.apache.xpath.objects",
                        "org.dom4j",
                        "org.dom4j.tree",
                        "org.jaxen",
                        "org.jaxen.dom",
                        "org.jaxen.dom4j",
                        "org.jaxen.jdom",
                        "org.jdom",
                        "org.jdom.input",
                        "org.jdom.output",
                        "org.mozilla.javascript",
                        "org.python.core",
                        "org.python.util"
                     ],
                     "archive": [
                        "AcmeAnnuityWeb.war/WEB-INF/lib/freemarker-2.3.8.jar"
                     ]
                  },
                  {
                     "missingDependencies": [
                        "org.testng.annotations"
                     ],
                     "archive": [
                        "AcmeAnnuityWeb.war/WEB-INF/lib/xwork-2.0.7.jar",
                        "AcmeAnnuityWeb.war/WEB-INF/lib/struts2-core-2.0.14.jar"
                     ]
                  }
               ]
            },
            {
               "classesWithSystemLevelJVMConfiguration": [
               ]
            },
            {
               "sharedLibraryDependencies": [
               ]
            }
         ],
         "performanceConsiderations": {
            "archivesThatAreCandidatesForMetadataCompleteTrueAttribute": [
               "AcmeAnnuityOAuthTableWeb.war",
               "AcmeAnnuitySAMLWeb.war"
            ],
            "webModulesWithExcessiveClassFiles": [
            ],
            "webModulesWithExcessiveStaticResources": [
            ]
         },
         "containedArchiveInventory": [
            {
               "archiveName": "/opt/WAS855_RQMAuto_ACME/WAS/profiles/dmgr/config/cells/ndcell/applications/ACMEAnnuityWeb.ear/ACMEAnnuityWeb.ear/AcmeAnnuityCommon.jar",
               "moduleType": "Utility JAR",
               "containedPackages": [
                  "com.ibm.wssvt"
               ]
            },
            {
               "archiveName": "/opt/WAS855_RQMAuto_ACME/WAS/profiles/dmgr/config/cells/ndcell/applications/ACMEAnnuityWeb.ear/ACMEAnnuityWeb.ear/AcmeAnnuityEJB2xJAXRPCStubs.jar",
               "moduleType": "Utility JAR",
               "containedPackages": [
                  "com.ibm.ejs",
                  "com.ibm.websphere",
                  "com.ibm.wssvt",
                  "org.omg.stub"
               ]
            },
            {
               "archiveName": "/opt/WAS855_RQMAuto_ACME/WAS/profiles/dmgr/config/cells/ndcell/applications/ACMEAnnuityWeb.ear/ACMEAnnuityWeb.ear/AcmeAnnuityEJB2xStubs.jar",
               "moduleType": "Utility JAR",
               "containedPackages": [
                  "com.ibm.ejs",
                  "com.ibm.websphere",
                  "com.ibm.wssvt",
                  "org.omg.stub"
               ]
            },
            {
               "archiveName": "/opt/WAS855_RQMAuto_ACME/WAS/profiles/dmgr/config/cells/ndcell/applications/ACMEAnnuityWeb.ear/ACMEAnnuityWeb.ear/AcmeAnnuityEJB3JAXRPCStubs.jar",
               "moduleType": "Utility JAR",
               "containedPackages": [
                  "com.ibm.wssvt"
               ]
            },
            {
               "archiveName": "/opt/WAS855_RQMAuto_ACME/WAS/profiles/dmgr/config/cells/ndcell/applications/ACMEAnnuityWeb.ear/ACMEAnnuityWeb.ear/AcmeAnnuityEJB3JAXWStubs.jar",
               "moduleType": "Utility JAR",
               "containedPackages": [
                  "com.ibm.wssvt"
               ]
            },
            {
               "archiveName": "/opt/WAS855_RQMAuto_ACME/WAS/profiles/dmgr/config/cells/ndcell/applications/ACMEAnnuityWeb.ear/ACMEAnnuityWeb.ear/AcmeAnnuityEJB3Stubs.jar",
               "moduleType": "Utility JAR",
               "containedPackages": [
                  "com.ibm.wssvt"
               ]
            },
            {
               "archiveName": "/opt/WAS855_RQMAuto_ACME/WAS/profiles/dmgr/config/cells/ndcell/applications/ACMEAnnuityWeb.ear/ACMEAnnuityWeb.ear/AcmeAnnuityOAuthTableWeb.war",
               "moduleType": "Web module",
               "moduleVersion": "2.5",
               "metadataComplete": "false",
               "archives": {
                  "ejbs": 0,
                  "webFragments": 0,
                  "utilityJars": 0
               },
               "summary": {
                  "servlets": 0,
                  "jsps": 3,
                  "jpaEntities": 0,
                  "bmpEntityBeans": 0,
                  "cmpEntityBeans": 0,
                  "messageDrivenBeans": 0,
                  "singletonSessionBeans": 0,
                  "statefulSessionBeans": 0,
                  "statelessSessionBeans": 0,
                  "jaxrpcConsumers": 0,
                  "jaxrpcProviders": 0,
                  "jaxrsConsumers": 0,
                  "jaxrsProviders": 0,
                  "jaxwsConsumers": 0,
                  "jaxwsProviders": 0
               }
            },
            {
               "archiveName": "/opt/WAS855_RQMAuto_ACME/WAS/profiles/dmgr/config/cells/ndcell/applications/ACMEAnnuityWeb.ear/ACMEAnnuityWeb.ear/AcmeAnnuityOAuthWeb.war",
               "moduleType": "Web module",
               "moduleVersion": "2.5",
               "metadataComplete": "false",
               "archives": {
                  "ejbs": 0,
                  "webFragments": 0,
                  "utilityJars": 1
               },
               "summary": {
                  "servlets": 1,
                  "jsps": 6,
                  "jpaEntities": 0,
                  "bmpEntityBeans": 0,
                  "cmpEntityBeans": 0,
                  "messageDrivenBeans": 0,
                  "singletonSessionBeans": 0,
                  "statefulSessionBeans": 0,
                  "statelessSessionBeans": 0,
                  "jaxrpcConsumers": 3,
                  "jaxrpcProviders": 0,
                  "jaxrsConsumers": 0,
                  "jaxrsProviders": 0,
                  "jaxwsConsumers": 1,
                  "jaxwsProviders": 0
               },
               "containedArchiveInventory": [
                  {
                     "archiveName": "/opt/WAS855_RQMAuto_ACME/WAS/profiles/dmgr/config/cells/ndcell/applications/ACMEAnnuityWeb.ear/ACMEAnnuityWeb.ear/AcmeAnnuityOAuthWeb.war/WEB-INF/lib/JSON4J_Apache.jar",
                     "moduleType": "Utility JAR",
                     "containedPackages": [
                        "org.apache.commons",
                        "org.apache.wink"
                     ]
                  }
               ]
            },
            {
               "archiveName": "/opt/WAS855_RQMAuto_ACME/WAS/profiles/dmgr/config/cells/ndcell/applications/ACMEAnnuityWeb.ear/ACMEAnnuityWeb.ear/AcmeAnnuitySAMLWeb.war",
               "moduleType": "Web module",
               "moduleVersion": "2.5",
               "metadataComplete": "false",
               "archives": {
                  "ejbs": 0,
                  "webFragments": 0,
                  "utilityJars": 0
               },
               "summary": {
                  "servlets": 2,
                  "jsps": 6,
                  "jpaEntities": 0,
                  "bmpEntityBeans": 0,
                  "cmpEntityBeans": 0,
                  "messageDrivenBeans": 0,
                  "singletonSessionBeans": 0,
                  "statefulSessionBeans": 0,
                  "statelessSessionBeans": 0,
                  "jaxrpcConsumers": 3,
                  "jaxrpcProviders": 0,
                  "jaxrsConsumers": 0,
                  "jaxrsProviders": 0,
                  "jaxwsConsumers": 1,
                  "jaxwsProviders": 0
               }
            },
            {
               "archiveName": "/opt/WAS855_RQMAuto_ACME/WAS/profiles/dmgr/config/cells/ndcell/applications/ACMEAnnuityWeb.ear/ACMEAnnuityWeb.ear/AcmeAnnuityWeb.war",
               "moduleType": "Web module",
               "moduleVersion": "2.5",
               "metadataComplete": "false",
               "archives": {
                  "ejbs": 0,
                  "webFragments": 0,
                  "utilityJars": 5
               },
               "summary": {
                  "servlets": 1,
                  "jsps": 17,
                  "jpaEntities": 0,
                  "bmpEntityBeans": 0,
                  "cmpEntityBeans": 0,
                  "messageDrivenBeans": 0,
                  "singletonSessionBeans": 0,
                  "statefulSessionBeans": 0,
                  "statelessSessionBeans": 0,
                  "jaxrpcConsumers": 3,
                  "jaxrpcProviders": 0,
                  "jaxrsConsumers": 0,
                  "jaxrsProviders": 0,
                  "jaxwsConsumers": 1,
                  "jaxwsProviders": 0
               },
               "containedArchiveInventory": [
                  {
                     "archiveName": "/opt/WAS855_RQMAuto_ACME/WAS/profiles/dmgr/config/cells/ndcell/applications/ACMEAnnuityWeb.ear/ACMEAnnuityWeb.ear/AcmeAnnuityWeb.war/WEB-INF/lib/commons-logging-1.0.4.jar",
                     "moduleType": "Utility JAR",
                     "containedPackages": [
                        "org.apache.commons"
                     ]
                  },
                  {
                     "archiveName": "/opt/WAS855_RQMAuto_ACME/WAS/profiles/dmgr/config/cells/ndcell/applications/ACMEAnnuityWeb.ear/ACMEAnnuityWeb.ear/AcmeAnnuityWeb.war/WEB-INF/lib/freemarker-2.3.8.jar",
                     "moduleType": "Utility JAR",
                     "containedPackages": [
                        "freemarker.cache",
                        "freemarker.core",
                        "freemarker.debug",
                        "freemarker.debug.impl",
                        "freemarker.ext.ant",
                        "freemarker.ext.beans",
                        "freemarker.ext.dom",
                        "freemarker.ext.jdom",
                        "freemarker.ext.jsp",
                        "freemarker.ext.jython",
                        "freemarker.ext.rhino",
                        "freemarker.ext.servlet",
                        "freemarker.ext.util",
                        "freemarker.ext.xml",
                        "freemarker.log",
                        "freemarker.template",
                        "freemarker.template.utility"
                     ]
                  },
                  {
                     "archiveName": "/opt/WAS855_RQMAuto_ACME/WAS/profiles/dmgr/config/cells/ndcell/applications/ACMEAnnuityWeb.ear/ACMEAnnuityWeb.ear/AcmeAnnuityWeb.war/WEB-INF/lib/ognl-2.6.11.jar",
                     "moduleType": "Utility JAR",
                     "containedPackages": [
                        "ognl"
                     ]
                  },
                  {
                     "archiveName": "/opt/WAS855_RQMAuto_ACME/WAS/profiles/dmgr/config/cells/ndcell/applications/ACMEAnnuityWeb.ear/ACMEAnnuityWeb.ear/AcmeAnnuityWeb.war/WEB-INF/lib/struts2-core-2.0.14.jar",
                     "moduleType": "Utility JAR",
                     "containedPackages": [
                        "org.apache.struts2"
                     ]
                  },
                  {
                     "archiveName": "/opt/WAS855_RQMAuto_ACME/WAS/profiles/dmgr/config/cells/ndcell/applications/ACMEAnnuityWeb.ear/ACMEAnnuityWeb.ear/AcmeAnnuityWeb.war/WEB-INF/lib/xwork-2.0.7.jar",
                     "moduleType": "Utility JAR",
                     "containedPackages": [
                        "com.opensymphony.xwork2"
                     ]
                  }
               ]
            },
            {
               "archiveName": "/opt/WAS855_RQMAuto_ACME/WAS/profiles/dmgr/config/cells/ndcell/applications/ACMEAnnuityWeb.ear/ACMEAnnuityWeb.ear/AcmeCommon.jar",
               "moduleType": "Utility JAR",
               "containedPackages": [
                  "com.ibm.wssvt"
               ]
            },
            {
               "archiveName": "/opt/WAS855_RQMAuto_ACME/WAS/profiles/dmgr/config/cells/ndcell/applications/ACMEAnnuityWeb.ear/ACMEAnnuityWeb.ear/commons-dbcp-1.2.2.jar",
               "moduleType": "Utility JAR",
               "containedPackages": [
                  "org.apache.commons"
               ]
            },
            {
               "archiveName": "/opt/WAS855_RQMAuto_ACME/WAS/profiles/dmgr/config/cells/ndcell/applications/ACMEAnnuityWeb.ear/ACMEAnnuityWeb.ear/commons-pool-1.3.jar",
               "moduleType": "Utility JAR",
               "containedPackages": [
                  "org.apache.commons"
               ]
            }
         ]
      }
   ],
   "sharedLibraryDetails": [
   ]
}