{
   "report": "inventory",
   "version": "2.3",
   "productVersion": "9.0",
   "productRelease": "18.0.0.1",
   "options": [
      "--excludePackages=com.ibm.websphere,com.ibm.ws,com.ibm.db2,com.informix,com.microsoft,com.sybase,com.sun,java,javax,net,oracle,org,sqlj,_ibmjsp"
   ],
   "applications": [
      "/opt/WAS855_RQMAuto_ACME/WAS/profiles/dmgr/config/cells/ndcell/applications/ACMEAnnuityPojoWSes.ear/ACMEAnnuityPojoWSes.ear"
   ],
   "sharedLibraries": [
   ],
   "archives": {
      "ears": 1,
      "wars": 2,
      "rars": 0,
      "ejbs": 0,
      "webFragments": 1,
      "utilityJars": 9,
      "appClients": 0
   },
   "summary": {
      "servlets": 1,
      "jsps": 0,
      "jpaEntities": 23,
      "bmpEntityBeans": 0,
      "cmpEntityBeans": 0,
      "messageDrivenBeans": 0,
      "singletonSessionBeans": 0,
      "statefulSessionBeans": 0,
      "statelessSessionBeans": 0,
      "jaxrpcConsumers": 0,
      "jaxrpcProviders": 2,
      "jaxrsConsumers": 0,
      "jaxrsProviders": 1,
      "jaxwsConsumers": 5,
      "jaxwsProviders": 2
   },
   "archiveInventory": [
      {
         "archiveName": "/opt/WAS855_RQMAuto_ACME/WAS/profiles/dmgr/config/cells/ndcell/applications/ACMEAnnuityPojoWSes.ear/ACMEAnnuityPojoWSes.ear",
         "moduleType": "Enterprise archive",
         "moduleVersion": "5",
         "metadataComplete": null,
         "archives": {
            "wars": 2,
            "rars": 0,
            "ejbs": 0,
            "utilityJars": 9,
            "appClients": 0
         },
         "summary": {
            "servlets": 1,
            "jsps": 0,
            "jpaEntities": 23,
            "bmpEntityBeans": 0,
            "cmpEntityBeans": 0,
            "messageDrivenBeans": 0,
            "singletonSessionBeans": 0,
            "statefulSessionBeans": 0,
            "statelessSessionBeans": 0,
            "jaxrpcConsumers": 0,
            "jaxrpcProviders": 2,
            "jaxrsConsumers": 0,
            "jaxrsProviders": 1,
            "jaxwsConsumers": 5,
            "jaxwsProviders": 2
         },
         "potentialDeploymentProblemsSummary": {
            "archivesContainingDuplicateClasses": 6,
            "archivesContainingJavaEEorSEClasses": 2,
            "archivesContainingConflictingOpenSourceSoftwareClasses": 0,
            "archivesContainingWebSphereClasses": 2,
            "archivesNotReferencedInTheApplication": 5,
            "archivesWithMissingDependenciesInTheApplication": 3,
            "classesWithSystemLevelJVMConfiguration": 0,
            "sharedLibrariesReferencingApplicationClasses": 0
         },
         "potentialDeploymentProblemsDetails": [
            {
               "duplicateClassesWithinClassLoader": [
                  {
                     "conflictingPackages": [
                        "com.ibm.ejs.container",
                        "com.ibm.websphere.csi",
                        "org.omg.stub.java.lang",
                        "org.omg.stub.javax.ejb"
                     ],
                     "packageLocation": [
                        "AcmeAnnuityEJB2xJAXRPCStubs.jar",
                        "AcmeAnnuityEJB2xStubs.jar"
                     ]
                  },
                  {
                     "conflictingPackages": [
                        "com.ibm.wssvt.acme.annuity.common.business.ejbws.ejb2xjaxrpc"
                     ],
                     "packageLocation": [
                        "AcmeAnnuityCommon.jar",
                        "AcmeAnnuityEJB2xJAXRPCStubs.jar"
                     ]
                  }
               ]
            },
            {
               "duplicateClassesAcrossApplication": [
                  {
                     "conflictingPackages": [
                        "com.ibm.wssvt.acme.annuity.business.impl.ws.jaxrpc",
                        "com.ibm.wssvt.acme.annuity.business.impl.ws.jaxws",
                        "com.ibm.wssvt.acme.annuity.business.impl.ws.jaxws.jaxws"
                     ],
                     "packageLocation": [
                        "AcmeAnnuityPojoWSWebFragment.war/WEB-INF/lib/AcmeAnnuityWSWebFragment.jar",
                        "AcmeAnnuityPojoWSes.war"
                     ]
                  },
                  {
                     "conflictingPackages": [
                        "com.ibm.wssvt.acme.annuity.common.business.jaxrpc",
                        "com.ibm.wssvt.acme.annuity.common.business.jaxrpc.beanconverter"
                     ],
                     "packageLocation": [
                        "AcmeAnnuityCommon.jar",
                        "AcmeAnnuityPojoWSWebFragment.war/WEB-INF/lib/AcmeAnnuityWSWebFragment.jar",
                        "AcmeAnnuityPojoWSes.war"
                     ]
                  },
                  {
                     "conflictingPackages": [
                        "com.ibm.wssvt.acme.annuity.common.business.jaxrpc.bean",
                        "com.ibm.wssvt.acme.annuity.common.business.jaxrpc.exception"
                     ],
                     "packageLocation": [
                        "AcmeAnnuityCommon.jar",
                        "AcmeAnnuityPojoWSWebFragment.war",
                        "AcmeAnnuityPojoWSWebFragment.war/WEB-INF/lib/AcmeAnnuityWSWebFragment.jar",
                        "AcmeAnnuityPojoWSes.war"
                     ]
                  }
               ]
            },
            {
               "javaEEandSEClasses": [
                  {
                     "conflictingPackages": [
                        "org.omg.stub.java.lang",
                        "org.omg.stub.javax.ejb"
                     ],
                     "packageLocation": [
                        "AcmeAnnuityEJB2xJAXRPCStubs.jar",
                        "AcmeAnnuityEJB2xStubs.jar"
                     ]
                  }
               ]
            },
            {
               "duplicateWebSphereClasses": [
                  {
                     "conflictingPackages": [
                        "com.ibm.websphere.csi"
                     ],
                     "packageLocation": [
                        "AcmeAnnuityEJB2xJAXRPCStubs.jar",
                        "AcmeAnnuityEJB2xStubs.jar"
                     ]
                  }
               ]
            },
            {
               "openSourceSoftwareClasses": [
               ]
            },
            {
               "archivesNotReferenced": [
                  {
                     "archive": "AcmeAnnuityEJB3JAXRPCStubs.jar",
                     "referencedBy": ""
                  },
                  {
                     "archive": "AcmeAnnuityEJB3JAXWStubs.jar",
                     "referencedBy": ""
                  },
                  {
                     "archive": "AcmeAnnuityEJB3Stubs.jar",
                     "referencedBy": ""
                  },
                  {
                     "archive": "commons-dbcp-1.2.2.jar",
                     "referencedBy": ""
                  },
                  {
                     "archive": "commons-pool-1.3.jar",
                     "referencedBy": "commons-dbcp-1.2.2.jar"
                  }
               ]
            },
            {
               "missingDependencies": [
                  {
                     "missingDependencies": [
                        "com.ibm.wsspi.security.oauth20.token",
                        "com.ibm.wsspi.wssecurity.platform.token",
                        "com.ibm.wssvt.acme.annuity.common.client.jaxws.pojoimpl",
                        "com.ibm.wssvt.acme.annuity.common.servicelookup.pojojaxws",
                        "org.apache.commons.httpclient",
                        "org.apache.commons.httpclient.auth",
                        "org.apache.commons.httpclient.methods",
                        "org.apache.commons.httpclient.params",
                        "org.apache.openjpa.enhance",
                        "org.apache.openjpa.util",
                        "org.apache.wink.client",
                        "org.apache.wink.client.handlers",
                        "org.apache.wink.common.internal.providers.entity.xml",
                        "org.apache.wink.common.model.atom",
                        "org.apache.wink.common.model.wadl",
                        "org.codehaus.jackson.jaxrs",
                        "org.codehaus.jackson.map",
                        "org.codehaus.jackson.xc",
                        "org.ietf.jgss"
                     ],
                     "archive": [
                        "AcmeAnnuityCommon.jar"
                     ]
                  },
                  {
                     "missingDependencies": [
                        "com.ibm.wssvt.acme.annuity.business.impl.ejb2x"
                     ],
                     "archive": [
                        "AcmeAnnuityEJB2xStubs.jar"
                     ]
                  },
                  {
                     "missingDependencies": [
                        "com.ibm.wssvt.acme.annuity.business.impl.ejbws.ejb2xjaxrpc"
                     ],
                     "archive": [
                        "AcmeAnnuityEJB2xJAXRPCStubs.jar"
                     ]
                  }
               ]
            },
            {
               "classesWithSystemLevelJVMConfiguration": [
               ]
            },
            {
               "sharedLibraryDependencies": [
               ]
            }
         ],
         "performanceConsiderations": {
            "archivesThatAreCandidatesForMetadataCompleteTrueAttribute": [
            ],
            "webModulesWithExcessiveClassFiles": [
            ],
            "webModulesWithExcessiveStaticResources": [
            ]
         },
         "containedArchiveInventory": [
            {
               "archiveName": "/opt/WAS855_RQMAuto_ACME/WAS/profiles/dmgr/config/cells/ndcell/applications/ACMEAnnuityPojoWSes.ear/ACMEAnnuityPojoWSes.ear/AcmeAnnuityCommon.jar",
               "moduleType": "Utility JAR",
               "containedPackages": [
                  "com.ibm.wssvt"
               ]
            },
            {
               "archiveName": "/opt/WAS855_RQMAuto_ACME/WAS/profiles/dmgr/config/cells/ndcell/applications/ACMEAnnuityPojoWSes.ear/ACMEAnnuityPojoWSes.ear/AcmeAnnuityEJB2xJAXRPCStubs.jar",
               "moduleType": "Utility JAR",
               "containedPackages": [
                  "com.ibm.ejs",
                  "com.ibm.websphere",
                  "com.ibm.wssvt",
                  "org.omg.stub"
               ]
            },
            {
               "archiveName": "/opt/WAS855_RQMAuto_ACME/WAS/profiles/dmgr/config/cells/ndcell/applications/ACMEAnnuityPojoWSes.ear/ACMEAnnuityPojoWSes.ear/AcmeAnnuityEJB2xStubs.jar",
               "moduleType": "Utility JAR",
               "containedPackages": [
                  "com.ibm.ejs",
                  "com.ibm.websphere",
                  "com.ibm.wssvt",
                  "org.omg.stub"
               ]
            },
            {
               "archiveName": "/opt/WAS855_RQMAuto_ACME/WAS/profiles/dmgr/config/cells/ndcell/applications/ACMEAnnuityPojoWSes.ear/ACMEAnnuityPojoWSes.ear/AcmeAnnuityEJB3JAXRPCStubs.jar",
               "moduleType": "Utility JAR",
               "containedPackages": [
                  "com.ibm.wssvt"
               ]
            },
            {
               "archiveName": "/opt/WAS855_RQMAuto_ACME/WAS/profiles/dmgr/config/cells/ndcell/applications/ACMEAnnuityPojoWSes.ear/ACMEAnnuityPojoWSes.ear/AcmeAnnuityEJB3JAXWStubs.jar",
               "moduleType": "Utility JAR",
               "containedPackages": [
                  "com.ibm.wssvt"
               ]
            },
            {
               "archiveName": "/opt/WAS855_RQMAuto_ACME/WAS/profiles/dmgr/config/cells/ndcell/applications/ACMEAnnuityPojoWSes.ear/ACMEAnnuityPojoWSes.ear/AcmeAnnuityEJB3Stubs.jar",
               "moduleType": "Utility JAR",
               "containedPackages": [
                  "com.ibm.wssvt"
               ]
            },
            {
               "archiveName": "/opt/WAS855_RQMAuto_ACME/WAS/profiles/dmgr/config/cells/ndcell/applications/ACMEAnnuityPojoWSes.ear/ACMEAnnuityPojoWSes.ear/AcmeAnnuityPojoWSWebFragment.war",
               "moduleType": "Web module",
               "moduleVersion": "2.5",
               "metadataComplete": "Unspecified",
               "archives": {
                  "ejbs": 0,
                  "webFragments": 1,
                  "utilityJars": 0
               },
               "summary": {
                  "servlets": 0,
                  "jsps": 0,
                  "jpaEntities": 0,
                  "bmpEntityBeans": 0,
                  "cmpEntityBeans": 0,
                  "messageDrivenBeans": 0,
                  "singletonSessionBeans": 0,
                  "statefulSessionBeans": 0,
                  "statelessSessionBeans": 0,
                  "jaxrpcConsumers": 0,
                  "jaxrpcProviders": 1,
                  "jaxrsConsumers": 0,
                  "jaxrsProviders": 0,
                  "jaxwsConsumers": 1,
                  "jaxwsProviders": 1
               },
               "containedArchiveInventory": [
                  {
                     "archiveName": "/opt/WAS855_RQMAuto_ACME/WAS/profiles/dmgr/config/cells/ndcell/applications/ACMEAnnuityPojoWSes.ear/ACMEAnnuityPojoWSes.ear/AcmeAnnuityPojoWSWebFragment.war/WEB-INF/lib/AcmeAnnuityWSWebFragment.jar",
                     "moduleType": "Web fragment",
                     "moduleVersion": "3.0",
                     "metadataComplete": "Unspecified",
                     "summary": {
                        "servlets": 0,
                        "jsps": 0,
                        "jpaEntities": 0,
                        "bmpEntityBeans": 0,
                        "cmpEntityBeans": 0,
                        "messageDrivenBeans": 0,
                        "singletonSessionBeans": 0,
                        "statefulSessionBeans": 0,
                        "statelessSessionBeans": 0,
                        "jaxrpcConsumers": 0,
                        "jaxrpcProviders": 0,
                        "jaxrsConsumers": 0,
                        "jaxrsProviders": 0,
                        "jaxwsConsumers": 1,
                        "jaxwsProviders": 1
                     }
                  }
               ]
            },
            {
               "archiveName": "/opt/WAS855_RQMAuto_ACME/WAS/profiles/dmgr/config/cells/ndcell/applications/ACMEAnnuityPojoWSes.ear/ACMEAnnuityPojoWSes.ear/AcmeAnnuityPojoWSes.war",
               "moduleType": "Web module",
               "moduleVersion": "2.5",
               "metadataComplete": "Unspecified",
               "archives": {
                  "ejbs": 0,
                  "webFragments": 0,
                  "utilityJars": 0
               },
               "summary": {
                  "servlets": 1,
                  "jsps": 0,
                  "jpaEntities": 0,
                  "bmpEntityBeans": 0,
                  "cmpEntityBeans": 0,
                  "messageDrivenBeans": 0,
                  "singletonSessionBeans": 0,
                  "statefulSessionBeans": 0,
                  "statelessSessionBeans": 0,
                  "jaxrpcConsumers": 0,
                  "jaxrpcProviders": 1,
                  "jaxrsConsumers": 0,
                  "jaxrsProviders": 0,
                  "jaxwsConsumers": 1,
                  "jaxwsProviders": 1
               }
            },
            {
               "archiveName": "/opt/WAS855_RQMAuto_ACME/WAS/profiles/dmgr/config/cells/ndcell/applications/ACMEAnnuityPojoWSes.ear/ACMEAnnuityPojoWSes.ear/AcmeCommon.jar",
               "moduleType": "Utility JAR",
               "containedPackages": [
                  "com.ibm.wssvt"
               ]
            },
            {
               "archiveName": "/opt/WAS855_RQMAuto_ACME/WAS/profiles/dmgr/config/cells/ndcell/applications/ACMEAnnuityPojoWSes.ear/ACMEAnnuityPojoWSes.ear/commons-dbcp-1.2.2.jar",
               "moduleType": "Utility JAR",
               "containedPackages": [
                  "org.apache.commons"
               ]
            },
            {
               "archiveName": "/opt/WAS855_RQMAuto_ACME/WAS/profiles/dmgr/config/cells/ndcell/applications/ACMEAnnuityPojoWSes.ear/ACMEAnnuityPojoWSes.ear/commons-pool-1.3.jar",
               "moduleType": "Utility JAR",
               "containedPackages": [
                  "org.apache.commons"
               ]
            }
         ]
      }
   ],
   "sharedLibraryDetails": [
   ]
}