{
   "report": "inventory",
   "version": "2.3",
   "productVersion": "9.0",
   "productRelease": "18.0.0.1",
   "options": [
      "--excludePackages=com.ibm.websphere,com.ibm.ws,com.ibm.db2,com.informix,com.microsoft,com.sybase,com.sun,java,javax,net,oracle,org,sqlj,_ibmjsp"
   ],
   "applications": [
      "/opt/WAS855_RQMAuto_ACME/WAS/profiles/dmgr/config/cells/ndcell/applications/ACMEAnnuityJAXRSWSes.ear/ACMEAnnuityJAXRSWSes.ear"
   ],
   "sharedLibraries": [
   ],
   "archives": {
      "ears": 1,
      "wars": 4,
      "rars": 0,
      "ejbs": 0,
      "webFragments": 0,
      "utilityJars": 15,
      "appClients": 0
   },
   "summary": {
      "servlets": 2,
      "jsps": 1,
      "jpaEntities": 92,
      "bmpEntityBeans": 0,
      "cmpEntityBeans": 0,
      "messageDrivenBeans": 0,
      "singletonSessionBeans": 0,
      "statefulSessionBeans": 0,
      "statelessSessionBeans": 0,
      "jaxrpcConsumers": 0,
      "jaxrpcProviders": 0,
      "jaxrsConsumers": 0,
      "jaxrsProviders": 16,
      "jaxwsConsumers": 20,
      "jaxwsProviders": 0
   },
   "archiveInventory": [
      {
         "archiveName": "/opt/WAS855_RQMAuto_ACME/WAS/profiles/dmgr/config/cells/ndcell/applications/ACMEAnnuityJAXRSWSes.ear/ACMEAnnuityJAXRSWSes.ear",
         "moduleType": "Enterprise archive",
         "moduleVersion": "5",
         "metadataComplete": null,
         "archives": {
            "wars": 4,
            "rars": 0,
            "ejbs": 0,
            "utilityJars": 15,
            "appClients": 0
         },
         "summary": {
            "servlets": 2,
            "jsps": 1,
            "jpaEntities": 92,
            "bmpEntityBeans": 0,
            "cmpEntityBeans": 0,
            "messageDrivenBeans": 0,
            "singletonSessionBeans": 0,
            "statefulSessionBeans": 0,
            "statelessSessionBeans": 0,
            "jaxrpcConsumers": 0,
            "jaxrpcProviders": 0,
            "jaxrsConsumers": 0,
            "jaxrsProviders": 16,
            "jaxwsConsumers": 20,
            "jaxwsProviders": 0
         },
         "potentialDeploymentProblemsSummary": {
            "archivesContainingDuplicateClasses": 14,
            "archivesContainingJavaEEorSEClasses": 2,
            "archivesContainingConflictingOpenSourceSoftwareClasses": 0,
            "archivesContainingWebSphereClasses": 2,
            "archivesNotReferencedInTheApplication": 2,
            "archivesWithMissingDependenciesInTheApplication": 10,
            "classesWithSystemLevelJVMConfiguration": 0,
            "sharedLibrariesReferencingApplicationClasses": 0
         },
         "potentialDeploymentProblemsDetails": [
            {
               "duplicateClassesWithinClassLoader": [
                  {
                     "conflictingPackages": [
                        "com.ibm.ejs.container",
                        "com.ibm.websphere.csi",
                        "org.omg.stub.java.lang",
                        "org.omg.stub.javax.ejb"
                     ],
                     "packageLocation": [
                        "AcmeAnnuityEJB2xJAXRPCStubs.jar",
                        "AcmeAnnuityEJB2xStubs.jar"
                     ]
                  }
               ]
            },
            {
               "duplicateClassesAcrossApplication": [
                  {
                     "conflictingPackages": [
                        "com.ibm.wssvt.acme.annuity.business.impl.jaxrs",
                        "com.ibm.wssvt.acme.annuity.business.impl.jaxrs.provider"
                     ],
                     "packageLocation": [
                        "AcmeAnnuityJAXRSWSes_WASX.war",
                        "AcmeAnnuityJAXRSWSes_jaxrs11_m1.war",
                        "AcmeAnnuityJAXRSWSes_jaxrs11_m2.war",
                        "AcmeAnnuityJAXRSWSes_jcdi.war"
                     ]
                  },
                  {
                     "conflictingPackages": [
                        "com.ibm.wssvt.acme.annuity.common.bean",
                        "com.ibm.wssvt.acme.annuity.common.bean.java",
                        "com.ibm.wssvt.acme.annuity.common.bean.jaxbjpa",
                        "com.ibm.wssvt.acme.annuity.common.bean.jpa",
                        "com.ibm.wssvt.acme.annuity.common.business",
                        "com.ibm.wssvt.acme.annuity.common.business.ejb2x",
                        "com.ibm.wssvt.acme.annuity.common.business.ejb30",
                        "com.ibm.wssvt.acme.annuity.common.business.ejb30.policy",
                        "com.ibm.wssvt.acme.annuity.common.business.ejb31",
                        "com.ibm.wssvt.acme.annuity.common.business.ejbws.ejb2xjaxws",
                        "com.ibm.wssvt.acme.annuity.common.business.ejbws.ejb3jaxrpc",
                        "com.ibm.wssvt.acme.annuity.common.business.ejbws.ejb3jaxws",
                        "com.ibm.wssvt.acme.annuity.common.business.jaxrpc",
                        "com.ibm.wssvt.acme.annuity.common.business.jaxrpc.bean",
                        "com.ibm.wssvt.acme.annuity.common.business.jaxrpc.beanconverter",
                        "com.ibm.wssvt.acme.annuity.common.business.jaxrpc.exception",
                        "com.ibm.wssvt.acme.annuity.common.business.jaxrs",
                        "com.ibm.wssvt.acme.annuity.common.business.jaxws",
                        "com.ibm.wssvt.acme.annuity.common.business.nonbusinessimpl",
                        "com.ibm.wssvt.acme.annuity.common.business.osgi",
                        "com.ibm.wssvt.acme.annuity.common.client.adapter",
                        "com.ibm.wssvt.acme.annuity.common.client.adapter.policy",
                        "com.ibm.wssvt.acme.annuity.common.client.jaxrpc.bean",
                        "com.ibm.wssvt.acme.annuity.common.client.jaxrpc.bean.jaxrpc2ejb3jaxws",
                        "com.ibm.wssvt.acme.annuity.common.client.jaxrpc.bean.jaxrpc2pojojaxws",
                        "com.ibm.wssvt.acme.annuity.common.client.jaxrpc.beanconverter",
                        "com.ibm.wssvt.acme.annuity.common.client.jaxrpc.beanconverter.jaxrpc2ejb3jaxws",
                        "com.ibm.wssvt.acme.annuity.common.client.jaxrpc.beanconverter.jaxrpc2pojojaxws",
                        "com.ibm.wssvt.acme.annuity.common.client.jaxrpc.ejb2impl",
                        "com.ibm.wssvt.acme.annuity.common.client.jaxrpc.ejb3impl",
                        "com.ibm.wssvt.acme.annuity.common.client.jaxrpc.exception",
                        "com.ibm.wssvt.acme.annuity.common.client.jaxrpc.jaxrpc2ejb3jaxwsimpl",
                        "com.ibm.wssvt.acme.annuity.common.client.jaxrpc.jaxrpc2pojojaxwsimpl",
                        "com.ibm.wssvt.acme.annuity.common.client.jaxrpc.pojoimpl",
                        "com.ibm.wssvt.acme.annuity.common.client.jaxws.beanconverter.jaxws2ejb3jaxrpc",
                        "com.ibm.wssvt.acme.annuity.common.client.jaxws.beanconverter.jaxws2pojojaxrpc",
                        "com.ibm.wssvt.acme.annuity.common.client.jaxws.ejb3impl",
                        "com.ibm.wssvt.acme.annuity.common.client.jaxws.jaxws2ejb3jaxrpc",
                        "com.ibm.wssvt.acme.annuity.common.client.jaxws.jaxws2pojojaxrpcimpl",
                        "com.ibm.wssvt.acme.annuity.common.client.jaxws.pojoimpl",
                        "com.ibm.wssvt.acme.annuity.common.exception",
                        "com.ibm.wssvt.acme.annuity.common.persistence",
                        "com.ibm.wssvt.acme.annuity.common.persistence.impl.jpasa",
                        "com.ibm.wssvt.acme.annuity.common.servicelookup.ejb2",
                        "com.ibm.wssvt.acme.annuity.common.servicelookup.ejb2xjaxrpc",
                        "com.ibm.wssvt.acme.annuity.common.servicelookup.ejb2xjaxws",
                        "com.ibm.wssvt.acme.annuity.common.servicelookup.ejb3",
                        "com.ibm.wssvt.acme.annuity.common.servicelookup.ejb3.policy",
                        "com.ibm.wssvt.acme.annuity.common.servicelookup.ejb31",
                        "com.ibm.wssvt.acme.annuity.common.servicelookup.ejb3jaxrpc",
                        "com.ibm.wssvt.acme.annuity.common.servicelookup.ejb3jaxws",
                        "com.ibm.wssvt.acme.annuity.common.servicelookup.ejb3mdb",
                        "com.ibm.wssvt.acme.annuity.common.servicelookup.jaxrpc2ejb3jaxws",
                        "com.ibm.wssvt.acme.annuity.common.servicelookup.jaxrpc2pojojaxws",
                        "com.ibm.wssvt.acme.annuity.common.servicelookup.jaxws2ejb3jaxrpc",
                        "com.ibm.wssvt.acme.annuity.common.servicelookup.jaxws2pojojaxrpc",
                        "com.ibm.wssvt.acme.annuity.common.servicelookup.osgi",
                        "com.ibm.wssvt.acme.annuity.common.servicelookup.pojojaxrpc",
                        "com.ibm.wssvt.acme.annuity.common.servicelookup.pojojaxws",
                        "com.ibm.wssvt.acme.annuity.common.util"
                     ],
                     "packageLocation": [
                        "AcmeAnnuityJAXRSWSes_WASX.war/WEB-INF/lib/AcmeAnnuityCommon.jar",
                        "AcmeAnnuityJAXRSWSes_jaxrs11_m1.war/WEB-INF/lib/AcmeAnnuityJAXRSCommon.jar",
                        "AcmeAnnuityJAXRSWSes_jaxrs11_m2.war/WEB-INF/lib/AcmeAnnuityJAXRSCommon.jar",
                        "AcmeAnnuityJAXRSWSes_jcdi.war/WEB-INF/lib/AcmeAnnuityJAXRSJcdiCommon.jar"
                     ]
                  },
                  {
                     "conflictingPackages": [
                        "com.ibm.wssvt.acme.annuity.common.business.ejbws.ejb2xjaxrpc"
                     ],
                     "packageLocation": [
                        "AcmeAnnuityEJB2xJAXRPCStubs.jar",
                        "AcmeAnnuityJAXRSWSes_WASX.war/WEB-INF/lib/AcmeAnnuityCommon.jar",
                        "AcmeAnnuityJAXRSWSes_jaxrs11_m1.war/WEB-INF/lib/AcmeAnnuityJAXRSCommon.jar",
                        "AcmeAnnuityJAXRSWSes_jaxrs11_m2.war/WEB-INF/lib/AcmeAnnuityJAXRSCommon.jar",
                        "AcmeAnnuityJAXRSWSes_jcdi.war/WEB-INF/lib/AcmeAnnuityJAXRSJcdiCommon.jar"
                     ]
                  },
                  {
                     "conflictingPackages": [
                        "com.ibm.wssvt.acme.annuity.common.client.executionunit",
                        "com.ibm.wssvt.acme.annuity.common.client.executionunit.policy",
                        "com.ibm.wssvt.acme.annuity.common.client.executionunit.specialunit.malicious",
                        "com.ibm.wssvt.acme.annuity.common.client.executionunit.specialunit.quickreturn",
                        "com.ibm.wssvt.acme.annuity.common.client.executionunit.stackunit"
                     ],
                     "packageLocation": [
                        "AcmeAnnuityJAXRSWSes_WASX.war/WEB-INF/lib/AcmeAnnuityCommon.jar",
                        "AcmeAnnuityJAXRSWSes_jaxrs11_m1.war/WEB-INF/lib/AcmeAnnuityJAXRSCommon.jar",
                        "AcmeAnnuityJAXRSWSes_jaxrs11_m2.war/WEB-INF/lib/AcmeAnnuityJAXRSCommon.jar"
                     ]
                  },
                  {
                     "conflictingPackages": [
                        "com.ibm.wssvt.acme.common.adapter",
                        "com.ibm.wssvt.acme.common.bean",
                        "com.ibm.wssvt.acme.common.client",
                        "com.ibm.wssvt.acme.common.client.ui.gui",
                        "com.ibm.wssvt.acme.common.client.ui.gui.model",
                        "com.ibm.wssvt.acme.common.envconfig",
                        "com.ibm.wssvt.acme.common.envconfig.exception",
                        "com.ibm.wssvt.acme.common.exception",
                        "com.ibm.wssvt.acme.common.exception.handler",
                        "com.ibm.wssvt.acme.common.executionunit",
                        "com.ibm.wssvt.acme.common.log",
                        "com.ibm.wssvt.acme.common.stats",
                        "com.ibm.wssvt.acme.common.util"
                     ],
                     "packageLocation": [
                        "AcmeAnnuityJAXRSWSes_WASX.war/WEB-INF/lib/AcmeCommon.jar",
                        "AcmeAnnuityJAXRSWSes_jaxrs11_m1.war/WEB-INF/lib/AcmeCommon.jar",
                        "AcmeAnnuityJAXRSWSes_jaxrs11_m2.war/WEB-INF/lib/AcmeCommon.jar",
                        "AcmeAnnuityJAXRSWSes_jcdi.war/WEB-INF/lib/AcmeCommon.jar"
                     ]
                  }
               ]
            },
            {
               "javaEEandSEClasses": [
                  {
                     "conflictingPackages": [
                        "org.omg.stub.java.lang",
                        "org.omg.stub.javax.ejb"
                     ],
                     "packageLocation": [
                        "AcmeAnnuityEJB2xJAXRPCStubs.jar",
                        "AcmeAnnuityEJB2xStubs.jar"
                     ]
                  }
               ]
            },
            {
               "duplicateWebSphereClasses": [
                  {
                     "conflictingPackages": [
                        "com.ibm.websphere.csi"
                     ],
                     "packageLocation": [
                        "AcmeAnnuityEJB2xJAXRPCStubs.jar",
                        "AcmeAnnuityEJB2xStubs.jar"
                     ]
                  }
               ]
            },
            {
               "openSourceSoftwareClasses": [
               ]
            },
            {
               "archivesNotReferenced": [
                  {
                     "archive": "commons-dbcp-1.2.2.jar",
                     "referencedBy": ""
                  },
                  {
                     "archive": "commons-pool-1.3.jar",
                     "referencedBy": "commons-dbcp-1.2.2.jar"
                  }
               ]
            },
            {
               "missingDependencies": [
                  {
                     "missingDependencies": [
                        "com.ibm.wsspi.security.oauth20.token",
                        "com.ibm.wsspi.wssecurity.platform.token",
                        "org.apache.openjpa.enhance",
                        "org.apache.openjpa.util",
                        "org.apache.wink.common.internal.providers.entity.xml",
                        "org.ietf.jgss"
                     ],
                     "archive": [
                        "AcmeAnnuityJAXRSWSes_WASX.war/WEB-INF/lib/AcmeAnnuityCommon.jar",
                        "AcmeAnnuityJAXRSWSes_jaxrs11_m1.war/WEB-INF/lib/AcmeAnnuityJAXRSCommon.jar",
                        "AcmeAnnuityJAXRSWSes_jcdi.war/WEB-INF/lib/AcmeAnnuityJAXRSJcdiCommon.jar",
                        "AcmeAnnuityJAXRSWSes_jaxrs11_m2.war/WEB-INF/lib/AcmeAnnuityJAXRSCommon.jar"
                     ]
                  },
                  {
                     "missingDependencies": [
                        "com.ibm.wssvt.acme.annuity.business.impl.ejb2x"
                     ],
                     "archive": [
                        "AcmeAnnuityEJB2xStubs.jar"
                     ]
                  },
                  {
                     "missingDependencies": [
                        "com.ibm.wssvt.acme.annuity.business.impl.ejbws.ejb2xjaxrpc"
                     ],
                     "archive": [
                        "AcmeAnnuityEJB2xJAXRPCStubs.jar"
                     ]
                  },
                  {
                     "missingDependencies": [
                        "org.apache.commons.httpclient",
                        "org.apache.commons.httpclient.auth",
                        "org.apache.commons.httpclient.methods",
                        "org.apache.commons.httpclient.params"
                     ],
                     "archive": [
                        "AcmeAnnuityJAXRSWSes_WASX.war/WEB-INF/lib/AcmeAnnuityCommon.jar",
                        "AcmeAnnuityJAXRSWSes_jaxrs11_m1.war/WEB-INF/lib/AcmeAnnuityJAXRSCommon.jar",
                        "AcmeAnnuityJAXRSWSes_jaxrs11_m2.war/WEB-INF/lib/AcmeAnnuityJAXRSCommon.jar"
                     ]
                  },
                  {
                     "missingDependencies": [
                        "org.apache.wink.client",
                        "org.apache.wink.client.handlers"
                     ],
                     "archive": [
                        "AcmeAnnuityJAXRSWSes_WASX.war/WEB-INF/lib/AcmeAnnuityCommon.jar"
                     ]
                  },
                  {
                     "missingDependencies": [
                        "org.apache.wink.common.model.atom",
                        "org.apache.wink.common.model.wadl",
                        "org.codehaus.jackson.jaxrs",
                        "org.codehaus.jackson.map",
                        "org.codehaus.jackson.xc"
                     ],
                     "archive": [
                        "AcmeAnnuityJAXRSWSes_WASX.war/WEB-INF/lib/AcmeAnnuityCommon.jar",
                        "AcmeAnnuityJAXRSWSes_jaxrs11_m2.war",
                        "AcmeAnnuityJAXRSWSes_jcdi.war",
                        "AcmeAnnuityJAXRSWSes_jaxrs11_m1.war",
                        "AcmeAnnuityJAXRSWSes_WASX.war"
                     ]
                  },
                  {
                     "missingDependencies": [
                        "org.codehaus.jackson.map.annotate",
                        "org.codehaus.jackson.map.introspect"
                     ],
                     "archive": [
                        "AcmeAnnuityJAXRSWSes_jaxrs11_m2.war",
                        "AcmeAnnuityJAXRSWSes_jcdi.war",
                        "AcmeAnnuityJAXRSWSes_jaxrs11_m1.war",
                        "AcmeAnnuityJAXRSWSes_WASX.war"
                     ]
                  }
               ]
            },
            {
               "classesWithSystemLevelJVMConfiguration": [
               ]
            },
            {
               "sharedLibraryDependencies": [
               ]
            }
         ],
         "performanceConsiderations": {
            "archivesThatAreCandidatesForMetadataCompleteTrueAttribute": [
            ],
            "webModulesWithExcessiveClassFiles": [
            ],
            "webModulesWithExcessiveStaticResources": [
            ]
         },
         "containedArchiveInventory": [
            {
               "archiveName": "/opt/WAS855_RQMAuto_ACME/WAS/profiles/dmgr/config/cells/ndcell/applications/ACMEAnnuityJAXRSWSes.ear/ACMEAnnuityJAXRSWSes.ear/AcmeAnnuityEJB2xJAXRPCStubs.jar",
               "moduleType": "Utility JAR",
               "containedPackages": [
                  "com.ibm.ejs",
                  "com.ibm.websphere",
                  "com.ibm.wssvt",
                  "org.omg.stub"
               ]
            },
            {
               "archiveName": "/opt/WAS855_RQMAuto_ACME/WAS/profiles/dmgr/config/cells/ndcell/applications/ACMEAnnuityJAXRSWSes.ear/ACMEAnnuityJAXRSWSes.ear/AcmeAnnuityEJB2xStubs.jar",
               "moduleType": "Utility JAR",
               "containedPackages": [
                  "com.ibm.ejs",
                  "com.ibm.websphere",
                  "com.ibm.wssvt",
                  "org.omg.stub"
               ]
            },
            {
               "archiveName": "/opt/WAS855_RQMAuto_ACME/WAS/profiles/dmgr/config/cells/ndcell/applications/ACMEAnnuityJAXRSWSes.ear/ACMEAnnuityJAXRSWSes.ear/AcmeAnnuityEJB3JAXRPCStubs.jar",
               "moduleType": "Utility JAR",
               "containedPackages": [
                  "com.ibm.wssvt"
               ]
            },
            {
               "archiveName": "/opt/WAS855_RQMAuto_ACME/WAS/profiles/dmgr/config/cells/ndcell/applications/ACMEAnnuityJAXRSWSes.ear/ACMEAnnuityJAXRSWSes.ear/AcmeAnnuityEJB3JAXWStubs.jar",
               "moduleType": "Utility JAR",
               "containedPackages": [
                  "com.ibm.wssvt"
               ]
            },
            {
               "archiveName": "/opt/WAS855_RQMAuto_ACME/WAS/profiles/dmgr/config/cells/ndcell/applications/ACMEAnnuityJAXRSWSes.ear/ACMEAnnuityJAXRSWSes.ear/AcmeAnnuityEJB3Stubs.jar",
               "moduleType": "Utility JAR",
               "containedPackages": [
                  "com.ibm.wssvt"
               ]
            },
            {
               "archiveName": "/opt/WAS855_RQMAuto_ACME/WAS/profiles/dmgr/config/cells/ndcell/applications/ACMEAnnuityJAXRSWSes.ear/ACMEAnnuityJAXRSWSes.ear/AcmeAnnuityJAXRSWSes_WASX.war",
               "moduleType": "Web module",
               "moduleVersion": "2.4",
               "metadataComplete": "true",
               "archives": {
                  "ejbs": 0,
                  "webFragments": 0,
                  "utilityJars": 2
               },
               "summary": {
                  "servlets": 2,
                  "jsps": 1,
                  "jpaEntities": 23,
                  "bmpEntityBeans": 0,
                  "cmpEntityBeans": 0,
                  "messageDrivenBeans": 0,
                  "singletonSessionBeans": 0,
                  "statefulSessionBeans": 0,
                  "statelessSessionBeans": 0,
                  "jaxrpcConsumers": 0,
                  "jaxrpcProviders": 0,
                  "jaxrsConsumers": 0,
                  "jaxrsProviders": 4,
                  "jaxwsConsumers": 5,
                  "jaxwsProviders": 0
               },
               "containedArchiveInventory": [
                  {
                     "archiveName": "/opt/WAS855_RQMAuto_ACME/WAS/profiles/dmgr/config/cells/ndcell/applications/ACMEAnnuityJAXRSWSes.ear/ACMEAnnuityJAXRSWSes.ear/AcmeAnnuityJAXRSWSes_WASX.war/WEB-INF/lib/AcmeAnnuityCommon.jar",
                     "moduleType": "Utility JAR",
                     "containedPackages": [
                        "com.ibm.wssvt"
                     ]
                  },
                  {
                     "archiveName": "/opt/WAS855_RQMAuto_ACME/WAS/profiles/dmgr/config/cells/ndcell/applications/ACMEAnnuityJAXRSWSes.ear/ACMEAnnuityJAXRSWSes.ear/AcmeAnnuityJAXRSWSes_WASX.war/WEB-INF/lib/AcmeCommon.jar",
                     "moduleType": "Utility JAR",
                     "containedPackages": [
                        "com.ibm.wssvt"
                     ]
                  }
               ]
            },
            {
               "archiveName": "/opt/WAS855_RQMAuto_ACME/WAS/profiles/dmgr/config/cells/ndcell/applications/ACMEAnnuityJAXRSWSes.ear/ACMEAnnuityJAXRSWSes.ear/AcmeAnnuityJAXRSWSes_jaxrs11_m1.war",
               "moduleType": "Web module",
               "moduleVersion": "3.0",
               "metadataComplete": "Unspecified",
               "archives": {
                  "ejbs": 0,
                  "webFragments": 0,
                  "utilityJars": 2
               },
               "summary": {
                  "servlets": 0,
                  "jsps": 0,
                  "jpaEntities": 23,
                  "bmpEntityBeans": 0,
                  "cmpEntityBeans": 0,
                  "messageDrivenBeans": 0,
                  "singletonSessionBeans": 0,
                  "statefulSessionBeans": 0,
                  "statelessSessionBeans": 0,
                  "jaxrpcConsumers": 0,
                  "jaxrpcProviders": 0,
                  "jaxrsConsumers": 0,
                  "jaxrsProviders": 4,
                  "jaxwsConsumers": 5,
                  "jaxwsProviders": 0
               },
               "containedArchiveInventory": [
                  {
                     "archiveName": "/opt/WAS855_RQMAuto_ACME/WAS/profiles/dmgr/config/cells/ndcell/applications/ACMEAnnuityJAXRSWSes.ear/ACMEAnnuityJAXRSWSes.ear/AcmeAnnuityJAXRSWSes_jaxrs11_m1.war/WEB-INF/lib/AcmeAnnuityJAXRSCommon.jar",
                     "moduleType": "Utility JAR",
                     "containedPackages": [
                        "com.ibm.wssvt"
                     ]
                  },
                  {
                     "archiveName": "/opt/WAS855_RQMAuto_ACME/WAS/profiles/dmgr/config/cells/ndcell/applications/ACMEAnnuityJAXRSWSes.ear/ACMEAnnuityJAXRSWSes.ear/AcmeAnnuityJAXRSWSes_jaxrs11_m1.war/WEB-INF/lib/AcmeCommon.jar",
                     "moduleType": "Utility JAR",
                     "containedPackages": [
                        "com.ibm.wssvt"
                     ]
                  }
               ]
            },
            {
               "archiveName": "/opt/WAS855_RQMAuto_ACME/WAS/profiles/dmgr/config/cells/ndcell/applications/ACMEAnnuityJAXRSWSes.ear/ACMEAnnuityJAXRSWSes.ear/AcmeAnnuityJAXRSWSes_jaxrs11_m2.war",
               "moduleType": "Web module",
               "moduleVersion": "3.0",
               "metadataComplete": "Unspecified",
               "archives": {
                  "ejbs": 0,
                  "webFragments": 0,
                  "utilityJars": 2
               },
               "summary": {
                  "servlets": 0,
                  "jsps": 0,
                  "jpaEntities": 23,
                  "bmpEntityBeans": 0,
                  "cmpEntityBeans": 0,
                  "messageDrivenBeans": 0,
                  "singletonSessionBeans": 0,
                  "statefulSessionBeans": 0,
                  "statelessSessionBeans": 0,
                  "jaxrpcConsumers": 0,
                  "jaxrpcProviders": 0,
                  "jaxrsConsumers": 0,
                  "jaxrsProviders": 4,
                  "jaxwsConsumers": 5,
                  "jaxwsProviders": 0
               },
               "containedArchiveInventory": [
                  {
                     "archiveName": "/opt/WAS855_RQMAuto_ACME/WAS/profiles/dmgr/config/cells/ndcell/applications/ACMEAnnuityJAXRSWSes.ear/ACMEAnnuityJAXRSWSes.ear/AcmeAnnuityJAXRSWSes_jaxrs11_m2.war/WEB-INF/lib/AcmeAnnuityJAXRSCommon.jar",
                     "moduleType": "Utility JAR",
                     "containedPackages": [
                        "com.ibm.wssvt"
                     ]
                  },
                  {
                     "archiveName": "/opt/WAS855_RQMAuto_ACME/WAS/profiles/dmgr/config/cells/ndcell/applications/ACMEAnnuityJAXRSWSes.ear/ACMEAnnuityJAXRSWSes.ear/AcmeAnnuityJAXRSWSes_jaxrs11_m2.war/WEB-INF/lib/AcmeCommon.jar",
                     "moduleType": "Utility JAR",
                     "containedPackages": [
                        "com.ibm.wssvt"
                     ]
                  }
               ]
            },
            {
               "archiveName": "/opt/WAS855_RQMAuto_ACME/WAS/profiles/dmgr/config/cells/ndcell/applications/ACMEAnnuityJAXRSWSes.ear/ACMEAnnuityJAXRSWSes.ear/AcmeAnnuityJAXRSWSes_jcdi.war",
               "moduleType": "Web module",
               "moduleVersion": "3.0",
               "metadataComplete": "Unspecified",
               "archives": {
                  "ejbs": 0,
                  "webFragments": 0,
                  "utilityJars": 2
               },
               "summary": {
                  "servlets": 0,
                  "jsps": 0,
                  "jpaEntities": 23,
                  "bmpEntityBeans": 0,
                  "cmpEntityBeans": 0,
                  "messageDrivenBeans": 0,
                  "singletonSessionBeans": 0,
                  "statefulSessionBeans": 0,
                  "statelessSessionBeans": 0,
                  "jaxrpcConsumers": 0,
                  "jaxrpcProviders": 0,
                  "jaxrsConsumers": 0,
                  "jaxrsProviders": 4,
                  "jaxwsConsumers": 5,
                  "jaxwsProviders": 0
               },
               "containedArchiveInventory": [
                  {
                     "archiveName": "/opt/WAS855_RQMAuto_ACME/WAS/profiles/dmgr/config/cells/ndcell/applications/ACMEAnnuityJAXRSWSes.ear/ACMEAnnuityJAXRSWSes.ear/AcmeAnnuityJAXRSWSes_jcdi.war/WEB-INF/lib/AcmeAnnuityJAXRSJcdiCommon.jar",
                     "moduleType": "Utility JAR",
                     "containedPackages": [
                        "com.ibm.wssvt"
                     ]
                  },
                  {
                     "archiveName": "/opt/WAS855_RQMAuto_ACME/WAS/profiles/dmgr/config/cells/ndcell/applications/ACMEAnnuityJAXRSWSes.ear/ACMEAnnuityJAXRSWSes.ear/AcmeAnnuityJAXRSWSes_jcdi.war/WEB-INF/lib/AcmeCommon.jar",
                     "moduleType": "Utility JAR",
                     "containedPackages": [
                        "com.ibm.wssvt"
                     ]
                  }
               ]
            },
            {
               "archiveName": "/opt/WAS855_RQMAuto_ACME/WAS/profiles/dmgr/config/cells/ndcell/applications/ACMEAnnuityJAXRSWSes.ear/ACMEAnnuityJAXRSWSes.ear/commons-dbcp-1.2.2.jar",
               "moduleType": "Utility JAR",
               "containedPackages": [
                  "org.apache.commons"
               ]
            },
            {
               "archiveName": "/opt/WAS855_RQMAuto_ACME/WAS/profiles/dmgr/config/cells/ndcell/applications/ACMEAnnuityJAXRSWSes.ear/ACMEAnnuityJAXRSWSes.ear/commons-pool-1.3.jar",
               "moduleType": "Utility JAR",
               "containedPackages": [
                  "org.apache.commons"
               ]
            }
         ]
      }
   ],
   "sharedLibraryDetails": [
   ]
}