{
   "report": "inventory",
   "version": "2.3",
   "productVersion": "9.0",
   "productRelease": "18.0.0.1",
   "options": [
      "--excludePackages=com.ibm.websphere,com.ibm.ws,com.ibm.db2,com.informix,com.microsoft,com.sybase,com.sun,java,javax,net,oracle,org,sqlj,_ibmjsp"
   ],
   "applications": [
      "/opt/WAS855_RQMAuto_ACME/WAS/profiles/dmgr/config/cells/ndcell/applications/ACMEAnnuity.ear/ACMEAnnuity.ear"
   ],
   "sharedLibraries": [
   ],
   "archives": {
      "ears": 1,
      "wars": 0,
      "rars": 0,
      "ejbs": 3,
      "webFragments": 0,
      "utilityJars": 5,
      "appClients": 0
   },
   "summary": {
      "servlets": 0,
      "jsps": 0,
      "jpaEntities": 23,
      "bmpEntityBeans": 0,
      "cmpEntityBeans": 0,
      "messageDrivenBeans": 0,
      "singletonSessionBeans": 3,
      "statefulSessionBeans": 0,
      "statelessSessionBeans": 11,
      "jaxrpcConsumers": 0,
      "jaxrpcProviders": 0,
      "jaxrsConsumers": 0,
      "jaxrsProviders": 1,
      "jaxwsConsumers": 5,
      "jaxwsProviders": 0
   },
   "archiveInventory": [
      {
         "archiveName": "/opt/WAS855_RQMAuto_ACME/WAS/profiles/dmgr/config/cells/ndcell/applications/ACMEAnnuity.ear/ACMEAnnuity.ear",
         "moduleType": "Enterprise archive",
         "moduleVersion": "5",
         "metadataComplete": null,
         "archives": {
            "wars": 0,
            "rars": 0,
            "ejbs": 3,
            "utilityJars": 5,
            "appClients": 0
         },
         "summary": {
            "servlets": 0,
            "jsps": 0,
            "jpaEntities": 23,
            "bmpEntityBeans": 0,
            "cmpEntityBeans": 0,
            "messageDrivenBeans": 0,
            "singletonSessionBeans": 3,
            "statefulSessionBeans": 0,
            "statelessSessionBeans": 11,
            "jaxrpcConsumers": 0,
            "jaxrpcProviders": 0,
            "jaxrsConsumers": 0,
            "jaxrsProviders": 1,
            "jaxwsConsumers": 5,
            "jaxwsProviders": 0
         },
         "potentialDeploymentProblemsSummary": {
            "archivesContainingDuplicateClasses": 0,
            "archivesContainingJavaEEorSEClasses": 1,
            "archivesContainingConflictingOpenSourceSoftwareClasses": 0,
            "archivesContainingWebSphereClasses": 1,
            "archivesNotReferencedInTheApplication": 3,
            "archivesWithMissingDependenciesInTheApplication": 1,
            "classesWithSystemLevelJVMConfiguration": 0,
            "sharedLibrariesReferencingApplicationClasses": 0
         },
         "potentialDeploymentProblemsDetails": [
            {
               "duplicateClassesWithinClassLoader": [
               ]
            },
            {
               "duplicateClassesAcrossApplication": [
               ]
            },
            {
               "javaEEandSEClasses": [
                  {
                     "conflictingPackages": [
                        "org.omg.stub.java.lang",
                        "org.omg.stub.javax.ejb"
                     ],
                     "packageLocation": [
                        "AcmeAnnuityEJB2x.jar"
                     ]
                  }
               ]
            },
            {
               "duplicateWebSphereClasses": [
                  {
                     "conflictingPackages": [
                        "com.ibm.websphere.csi"
                     ],
                     "packageLocation": [
                        "AcmeAnnuityEJB2x.jar"
                     ]
                  }
               ]
            },
            {
               "openSourceSoftwareClasses": [
               ]
            },
            {
               "archivesNotReferenced": [
                  {
                     "archive": "commons-dbcp-1.2.2.jar",
                     "referencedBy": ""
                  },
                  {
                     "archive": "commons-pool-1.3.jar",
                     "referencedBy": "commons-dbcp-1.2.2.jar"
                  },
                  {
                     "archive": "derbyclient.jar",
                     "referencedBy": ""
                  }
               ]
            },
            {
               "missingDependencies": [
                  {
                     "missingDependencies": [
                        "com.ibm.wsspi.security.oauth20.token",
                        "com.ibm.wsspi.wssecurity.platform.token",
                        "com.ibm.wsspi.wssecurity.saml.data",
                        "org.apache.commons.httpclient",
                        "org.apache.commons.httpclient.auth",
                        "org.apache.commons.httpclient.methods",
                        "org.apache.commons.httpclient.params",
                        "org.apache.openjpa.enhance",
                        "org.apache.openjpa.util",
                        "org.apache.wink.client",
                        "org.apache.wink.client.handlers",
                        "org.apache.wink.common.internal.providers.entity.xml",
                        "org.apache.wink.common.model.atom",
                        "org.apache.wink.common.model.wadl",
                        "org.codehaus.jackson.jaxrs",
                        "org.codehaus.jackson.map",
                        "org.codehaus.jackson.xc",
                        "org.ietf.jgss"
                     ],
                     "archive": [
                        "AcmeAnnuityCommon.jar"
                     ]
                  }
               ]
            },
            {
               "classesWithSystemLevelJVMConfiguration": [
               ]
            },
            {
               "sharedLibraryDependencies": [
               ]
            }
         ],
         "performanceConsiderations": {
            "archivesThatAreCandidatesForMetadataCompleteTrueAttribute": [
            ],
            "webModulesWithExcessiveClassFiles": [
            ],
            "webModulesWithExcessiveStaticResources": [
            ]
         },
         "containedArchiveInventory": [
            {
               "archiveName": "/opt/WAS855_RQMAuto_ACME/WAS/profiles/dmgr/config/cells/ndcell/applications/ACMEAnnuity.ear/ACMEAnnuity.ear/AcmeAnnuityCommon.jar",
               "moduleType": "Utility JAR",
               "containedPackages": [
                  "com.ibm.wssvt"
               ]
            },
            {
               "archiveName": "/opt/WAS855_RQMAuto_ACME/WAS/profiles/dmgr/config/cells/ndcell/applications/ACMEAnnuity.ear/ACMEAnnuity.ear/AcmeAnnuityEJB2x.jar",
               "moduleType": "EJB module",
               "moduleVersion": "2.1",
               "metadataComplete": "true",
               "summary": {
                  "servlets": 0,
                  "jsps": 0,
                  "jpaEntities": 0,
                  "bmpEntityBeans": 0,
                  "cmpEntityBeans": 0,
                  "messageDrivenBeans": 0,
                  "singletonSessionBeans": 0,
                  "statefulSessionBeans": 0,
                  "statelessSessionBeans": 1,
                  "jaxrpcConsumers": 0,
                  "jaxrpcProviders": 0,
                  "jaxrsConsumers": 0,
                  "jaxrsProviders": 0,
                  "jaxwsConsumers": 0,
                  "jaxwsProviders": 0
               }
            },
            {
               "archiveName": "/opt/WAS855_RQMAuto_ACME/WAS/profiles/dmgr/config/cells/ndcell/applications/ACMEAnnuity.ear/ACMEAnnuity.ear/AcmeAnnuityEJB3.jar",
               "moduleType": "EJB module",
               "moduleVersion": "3.0",
               "metadataComplete": "false",
               "summary": {
                  "servlets": 0,
                  "jsps": 0,
                  "jpaEntities": 0,
                  "bmpEntityBeans": 0,
                  "cmpEntityBeans": 0,
                  "messageDrivenBeans": 0,
                  "singletonSessionBeans": 0,
                  "statefulSessionBeans": 0,
                  "statelessSessionBeans": 7,
                  "jaxrpcConsumers": 0,
                  "jaxrpcProviders": 0,
                  "jaxrsConsumers": 0,
                  "jaxrsProviders": 0,
                  "jaxwsConsumers": 0,
                  "jaxwsProviders": 0
               }
            },
            {
               "archiveName": "/opt/WAS855_RQMAuto_ACME/WAS/profiles/dmgr/config/cells/ndcell/applications/ACMEAnnuity.ear/ACMEAnnuity.ear/AcmeAnnuityEJB31.jar",
               "moduleType": "EJB module",
               "moduleVersion": null,
               "metadataComplete": "Unspecified",
               "summary": {
                  "servlets": 0,
                  "jsps": 0,
                  "jpaEntities": 0,
                  "bmpEntityBeans": 0,
                  "cmpEntityBeans": 0,
                  "messageDrivenBeans": 0,
                  "singletonSessionBeans": 3,
                  "statefulSessionBeans": 0,
                  "statelessSessionBeans": 3,
                  "jaxrpcConsumers": 0,
                  "jaxrpcProviders": 0,
                  "jaxrsConsumers": 0,
                  "jaxrsProviders": 0,
                  "jaxwsConsumers": 0,
                  "jaxwsProviders": 0
               }
            },
            {
               "archiveName": "/opt/WAS855_RQMAuto_ACME/WAS/profiles/dmgr/config/cells/ndcell/applications/ACMEAnnuity.ear/ACMEAnnuity.ear/AcmeCommon.jar",
               "moduleType": "Utility JAR",
               "containedPackages": [
                  "com.ibm.wssvt"
               ]
            },
            {
               "archiveName": "/opt/WAS855_RQMAuto_ACME/WAS/profiles/dmgr/config/cells/ndcell/applications/ACMEAnnuity.ear/ACMEAnnuity.ear/commons-dbcp-1.2.2.jar",
               "moduleType": "Utility JAR",
               "containedPackages": [
                  "org.apache.commons"
               ]
            },
            {
               "archiveName": "/opt/WAS855_RQMAuto_ACME/WAS/profiles/dmgr/config/cells/ndcell/applications/ACMEAnnuity.ear/ACMEAnnuity.ear/commons-pool-1.3.jar",
               "moduleType": "Utility JAR",
               "containedPackages": [
                  "org.apache.commons"
               ]
            },
            {
               "archiveName": "/opt/WAS855_RQMAuto_ACME/WAS/profiles/dmgr/config/cells/ndcell/applications/ACMEAnnuity.ear/ACMEAnnuity.ear/derbyclient.jar",
               "moduleType": "Utility JAR",
               "containedPackages": [
                  "org.apache.derby"
               ]
            }
         ]
      }
   ],
   "sharedLibraryDetails": [
   ]
}