<?xml version="1.0" encoding="UTF-8"?><server description="Feature list generated by binaryAppScanner">
    <featureManager>
        <!--The following features are available in all editions of Liberty.-->
        <feature>cdi-1.0</feature>
        <feature>ejbLite-3.1</feature>
        <feature>jaxrs-1.1</feature>
        <feature>jndi-1.0</feature>
        <feature>jpa-2.0</feature>
        <feature>jsp-2.3</feature>
        <feature>servlet-3.1</feature>
        <!--The following features are available in Liberty base and above.-->
        <feature>jaxb-2.2</feature>
        <feature>jaxws-2.2</feature>
        <feature>jms-1.1</feature>
    </featureManager>
</server>