{
   "report": "analysis",
   "version": "1.2",
   "productVersion": "9.0",
   "productRelease": "18.0.0.1",
   "options": [
      "--sourceAppServer=was70",
      "--sourceJava=ibm5",
      "--targetAppServer=liberty",
      "--targetJava=ibm8",
      "--targetJavaEE=ee6",
      "--targetCloud=dockerIBMCloud",
      "--excludePackages=com.ibm.websphere,com.ibm.ws,com.ibm.db2,com.informix,com.microsoft,com.sybase,com.sun,java,javax,net,oracle,org,sqlj,_ibmjsp"
   ],
   "totalRulesFlagged": 14,
   "filesAffected": 34,
   "totalResults": 57,
   "severitySummary": [
      {
         "severity": "Severe",
         "totalRulesFlagged": 2,
         "totalResults": 3
      },
      {
         "severity": "Warning",
         "totalRulesFlagged": 11,
         "totalResults": 53
      },
      {
         "severity": "Information",
         "totalRulesFlagged": 1,
         "totalResults": 1
      }
   ],
   "applications": [
      "/home/ibmadmin/DayTrader/WAS/profiles/dmgr/config/cells/ndcell/applications/DayTrader3.0.9-ee6_split_tier_singleServer.ear/DayTrader3.0.9-ee6_split_tier_singleServer.ear"
   ],
   "rules": [
      {
         "ruleName": "Check for a behavior change for URLConnection, HttpURLConnection getInputStream method",
         "severity": "Information",
         "category": "Java SE version migration / Java SE 7 compatibility impacts",
         "results": [
            {
               "fileName": "DayTrader3.0.9-ee6_split_tier_singleServer.ear/web.war/WEB-INF/classes/com/ibm/websphere/samples/daytrader/web/prims/PingServlet2PDF.class",
               "details": [
                  {
                     "reference": "Method doGet",
                     "match": "java.net.URLConnection.getInputStream(*)",
                     "lineNumber": 79
                  }
               ]
            }
         ]
      },
      {
         "ruleName": "Databases",
         "severity": "Warning",
         "category": "Technology connectivity considerations for IBM Cloud",
         "results": [
            {
               "fileName": "DayTrader3.0.9-ee6_split_tier_singleServer.ear/dt-ejb.jar/com/ibm/websphere/samples/daytrader/AccountDataBean.class",
               "details": [
                  {
                     "reference": "Class annotation",
                     "match": "javax.persistence",
                     "lineNumber": 0
                  },
                  {
                     "reference": "Method login",
                     "match": "java.sql",
                     "lineNumber": 277
                  }
               ]
            },
            {
               "fileName": "DayTrader3.0.9-ee6_split_tier_singleServer.ear/web.war/WEB-INF/classes/com/ibm/websphere/samples/daytrader/web/prims/PingServlet2DB.class",
               "details": [
                  {
                     "reference": "Method doGet",
                     "match": "java.sql",
                     "lineNumber": 70
                  }
               ]
            },
            {
               "fileName": "DayTrader3.0.9-ee6_split_tier_singleServer.ear/web.war/WEB-INF/classes/com/ibm/websphere/samples/daytrader/web/prims/ejb3/PingServlet2Entity.class",
               "details": [
                  {
                     "reference": "Field annotation em",
                     "match": "javax.persistence",
                     "lineNumber": 0
                  }
               ]
            }
         ]
      },
      {
         "ruleName": "Do not use the HttpSession invalidate method for programmatic security logout in Servlet 3.0",
         "severity": "Warning",
         "category": "Java EE 6 / Servlet 3.0",
         "results": [
            {
               "fileName": "DayTrader3.0.9-ee6_split_tier_singleServer.ear/web.war/WEB-INF/classes/com/ibm/websphere/samples/daytrader/web/TradeServletAction.class",
               "details": [
                  {
                     "reference": "Method doLogout",
                     "match": "javax.servlet.http.HttpSession.invalidate(*)",
                     "lineNumber": 461
                  }
               ]
            },
            {
               "fileName": "DayTrader3.0.9-ee6_split_tier_singleServer.ear/web.war/WEB-INF/classes/com/ibm/websphere/samples/daytrader/web/prims/PingSession2.class",
               "details": [
                  {
                     "reference": "Method doGet",
                     "match": "javax.servlet.http.HttpSession.invalidate(*)",
                     "lineNumber": 88
                  }
               ]
            },
            {
               "fileName": "DayTrader3.0.9-ee6_split_tier_singleServer.ear/web.war/WEB-INF/classes/com/ibm/websphere/samples/daytrader/web/prims/PingSession3.class",
               "details": [
                  {
                     "reference": "Method doGet",
                     "match": "javax.servlet.http.HttpSession.invalidate(*)",
                     "lineNumber": 113
                  }
               ]
            }
         ]
      },
      {
         "ruleName": "Handling application configuration in Docker containers",
         "severity": "Warning",
         "category": "Docker (IBM Cloud Container Services)",
         "results": [
            {
               "fileName": "DayTrader3.0.9-ee6_split_tier_singleServer.ear/Rest.war/WEB-INF/lib/commons-codec-1.4.jar/META-INF/maven/commons-codec/commons-codec/pom.properties",
               "details": [
                  {
                     "reference": null,
                     "match": "(.*)?\\.properties",
                     "lineNumber": 0
                  }
               ]
            },
            {
               "fileName": "DayTrader3.0.9-ee6_split_tier_singleServer.ear/Rest.war/WEB-INF/lib/httpclient-4.0.1.jar/META-INF/maven/org.apache.httpcomponents/httpclient/pom.properties",
               "details": [
                  {
                     "reference": null,
                     "match": "(.*)?\\.properties",
                     "lineNumber": 0
                  }
               ]
            },
            {
               "fileName": "DayTrader3.0.9-ee6_split_tier_singleServer.ear/Rest.war/WEB-INF/lib/httpclient-4.0.1.jar/org/apache/http/client/version.properties",
               "details": [
                  {
                     "reference": null,
                     "match": "(.*)?\\.properties",
                     "lineNumber": 0
                  }
               ]
            },
            {
               "fileName": "DayTrader3.0.9-ee6_split_tier_singleServer.ear/Rest.war/WEB-INF/lib/httpcore-4.0.1.jar/META-INF/maven/org.apache.httpcomponents/httpcore/pom.properties",
               "details": [
                  {
                     "reference": null,
                     "match": "(.*)?\\.properties",
                     "lineNumber": 0
                  }
               ]
            },
            {
               "fileName": "DayTrader3.0.9-ee6_split_tier_singleServer.ear/Rest.war/WEB-INF/lib/httpcore-4.0.1.jar/org/apache/http/version.properties",
               "details": [
                  {
                     "reference": null,
                     "match": "(.*)?\\.properties",
                     "lineNumber": 0
                  }
               ]
            },
            {
               "fileName": "DayTrader3.0.9-ee6_split_tier_singleServer.ear/Rest.war/WEB-INF/lib/jcl-over-slf4j-1.5.11.jar/META-INF/maven/org.slf4j/jcl-over-slf4j/pom.properties",
               "details": [
                  {
                     "reference": null,
                     "match": "(.*)?\\.properties",
                     "lineNumber": 0
                  }
               ]
            },
            {
               "fileName": "DayTrader3.0.9-ee6_split_tier_singleServer.ear/Rest.war/WEB-INF/lib/slf4j-api-1.5.11.jar/META-INF/maven/org.slf4j/slf4j-api/pom.properties",
               "details": [
                  {
                     "reference": null,
                     "match": "(.*)?\\.properties",
                     "lineNumber": 0
                  }
               ]
            },
            {
               "fileName": "DayTrader3.0.9-ee6_split_tier_singleServer.ear/Rest.war/WEB-INF/lib/slf4j-jdk14-1.5.11.jar/META-INF/maven/org.slf4j/slf4j-jdk14/pom.properties",
               "details": [
                  {
                     "reference": null,
                     "match": "(.*)?\\.properties",
                     "lineNumber": 0
                  }
               ]
            },
            {
               "fileName": "DayTrader3.0.9-ee6_split_tier_singleServer.ear/web.war/WEB-INF/classes/build.properties",
               "details": [
                  {
                     "reference": null,
                     "match": "(.*)?\\.properties",
                     "lineNumber": 0
                  }
               ]
            },
            {
               "fileName": "DayTrader3.0.9-ee6_split_tier_singleServer.ear/web.war/WEB-INF/lib/standard-1.1.1.jar/org/apache/taglibs/standard/lang/jstl/Resources.properties",
               "details": [
                  {
                     "reference": null,
                     "match": "(.*)?\\.properties",
                     "lineNumber": 0
                  }
               ]
            },
            {
               "fileName": "DayTrader3.0.9-ee6_split_tier_singleServer.ear/web.war/WEB-INF/lib/standard-1.1.1.jar/org/apache/taglibs/standard/lang/jstl/Resources_ja.properties",
               "details": [
                  {
                     "reference": null,
                     "match": "(.*)?\\.properties",
                     "lineNumber": 0
                  }
               ]
            },
            {
               "fileName": "DayTrader3.0.9-ee6_split_tier_singleServer.ear/web.war/WEB-INF/lib/standard-1.1.1.jar/org/apache/taglibs/standard/resources/Resources.properties",
               "details": [
                  {
                     "reference": null,
                     "match": "(.*)?\\.properties",
                     "lineNumber": 0
                  }
               ]
            },
            {
               "fileName": "DayTrader3.0.9-ee6_split_tier_singleServer.ear/web.war/WEB-INF/lib/standard-1.1.1.jar/org/apache/taglibs/standard/resources/Resources_ja.properties",
               "details": [
                  {
                     "reference": null,
                     "match": "(.*)?\\.properties",
                     "lineNumber": 0
                  }
               ]
            }
         ]
      },
      {
         "ruleName": "Java Message Service (JMS)",
         "severity": "Warning",
         "category": "Technology connectivity considerations for IBM Cloud (not Liberty Core)",
         "results": [
            {
               "fileName": "DayTrader3.0.9-ee6_split_tier_singleServer.ear/dt-ejb.jar/com/ibm/websphere/samples/daytrader/direct/TradeDirect.class",
               "details": [
                  {
                     "reference": "Field qConnFactory",
                     "match": "javax.jms.ConnectionFactory",
                     "lineNumber": 0
                  }
               ]
            },
            {
               "fileName": "DayTrader3.0.9-ee6_split_tier_singleServer.ear/web.war/WEB-INF/classes/com/ibm/websphere/samples/daytrader/web/prims/ejb3/PingServlet2MDBQueue.class",
               "details": [
                  {
                     "reference": "Field queueConnectionFactory",
                     "match": "javax.jms.ConnectionFactory",
                     "lineNumber": 0
                  }
               ]
            }
         ]
      },
      {
         "ruleName": "Message-Driven Beans (MDB)",
         "severity": "Warning",
         "category": "Technology connectivity considerations for IBM Cloud (not Liberty Core)",
         "results": [
            {
               "fileName": "DayTrader3.0.9-ee6_split_tier_singleServer.ear/dt-ejb.jar/com/ibm/websphere/samples/daytrader/ejb3/DTBroker3MDB.class",
               "details": [
                  {
                     "reference": "Class annotation",
                     "match": "javax.ejb.ActivationConfigProperty",
                     "lineNumber": 0
                  }
               ]
            }
         ]
      },
      {
         "ruleName": "Remote EJB lookups",
         "severity": "Warning",
         "category": "Technology connectivity considerations for IBM Cloud (not Liberty Core)",
         "results": [
            {
               "fileName": "DayTrader3.0.9-ee6_split_tier_singleServer.ear/web.war/WEB-INF/web.xml",
               "details": [
                  {
                     "reference": null,
                     "match": "home",
                     "lineNumber": 135
                  }
               ]
            }
         ]
      },
      {
         "ruleName": "Remote EJB providers",
         "severity": "Warning",
         "category": "Technology connectivity considerations for IBM Cloud (not Liberty Core)",
         "results": [
            {
               "fileName": "DayTrader3.0.9-ee6_split_tier_singleServer.ear/dt-ejb.jar/com/ibm/websphere/samples/daytrader/ejb3/DirectSLSBRemote.class",
               "details": [
                  {
                     "reference": "Interface annotation",
                     "match": "javax.ejb.Remote",
                     "lineNumber": 0
                  }
               ]
            }
         ]
      },
      {
         "ruleName": "Review use of the dynamic cache service",
         "severity": "Warning",
         "category": "WebSphere traditional to Liberty",
         "results": [
            {
               "fileName": "DayTrader3.0.9-ee6_split_tier_singleServer.ear/dt-ejb.jar/com/ibm/websphere/samples/daytrader/TradeAction.class",
               "details": [
                  {
                     "reference": "Field dmap",
                     "match": "com.ibm.websphere.cache",
                     "lineNumber": 0
                  }
               ]
            },
            {
               "fileName": "DayTrader3.0.9-ee6_split_tier_singleServer.ear/dt-ejb.jar/com/ibm/websphere/samples/daytrader/command/ClosedOrdersCommand.class",
               "details": [
                  {
                     "reference": "Method postExecuteInvalidate",
                     "match": "com.ibm.websphere.cache",
                     "lineNumber": 77
                  }
               ]
            }
         ]
      },
      {
         "ruleName": "The InitialContext lookup method can return primitive types",
         "severity": "Warning",
         "category": "WebSphere traditional to Liberty",
         "results": [
            {
               "fileName": "DayTrader3.0.9-ee6_split_tier_singleServer.ear/dt-ejb.jar/com/ibm/websphere/samples/daytrader/TradeAction.class",
               "details": [
                  {
                     "reference": "Method createTrade",
                     "match": "javax.naming.InitialContext.lookup(*)",
                     "lineNumber": 84
                  },
                  {
                     "reference": "Method createTrade",
                     "match": "javax.naming.InitialContext.lookup(*)",
                     "lineNumber": 87
                  },
                  {
                     "reference": "Method createTrade",
                     "match": "javax.naming.InitialContext.lookup(*)",
                     "lineNumber": 103
                  },
                  {
                     "reference": "Method createTrade",
                     "match": "javax.naming.InitialContext.lookup(*)",
                     "lineNumber": 106
                  }
               ]
            },
            {
               "fileName": "DayTrader3.0.9-ee6_split_tier_singleServer.ear/dt-ejb.jar/com/ibm/websphere/samples/daytrader/direct/TradeDirect.class",
               "details": [
                  {
                     "reference": "Method buy",
                     "match": "javax.naming.InitialContext.lookup(*)",
                     "lineNumber": 219
                  },
                  {
                     "reference": "Method getDataSource",
                     "match": "javax.naming.InitialContext.lookup(*)",
                     "lineNumber": 2012
                  },
                  {
                     "reference": "Method init",
                     "match": "javax.naming.InitialContext.lookup(*)",
                     "lineNumber": 2200
                  },
                  {
                     "reference": "Method init",
                     "match": "javax.naming.InitialContext.lookup(*)",
                     "lineNumber": 2207
                  },
                  {
                     "reference": "Method init",
                     "match": "javax.naming.InitialContext.lookup(*)",
                     "lineNumber": 2210
                  },
                  {
                     "reference": "Method init",
                     "match": "javax.naming.InitialContext.lookup(*)",
                     "lineNumber": 2218
                  },
                  {
                     "reference": "Method init",
                     "match": "javax.naming.InitialContext.lookup(*)",
                     "lineNumber": 2221
                  },
                  {
                     "reference": "Method init",
                     "match": "javax.naming.InitialContext.lookup(*)",
                     "lineNumber": 2224
                  },
                  {
                     "reference": "Method init",
                     "match": "javax.naming.InitialContext.lookup(*)",
                     "lineNumber": 2227
                  },
                  {
                     "reference": "Method init",
                     "match": "javax.naming.InitialContext.lookup(*)",
                     "lineNumber": 2237
                  },
                  {
                     "reference": "Method init",
                     "match": "javax.naming.InitialContext.lookup(*)",
                     "lineNumber": 2240
                  },
                  {
                     "reference": "Method init",
                     "match": "javax.naming.InitialContext.lookup(*)",
                     "lineNumber": 2248
                  },
                  {
                     "reference": "Method init",
                     "match": "javax.naming.InitialContext.lookup(*)",
                     "lineNumber": 2251
                  },
                  {
                     "reference": "Method init",
                     "match": "javax.naming.InitialContext.lookup(*)",
                     "lineNumber": 2254
                  },
                  {
                     "reference": "Method init",
                     "match": "javax.naming.InitialContext.lookup(*)",
                     "lineNumber": 2257
                  },
                  {
                     "reference": "Method sell",
                     "match": "javax.naming.InitialContext.lookup(*)",
                     "lineNumber": 303
                  }
               ]
            },
            {
               "fileName": "DayTrader3.0.9-ee6_split_tier_singleServer.ear/web.war/WEB-INF/classes/com/ibm/websphere/samples/daytrader/web/prims/PingServlet2JNDI.class",
               "details": [
                  {
                     "reference": "Method doGet",
                     "match": "javax.naming.InitialContext.lookup(*)",
                     "lineNumber": 74
                  }
               ]
            },
            {
               "fileName": "DayTrader3.0.9-ee6_split_tier_singleServer.ear/web.war/WEB-INF/classes/com/ibm/websphere/samples/daytrader/web/prims/ejb3/PingServlet2Session.class",
               "details": [
                  {
                     "reference": "Method init",
                     "match": "javax.naming.InitialContext.lookup(*)",
                     "lineNumber": 118
                  }
               ]
            },
            {
               "fileName": "DayTrader3.0.9-ee6_split_tier_singleServer.ear/web.war/WEB-INF/classes/com/ibm/websphere/samples/daytrader/web/prims/ejb3/PingServlet2Session2Entity.class",
               "details": [
                  {
                     "reference": "Method init",
                     "match": "javax.naming.InitialContext.lookup(*)",
                     "lineNumber": 109
                  }
               ]
            },
            {
               "fileName": "DayTrader3.0.9-ee6_split_tier_singleServer.ear/web.war/WEB-INF/classes/com/ibm/websphere/samples/daytrader/web/prims/ejb3/PingServlet2Session2Entity2JSP.class",
               "details": [
                  {
                     "reference": "Method init",
                     "match": "javax.naming.InitialContext.lookup(*)",
                     "lineNumber": 101
                  }
               ]
            },
            {
               "fileName": "DayTrader3.0.9-ee6_split_tier_singleServer.ear/web.war/WEB-INF/classes/com/ibm/websphere/samples/daytrader/web/prims/ejb3/PingServlet2SessionLocal.class",
               "details": [
                  {
                     "reference": "Method init",
                     "match": "javax.naming.InitialContext.lookup(*)",
                     "lineNumber": 117
                  }
               ]
            }
         ]
      },
      {
         "ruleName": "The JSF SunRI engine was removed",
         "severity": "Severe",
         "category": "WebSphere version migration / V8.5 to V9.0 migration",
         "results": [
            {
               "fileName": "DayTrader3.0.9-ee6_split_tier_singleServer.ear/web.war/WEB-INF/faces-config.xml",
               "details": [
                  {
                     "reference": null,
                     "match": "faces-config",
                     "lineNumber": 3
                  }
               ]
            }
         ]
      },
      {
         "ruleName": "Transaction propagation is not supported for Enterprise JavaBeans (EJB) remote interfaces",
         "severity": "Severe",
         "category": "Java Technology Support for Liberty",
         "results": [
            {
               "fileName": "DayTrader3.0.9-ee6_split_tier_singleServer.ear/dt-ejb.jar/com/ibm/websphere/samples/daytrader/ejb3/DirectSLSBRemote.class",
               "details": [
                  {
                     "reference": "Interface annotation",
                     "match": "javax.ejb.Remote",
                     "lineNumber": 0
                  }
               ]
            },
            {
               "fileName": "DayTrader3.0.9-ee6_split_tier_singleServer.ear/dt-ejb.jar/com/ibm/websphere/samples/daytrader/ejb3/TradeSLSBRemote.class",
               "details": [
                  {
                     "reference": "Interface annotation",
                     "match": "javax.ejb.Remote",
                     "lineNumber": 0
                  }
               ]
            }
         ]
      },
      {
         "ruleName": "Validate the URL host and port for cloud access",
         "severity": "Warning",
         "category": "Connectivity considerations for IBM Cloud (Docker and WebSphere in IBM Cloud)",
         "results": [
            {
               "fileName": "DayTrader3.0.9-ee6_split_tier_singleServer.ear/web.war/WEB-INF/classes/com/ibm/websphere/samples/daytrader/web/prims/PingServlet2PDF.class",
               "details": [
                  {
                     "reference": "Method doGet",
                     "match": "http://localhost:9080/daytrader/WAS_V7_64-bit_performance.pdf",
                     "lineNumber": 76
                  }
               ]
            }
         ]
      }
   ]
}