{
   "report": "analysis",
   "version": "1.2",
   "productVersion": "9.0",
   "productRelease": "18.0.0.1",
   "options": [
      "--sourceAppServer=was70",
      "--sourceJava=ibm5",
      "--targetAppServer=was90",
      "--targetJava=ibm8",
      "--targetJavaEE=ee7",
      "--targetCloud=vmIBMCloud",
      "--excludePackages=com.ibm.websphere,com.ibm.ws,com.ibm.db2,com.informix,com.microsoft,com.sybase,com.sun,java,javax,net,oracle,org,sqlj,_ibmjsp"
   ],
   "totalRulesFlagged": 15,
   "filesAffected": 29,
   "totalResults": 34,
   "severitySummary": [
      {
         "severity": "Severe",
         "totalRulesFlagged": 2,
         "totalResults": 3
      },
      {
         "severity": "Warning",
         "totalRulesFlagged": 12,
         "totalResults": 30
      },
      {
         "severity": "Information",
         "totalRulesFlagged": 1,
         "totalResults": 1
      }
   ],
   "applications": [
      "/home/ibmadmin/DayTrader/WAS/profiles/dmgr/config/cells/ndcell/applications/DayTrader3.0.9-ee6_split_tier_singleServer.ear/DayTrader3.0.9-ee6_split_tier_singleServer.ear"
   ],
   "rules": [
      {
         "ruleName": "CDI recognizes implicit bean archives",
         "severity": "Warning",
         "category": "Java EE 7 / CDI",
         "results": [
            {
               "fileName": "DayTrader3.0.9-ee6_split_tier_singleServer.ear/dt-ejb.jar/com/ibm/websphere/samples/daytrader/ejb3/DirectSLSBBean.class",
               "details": [
                  {
                     "reference": "Class annotation",
                     "match": "javax.ejb.Stateless",
                     "lineNumber": 0
                  }
               ]
            },
            {
               "fileName": "DayTrader3.0.9-ee6_split_tier_singleServer.ear/dt-ejb.jar/com/ibm/websphere/samples/daytrader/ejb3/TradeSLSBBean.class",
               "details": [
                  {
                     "reference": "Class annotation",
                     "match": "javax.ejb.Stateless",
                     "lineNumber": 0
                  }
               ]
            }
         ]
      },
      {
         "ruleName": "CDI scans for implicit beans when there is no beans.xml file",
         "severity": "Warning",
         "category": "Java EE 7 / CDI",
         "results": [
            {
               "fileName": "DayTrader3.0.9-ee6_split_tier_singleServer.ear/Rest.war",
               "details": [
                  {
                     "reference": null,
                     "match": ".*(\\.war|\\.jar)",
                     "lineNumber": 0
                  }
               ]
            },
            {
               "fileName": "DayTrader3.0.9-ee6_split_tier_singleServer.ear/Rest.war/WEB-INF/lib/commons-codec-1.4.jar",
               "details": [
                  {
                     "reference": null,
                     "match": ".*(\\.war|\\.jar)",
                     "lineNumber": 0
                  }
               ]
            },
            {
               "fileName": "DayTrader3.0.9-ee6_split_tier_singleServer.ear/Rest.war/WEB-INF/lib/commons-lang-2.3.jar",
               "details": [
                  {
                     "reference": null,
                     "match": ".*(\\.war|\\.jar)",
                     "lineNumber": 0
                  }
               ]
            },
            {
               "fileName": "DayTrader3.0.9-ee6_split_tier_singleServer.ear/Rest.war/WEB-INF/lib/httpclient-4.0.1.jar",
               "details": [
                  {
                     "reference": null,
                     "match": ".*(\\.war|\\.jar)",
                     "lineNumber": 0
                  }
               ]
            },
            {
               "fileName": "DayTrader3.0.9-ee6_split_tier_singleServer.ear/Rest.war/WEB-INF/lib/httpcore-4.0.1.jar",
               "details": [
                  {
                     "reference": null,
                     "match": ".*(\\.war|\\.jar)",
                     "lineNumber": 0
                  }
               ]
            },
            {
               "fileName": "DayTrader3.0.9-ee6_split_tier_singleServer.ear/Rest.war/WEB-INF/lib/jcl-over-slf4j-1.5.11.jar",
               "details": [
                  {
                     "reference": null,
                     "match": ".*(\\.war|\\.jar)",
                     "lineNumber": 0
                  }
               ]
            },
            {
               "fileName": "DayTrader3.0.9-ee6_split_tier_singleServer.ear/Rest.war/WEB-INF/lib/jsr311-api-1.1.jar",
               "details": [
                  {
                     "reference": null,
                     "match": ".*(\\.war|\\.jar)",
                     "lineNumber": 0
                  }
               ]
            },
            {
               "fileName": "DayTrader3.0.9-ee6_split_tier_singleServer.ear/Rest.war/WEB-INF/lib/slf4j-api-1.5.11.jar",
               "details": [
                  {
                     "reference": null,
                     "match": ".*(\\.war|\\.jar)",
                     "lineNumber": 0
                  }
               ]
            },
            {
               "fileName": "DayTrader3.0.9-ee6_split_tier_singleServer.ear/Rest.war/WEB-INF/lib/slf4j-jdk14-1.5.11.jar",
               "details": [
                  {
                     "reference": null,
                     "match": ".*(\\.war|\\.jar)",
                     "lineNumber": 0
                  }
               ]
            },
            {
               "fileName": "DayTrader3.0.9-ee6_split_tier_singleServer.ear/dt-ejb.jar",
               "details": [
                  {
                     "reference": null,
                     "match": ".*(\\.war|\\.jar)",
                     "lineNumber": 0
                  }
               ]
            },
            {
               "fileName": "DayTrader3.0.9-ee6_split_tier_singleServer.ear/web.war",
               "details": [
                  {
                     "reference": null,
                     "match": ".*(\\.war|\\.jar)",
                     "lineNumber": 0
                  }
               ]
            },
            {
               "fileName": "DayTrader3.0.9-ee6_split_tier_singleServer.ear/web.war/WEB-INF/lib/standard-1.1.1.jar",
               "details": [
                  {
                     "reference": null,
                     "match": ".*(\\.war|\\.jar)",
                     "lineNumber": 0
                  }
               ]
            }
         ]
      },
      {
         "ruleName": "Check for a behavior change for URLConnection, HttpURLConnection getInputStream method",
         "severity": "Information",
         "category": "Java SE version migration / Java SE 7 compatibility impacts",
         "results": [
            {
               "fileName": "DayTrader3.0.9-ee6_split_tier_singleServer.ear/web.war/WEB-INF/classes/com/ibm/websphere/samples/daytrader/web/prims/PingServlet2PDF.class",
               "details": [
                  {
                     "reference": "Method doGet",
                     "match": "java.net.URLConnection.getInputStream(*)",
                     "lineNumber": 79
                  }
               ]
            }
         ]
      },
      {
         "ruleName": "Check for a behavior change on the sendRedirect method",
         "severity": "Severe",
         "category": "Java EE 7 / Servlet 3.1",
         "results": [
            {
               "fileName": "DayTrader3.0.9-ee6_split_tier_singleServer.ear/web.war/WEB-INF/classes/com/ibm/websphere/samples/daytrader/web/TradeAppServlet.class",
               "details": [
                  {
                     "reference": "Method sendRedirect",
                     "match": "javax.servlet.http.HttpServletResponse.sendRedirect(java.lang.String)",
                     "lineNumber": 201
                  }
               ]
            },
            {
               "fileName": "DayTrader3.0.9-ee6_split_tier_singleServer.ear/web.war/WEB-INF/classes/com/ibm/websphere/samples/daytrader/web/TradeServletAction.class",
               "details": [
                  {
                     "reference": "Method sendRedirect",
                     "match": "javax.servlet.http.HttpServletResponse.sendRedirect(java.lang.String)",
                     "lineNumber": 732
                  }
               ]
            }
         ]
      },
      {
         "ruleName": "Databases",
         "severity": "Warning",
         "category": "Technology connectivity considerations for IBM Cloud",
         "results": [
            {
               "fileName": "DayTrader3.0.9-ee6_split_tier_singleServer.ear/dt-ejb.jar/com/ibm/websphere/samples/daytrader/AccountDataBean.class",
               "details": [
                  {
                     "reference": "Class annotation",
                     "match": "javax.persistence",
                     "lineNumber": 0
                  },
                  {
                     "reference": "Method login",
                     "match": "java.sql",
                     "lineNumber": 277
                  }
               ]
            },
            {
               "fileName": "DayTrader3.0.9-ee6_split_tier_singleServer.ear/web.war/WEB-INF/classes/com/ibm/websphere/samples/daytrader/web/prims/PingServlet2DB.class",
               "details": [
                  {
                     "reference": "Method doGet",
                     "match": "java.sql",
                     "lineNumber": 70
                  }
               ]
            },
            {
               "fileName": "DayTrader3.0.9-ee6_split_tier_singleServer.ear/web.war/WEB-INF/classes/com/ibm/websphere/samples/daytrader/web/prims/ejb3/PingServlet2Entity.class",
               "details": [
                  {
                     "reference": "Field annotation em",
                     "match": "javax.persistence",
                     "lineNumber": 0
                  }
               ]
            }
         ]
      },
      {
         "ruleName": "Do not use the HttpSession invalidate method for programmatic security logout in Servlet 3.0",
         "severity": "Warning",
         "category": "Java EE 6 / Servlet 3.0",
         "results": [
            {
               "fileName": "DayTrader3.0.9-ee6_split_tier_singleServer.ear/web.war/WEB-INF/classes/com/ibm/websphere/samples/daytrader/web/TradeServletAction.class",
               "details": [
                  {
                     "reference": "Method doLogout",
                     "match": "javax.servlet.http.HttpSession.invalidate(*)",
                     "lineNumber": 461
                  }
               ]
            },
            {
               "fileName": "DayTrader3.0.9-ee6_split_tier_singleServer.ear/web.war/WEB-INF/classes/com/ibm/websphere/samples/daytrader/web/prims/PingSession2.class",
               "details": [
                  {
                     "reference": "Method doGet",
                     "match": "javax.servlet.http.HttpSession.invalidate(*)",
                     "lineNumber": 88
                  }
               ]
            },
            {
               "fileName": "DayTrader3.0.9-ee6_split_tier_singleServer.ear/web.war/WEB-INF/classes/com/ibm/websphere/samples/daytrader/web/prims/PingSession3.class",
               "details": [
                  {
                     "reference": "Method doGet",
                     "match": "javax.servlet.http.HttpSession.invalidate(*)",
                     "lineNumber": 113
                  }
               ]
            }
         ]
      },
      {
         "ruleName": "Java API for RESTful Web Services (JAX-RS)",
         "severity": "Warning",
         "category": "Java EE 6 / JAX-RS 1.1",
         "results": [
            {
               "fileName": "DayTrader3.0.9-ee6_split_tier_singleServer.ear/Rest.war/WEB-INF/classes/com/ibm/websphere/samples/daytrader/rest/Address.class",
               "details": [
                  {
                     "reference": "Method get",
                     "match": "javax.ws.rs.core",
                     "lineNumber": 65
                  }
               ]
            }
         ]
      },
      {
         "ruleName": "Java Message Service (JMS)",
         "severity": "Warning",
         "category": "Technology connectivity considerations for IBM Cloud (not Liberty Core)",
         "results": [
            {
               "fileName": "DayTrader3.0.9-ee6_split_tier_singleServer.ear/dt-ejb.jar/com/ibm/websphere/samples/daytrader/direct/TradeDirect.class",
               "details": [
                  {
                     "reference": "Field qConnFactory",
                     "match": "javax.jms.ConnectionFactory",
                     "lineNumber": 0
                  }
               ]
            },
            {
               "fileName": "DayTrader3.0.9-ee6_split_tier_singleServer.ear/web.war/WEB-INF/classes/com/ibm/websphere/samples/daytrader/web/prims/ejb3/PingServlet2MDBQueue.class",
               "details": [
                  {
                     "reference": "Field queueConnectionFactory",
                     "match": "javax.jms.ConnectionFactory",
                     "lineNumber": 0
                  }
               ]
            }
         ]
      },
      {
         "ruleName": "Java Persistence API (JPA)",
         "severity": "Warning",
         "category": "Java EE 6 / JPA 2.0",
         "results": [
            {
               "fileName": "DayTrader3.0.9-ee6_split_tier_singleServer.ear/dt-ejb.jar/com/ibm/websphere/samples/daytrader/AccountDataBean.class",
               "details": [
                  {
                     "reference": "Class annotation",
                     "match": "javax.persistence",
                     "lineNumber": 0
                  }
               ]
            },
            {
               "fileName": "DayTrader3.0.9-ee6_split_tier_singleServer.ear/web.war/WEB-INF/classes/com/ibm/websphere/samples/daytrader/web/prims/ejb3/PingServlet2Entity.class",
               "details": [
                  {
                     "reference": "Field annotation em",
                     "match": "javax.persistence",
                     "lineNumber": 0
                  }
               ]
            }
         ]
      },
      {
         "ruleName": "Message-Driven Beans (MDB)",
         "severity": "Warning",
         "category": "Technology connectivity considerations for IBM Cloud (not Liberty Core)",
         "results": [
            {
               "fileName": "DayTrader3.0.9-ee6_split_tier_singleServer.ear/dt-ejb.jar/com/ibm/websphere/samples/daytrader/ejb3/DTBroker3MDB.class",
               "details": [
                  {
                     "reference": "Class annotation",
                     "match": "javax.ejb.ActivationConfigProperty",
                     "lineNumber": 0
                  }
               ]
            }
         ]
      },
      {
         "ruleName": "Remote EJB lookups",
         "severity": "Warning",
         "category": "Technology connectivity considerations for IBM Cloud (not Liberty Core)",
         "results": [
            {
               "fileName": "DayTrader3.0.9-ee6_split_tier_singleServer.ear/web.war/WEB-INF/web.xml",
               "details": [
                  {
                     "reference": null,
                     "match": "home",
                     "lineNumber": 135
                  }
               ]
            }
         ]
      },
      {
         "ruleName": "Remote EJB providers",
         "severity": "Warning",
         "category": "Technology connectivity considerations for IBM Cloud (not Liberty Core)",
         "results": [
            {
               "fileName": "DayTrader3.0.9-ee6_split_tier_singleServer.ear/dt-ejb.jar/com/ibm/websphere/samples/daytrader/ejb3/DirectSLSBRemote.class",
               "details": [
                  {
                     "reference": "Interface annotation",
                     "match": "javax.ejb.Remote",
                     "lineNumber": 0
                  }
               ]
            }
         ]
      },
      {
         "ruleName": "The JSF SunRI engine was removed",
         "severity": "Severe",
         "category": "WebSphere version migration / V8.5 to V9.0 migration",
         "results": [
            {
               "fileName": "DayTrader3.0.9-ee6_split_tier_singleServer.ear/web.war/WEB-INF/faces-config.xml",
               "details": [
                  {
                     "reference": null,
                     "match": "faces-config",
                     "lineNumber": 3
                  }
               ]
            }
         ]
      },
      {
         "ruleName": "Validate the URL host and port for cloud access",
         "severity": "Warning",
         "category": "Connectivity considerations for IBM Cloud (Docker and WebSphere in IBM Cloud)",
         "results": [
            {
               "fileName": "DayTrader3.0.9-ee6_split_tier_singleServer.ear/web.war/WEB-INF/classes/com/ibm/websphere/samples/daytrader/web/prims/PingServlet2PDF.class",
               "details": [
                  {
                     "reference": "Method doGet",
                     "match": "http://localhost:9080/daytrader/WAS_V7_64-bit_performance.pdf",
                     "lineNumber": 76
                  }
               ]
            }
         ]
      }
   ]
}