{
   "report": "inventory",
   "version": "2.3",
   "productVersion": "9.0",
   "productRelease": "18.0.0.1",
   "options": [
      "--excludePackages=com.ibm.websphere,com.ibm.ws,com.ibm.db2,com.informix,com.microsoft,com.sybase,com.sun,java,javax,net,oracle,org,sqlj,_ibmjsp"
   ],
   "applications": [
      "/home/ibmadmin/DayTrader/WAS/profiles/dmgr/config/cells/ndcell/applications/DayTrader3.0.9-ee6_split_tier.ear/DayTrader3.0.9-ee6_split_tier.ear"
   ],
   "sharedLibraries": [
   ],
   "archives": {
      "ears": 1,
      "wars": 2,
      "rars": 0,
      "ejbs": 1,
      "webFragments": 0,
      "utilityJars": 9,
      "appClients": 0
   },
   "summary": {
      "servlets": 35,
      "jsps": 24,
      "jpaEntities": 5,
      "bmpEntityBeans": 0,
      "cmpEntityBeans": 0,
      "messageDrivenBeans": 2,
      "singletonSessionBeans": 0,
      "statefulSessionBeans": 0,
      "statelessSessionBeans": 2,
      "jaxrpcConsumers": 0,
      "jaxrpcProviders": 0,
      "jaxrsConsumers": 0,
      "jaxrsProviders": 2,
      "jaxwsConsumers": 0,
      "jaxwsProviders": 0
   },
   "archiveInventory": [
      {
         "archiveName": "/home/ibmadmin/DayTrader/WAS/profiles/dmgr/config/cells/ndcell/applications/DayTrader3.0.9-ee6_split_tier.ear/DayTrader3.0.9-ee6_split_tier.ear",
         "moduleType": "Enterprise archive",
         "moduleVersion": "6",
         "metadataComplete": null,
         "archives": {
            "wars": 2,
            "rars": 0,
            "ejbs": 1,
            "utilityJars": 9,
            "appClients": 0
         },
         "summary": {
            "servlets": 35,
            "jsps": 24,
            "jpaEntities": 5,
            "bmpEntityBeans": 0,
            "cmpEntityBeans": 0,
            "messageDrivenBeans": 2,
            "singletonSessionBeans": 0,
            "statefulSessionBeans": 0,
            "statelessSessionBeans": 2,
            "jaxrpcConsumers": 0,
            "jaxrpcProviders": 0,
            "jaxrsConsumers": 0,
            "jaxrsProviders": 2,
            "jaxwsConsumers": 0,
            "jaxwsProviders": 0
         },
         "potentialDeploymentProblemsSummary": {
            "archivesContainingDuplicateClasses": 0,
            "archivesContainingJavaEEorSEClasses": 1,
            "archivesContainingConflictingOpenSourceSoftwareClasses": 5,
            "archivesContainingWebSphereClasses": 0,
            "archivesNotReferencedInTheApplication": 6,
            "archivesWithMissingDependenciesInTheApplication": 2,
            "classesWithSystemLevelJVMConfiguration": 0,
            "sharedLibrariesReferencingApplicationClasses": 0
         },
         "potentialDeploymentProblemsDetails": [
            {
               "duplicateClassesWithinClassLoader": [
               ]
            },
            {
               "duplicateClassesAcrossApplication": [
               ]
            },
            {
               "javaEEandSEClasses": [
                  {
                     "conflictingPackages": [
                        "javax.ws.rs",
                        "javax.ws.rs.core",
                        "javax.ws.rs.ext"
                     ],
                     "packageLocation": [
                        "Rest.war/WEB-INF/lib/jsr311-api-1.1.jar"
                     ]
                  }
               ]
            },
            {
               "duplicateWebSphereClasses": [
               ]
            },
            {
               "openSourceSoftwareClasses": [
                  {
                     "conflictingPackages": [
                        "org.apache.commons.codec.binary"
                     ],
                     "packageLocation": [
                        "Rest.war/WEB-INF/lib/commons-codec-1.4.jar"
                     ],
                     "appliesTo": [
                        "V8.5.5",
                        "V9.0"
                     ]
                  },
                  {
                     "conflictingPackages": [
                        "org.apache.commons.logging",
                        "org.apache.commons.logging.impl"
                     ],
                     "packageLocation": [
                        "Rest.war/WEB-INF/lib/jcl-over-slf4j-1.5.11.jar"
                     ],
                     "appliesTo": [
                        "V8.5.5",
                        "V9.0"
                     ]
                  },
                  {
                     "conflictingPackages": [
                        "org.apache.http",
                        "org.apache.http.entity",
                        "org.apache.http.impl",
                        "org.apache.http.impl.entity",
                        "org.apache.http.impl.io",
                        "org.apache.http.io",
                        "org.apache.http.message",
                        "org.apache.http.params",
                        "org.apache.http.protocol",
                        "org.apache.http.util"
                     ],
                     "packageLocation": [
                        "Rest.war/WEB-INF/lib/httpcore-4.0.1.jar"
                     ],
                     "appliesTo": [
                        "V8.5.5"
                     ]
                  },
                  {
                     "conflictingPackages": [
                        "org.apache.http.annotation",
                        "org.apache.http.auth",
                        "org.apache.http.auth.params",
                        "org.apache.http.client",
                        "org.apache.http.client.entity",
                        "org.apache.http.client.methods",
                        "org.apache.http.client.params",
                        "org.apache.http.client.protocol",
                        "org.apache.http.client.utils",
                        "org.apache.http.conn",
                        "org.apache.http.conn.params",
                        "org.apache.http.conn.routing",
                        "org.apache.http.conn.scheme",
                        "org.apache.http.conn.ssl",
                        "org.apache.http.conn.util",
                        "org.apache.http.cookie",
                        "org.apache.http.cookie.params",
                        "org.apache.http.impl.auth",
                        "org.apache.http.impl.client",
                        "org.apache.http.impl.conn",
                        "org.apache.http.impl.conn.tsccm",
                        "org.apache.http.impl.cookie"
                     ],
                     "packageLocation": [
                        "Rest.war/WEB-INF/lib/httpclient-4.0.1.jar"
                     ],
                     "appliesTo": [
                        "V8.5.5"
                     ]
                  },
                  {
                     "conflictingPackages": [
                        "org.apache.taglibs.standard",
                        "org.apache.taglibs.standard.extra.spath",
                        "org.apache.taglibs.standard.functions",
                        "org.apache.taglibs.standard.lang.jstl",
                        "org.apache.taglibs.standard.lang.jstl.parser",
                        "org.apache.taglibs.standard.lang.jstl.test",
                        "org.apache.taglibs.standard.lang.jstl.test.beans",
                        "org.apache.taglibs.standard.lang.support",
                        "org.apache.taglibs.standard.resources",
                        "org.apache.taglibs.standard.tag.common.core",
                        "org.apache.taglibs.standard.tag.common.fmt",
                        "org.apache.taglibs.standard.tag.common.sql",
                        "org.apache.taglibs.standard.tag.common.xml",
                        "org.apache.taglibs.standard.tag.el.core",
                        "org.apache.taglibs.standard.tag.el.fmt",
                        "org.apache.taglibs.standard.tag.el.sql",
                        "org.apache.taglibs.standard.tag.el.xml",
                        "org.apache.taglibs.standard.tag.rt.core",
                        "org.apache.taglibs.standard.tag.rt.fmt",
                        "org.apache.taglibs.standard.tag.rt.sql",
                        "org.apache.taglibs.standard.tag.rt.xml",
                        "org.apache.taglibs.standard.tei",
                        "org.apache.taglibs.standard.tlv"
                     ],
                     "packageLocation": [
                        "web.war/WEB-INF/lib/standard-1.1.1.jar"
                     ],
                     "appliesTo": [
                        "V8.5.5",
                        "V9.0",
                        "Liberty"
                     ]
                  }
               ]
            },
            {
               "archivesNotReferenced": [
                  {
                     "archive": "Rest.war/WEB-INF/lib/commons-codec-1.4.jar",
                     "referencedBy": "Rest.war/WEB-INF/lib/httpclient-4.0.1.jar"
                  },
                  {
                     "archive": "Rest.war/WEB-INF/lib/commons-lang-2.3.jar",
                     "referencedBy": ""
                  },
                  {
                     "archive": "Rest.war/WEB-INF/lib/httpclient-4.0.1.jar",
                     "referencedBy": ""
                  },
                  {
                     "archive": "Rest.war/WEB-INF/lib/httpcore-4.0.1.jar",
                     "referencedBy": "Rest.war/WEB-INF/lib/httpclient-4.0.1.jar"
                  },
                  {
                     "archive": "Rest.war/WEB-INF/lib/jcl-over-slf4j-1.5.11.jar",
                     "referencedBy": "Rest.war/WEB-INF/lib/httpclient-4.0.1.jar"
                  },
                  {
                     "archive": "web.war/WEB-INF/lib/standard-1.1.1.jar",
                     "referencedBy": ""
                  }
               ]
            },
            {
               "missingDependencies": [
                  {
                     "missingDependencies": [
                        "com.ibm.wsspi.cache"
                     ],
                     "archive": [
                        "dt-ejb.jar"
                     ]
                  },
                  {
                     "missingDependencies": [
                        "org.apache.xalan.serialize",
                        "org.apache.xalan.templates",
                        "org.apache.xml.utils",
                        "org.apache.xpath",
                        "org.apache.xpath.objects"
                     ],
                     "archive": [
                        "web.war/WEB-INF/lib/standard-1.1.1.jar"
                     ]
                  }
               ]
            },
            {
               "classesWithSystemLevelJVMConfiguration": [
               ]
            },
            {
               "sharedLibraryDependencies": [
               ]
            }
         ],
         "performanceConsiderations": {
            "archivesThatAreCandidatesForMetadataCompleteTrueAttribute": [
            ],
            "webModulesWithExcessiveClassFiles": [
            ],
            "webModulesWithExcessiveStaticResources": [
            ]
         },
         "containedArchiveInventory": [
            {
               "archiveName": "/home/ibmadmin/DayTrader/WAS/profiles/dmgr/config/cells/ndcell/applications/DayTrader3.0.9-ee6_split_tier.ear/DayTrader3.0.9-ee6_split_tier.ear/Rest.war",
               "moduleType": "Web module",
               "moduleVersion": "3.0",
               "metadataComplete": "Unspecified",
               "archives": {
                  "ejbs": 0,
                  "webFragments": 0,
                  "utilityJars": 8
               },
               "summary": {
                  "servlets": 0,
                  "jsps": 0,
                  "jpaEntities": 0,
                  "bmpEntityBeans": 0,
                  "cmpEntityBeans": 0,
                  "messageDrivenBeans": 0,
                  "singletonSessionBeans": 0,
                  "statefulSessionBeans": 0,
                  "statelessSessionBeans": 0,
                  "jaxrpcConsumers": 0,
                  "jaxrpcProviders": 0,
                  "jaxrsConsumers": 0,
                  "jaxrsProviders": 2,
                  "jaxwsConsumers": 0,
                  "jaxwsProviders": 0
               },
               "containedArchiveInventory": [
                  {
                     "archiveName": "/home/ibmadmin/DayTrader/WAS/profiles/dmgr/config/cells/ndcell/applications/DayTrader3.0.9-ee6_split_tier.ear/DayTrader3.0.9-ee6_split_tier.ear/Rest.war/WEB-INF/lib/commons-codec-1.4.jar",
                     "moduleType": "Utility JAR",
                     "containedPackages": [
                        "org.apache.commons"
                     ]
                  },
                  {
                     "archiveName": "/home/ibmadmin/DayTrader/WAS/profiles/dmgr/config/cells/ndcell/applications/DayTrader3.0.9-ee6_split_tier.ear/DayTrader3.0.9-ee6_split_tier.ear/Rest.war/WEB-INF/lib/commons-lang-2.3.jar",
                     "moduleType": "Utility JAR",
                     "containedPackages": [
                        "org.apache.commons"
                     ]
                  },
                  {
                     "archiveName": "/home/ibmadmin/DayTrader/WAS/profiles/dmgr/config/cells/ndcell/applications/DayTrader3.0.9-ee6_split_tier.ear/DayTrader3.0.9-ee6_split_tier.ear/Rest.war/WEB-INF/lib/httpclient-4.0.1.jar",
                     "moduleType": "Utility JAR",
                     "containedPackages": [
                        "org.apache.http"
                     ]
                  },
                  {
                     "archiveName": "/home/ibmadmin/DayTrader/WAS/profiles/dmgr/config/cells/ndcell/applications/DayTrader3.0.9-ee6_split_tier.ear/DayTrader3.0.9-ee6_split_tier.ear/Rest.war/WEB-INF/lib/httpcore-4.0.1.jar",
                     "moduleType": "Utility JAR",
                     "containedPackages": [
                        "org.apache.http"
                     ]
                  },
                  {
                     "archiveName": "/home/ibmadmin/DayTrader/WAS/profiles/dmgr/config/cells/ndcell/applications/DayTrader3.0.9-ee6_split_tier.ear/DayTrader3.0.9-ee6_split_tier.ear/Rest.war/WEB-INF/lib/jcl-over-slf4j-1.5.11.jar",
                     "moduleType": "Utility JAR",
                     "containedPackages": [
                        "org.apache.commons"
                     ]
                  },
                  {
                     "archiveName": "/home/ibmadmin/DayTrader/WAS/profiles/dmgr/config/cells/ndcell/applications/DayTrader3.0.9-ee6_split_tier.ear/DayTrader3.0.9-ee6_split_tier.ear/Rest.war/WEB-INF/lib/jsr311-api-1.1.jar",
                     "moduleType": "Utility JAR",
                     "containedPackages": [
                        "javax.ws.rs"
                     ]
                  },
                  {
                     "archiveName": "/home/ibmadmin/DayTrader/WAS/profiles/dmgr/config/cells/ndcell/applications/DayTrader3.0.9-ee6_split_tier.ear/DayTrader3.0.9-ee6_split_tier.ear/Rest.war/WEB-INF/lib/slf4j-api-1.5.11.jar",
                     "moduleType": "Utility JAR",
                     "containedPackages": [
                        "org.slf4j",
                        "org.slf4j.helpers",
                        "org.slf4j.spi"
                     ]
                  },
                  {
                     "archiveName": "/home/ibmadmin/DayTrader/WAS/profiles/dmgr/config/cells/ndcell/applications/DayTrader3.0.9-ee6_split_tier.ear/DayTrader3.0.9-ee6_split_tier.ear/Rest.war/WEB-INF/lib/slf4j-jdk14-1.5.11.jar",
                     "moduleType": "Utility JAR",
                     "containedPackages": [
                        "org.slf4j.impl"
                     ]
                  }
               ]
            },
            {
               "archiveName": "/home/ibmadmin/DayTrader/WAS/profiles/dmgr/config/cells/ndcell/applications/DayTrader3.0.9-ee6_split_tier.ear/DayTrader3.0.9-ee6_split_tier.ear/dt-ejb.jar",
               "moduleType": "EJB module",
               "moduleVersion": "3.1",
               "metadataComplete": "Unspecified",
               "summary": {
                  "servlets": 0,
                  "jsps": 0,
                  "jpaEntities": 5,
                  "bmpEntityBeans": 0,
                  "cmpEntityBeans": 0,
                  "messageDrivenBeans": 2,
                  "singletonSessionBeans": 0,
                  "statefulSessionBeans": 0,
                  "statelessSessionBeans": 2,
                  "jaxrpcConsumers": 0,
                  "jaxrpcProviders": 0,
                  "jaxrsConsumers": 0,
                  "jaxrsProviders": 0,
                  "jaxwsConsumers": 0,
                  "jaxwsProviders": 0
               }
            },
            {
               "archiveName": "/home/ibmadmin/DayTrader/WAS/profiles/dmgr/config/cells/ndcell/applications/DayTrader3.0.9-ee6_split_tier.ear/DayTrader3.0.9-ee6_split_tier.ear/web.war",
               "moduleType": "Web module",
               "moduleVersion": "3.0",
               "metadataComplete": "Unspecified",
               "archives": {
                  "ejbs": 0,
                  "webFragments": 0,
                  "utilityJars": 1
               },
               "summary": {
                  "servlets": 35,
                  "jsps": 24,
                  "jpaEntities": 0,
                  "bmpEntityBeans": 0,
                  "cmpEntityBeans": 0,
                  "messageDrivenBeans": 0,
                  "singletonSessionBeans": 0,
                  "statefulSessionBeans": 0,
                  "statelessSessionBeans": 0,
                  "jaxrpcConsumers": 0,
                  "jaxrpcProviders": 0,
                  "jaxrsConsumers": 0,
                  "jaxrsProviders": 0,
                  "jaxwsConsumers": 0,
                  "jaxwsProviders": 0
               },
               "containedArchiveInventory": [
                  {
                     "archiveName": "/home/ibmadmin/DayTrader/WAS/profiles/dmgr/config/cells/ndcell/applications/DayTrader3.0.9-ee6_split_tier.ear/DayTrader3.0.9-ee6_split_tier.ear/web.war/WEB-INF/lib/standard-1.1.1.jar",
                     "moduleType": "Utility JAR",
                     "containedPackages": [
                        "org.apache.taglibs"
                     ]
                  }
               ]
            }
         ]
      }
   ],
   "sharedLibraryDetails": [
   ]
}