{
   "report": "analysis",
   "version": "1.1",
   "totalRulesFlagged": 4,
   "filesAffected": 7,
   "totalResults": 7,
   "options": [
      "--sourceAppServer=was90",
      "--sourceJava=ibm8",
      "--targetAppServer=was90",
      "--targetJava=ibm8",
      "--targetCloud=wasVM"
   ],
   "severitySummary": [
      {
         "severity": "Warning",
         "totalRulesFlagged": 4,
         "totalResults": 7
      }
   ],
   "applications": [
      "/opt/IBM/WebSphere/AppServer/profiles/Dmgr01/config/cells/transAdvisor1Cell01/applications/DefaultApplication.ear/DefaultApplication.ear"
   ],
   "rules": [
      {
         "ruleName": "Databases",
         "severity": "Warning",
         "category": "Technology connectivity considerations for IBM Cloud",
         "results": [
            {
               "fileName": "DefaultApplication.ear/Increment.jar/com/ibm/defaultapplication/websphere_deploy/DERBY_V100_1/IncrementBeanFunctionSet_501bb55e.class",
               "details": [
                  {
                     "reference": "Method Create - Catch exception",
                     "match": "java.sql",
                     "lineNumber": 0
                  }
               ]
            }
         ]
      },
      {
         "ruleName": "Java EE security",
         "severity": "Warning",
         "category": "Technology connectivity considerations for IBM Cloud",
         "results": [
            {
               "fileName": "DefaultApplication.ear/DefaultWebApplication.war/WEB-INF/classes/SnoopServlet.class",
               "details": [
                  {
                     "reference": "Method doGet",
                     "match": "javax.servlet.http.HttpServletRequest.getUserPrincipal(*)",
                     "lineNumber": 137
                  }
               ]
            },
            {
               "fileName": "DefaultApplication.ear/Increment.jar/META-INF/ejb-jar.xml",
               "details": [
                  {
                     "reference": null,
                     "match": "method-permission",
                     "lineNumber": 28
                  }
               ]
            }
         ]
      },
      {
         "ruleName": "Remote EJB lookups",
         "severity": "Warning",
         "category": "Technology connectivity considerations for IBM Cloud (not Liberty Core)",
         "results": [
            {
               "fileName": "DefaultApplication.ear/DefaultWebApplication.war/WEB-INF/web.xml",
               "details": [
                  {
                     "reference": null,
                     "match": "home",
                     "lineNumber": 72
                  }
               ]
            }
         ]
      },
      {
         "ruleName": "Remote EJB providers",
         "severity": "Warning",
         "category": "Technology connectivity considerations for IBM Cloud (not Liberty Core)",
         "results": [
            {
               "fileName": "DefaultApplication.ear/WsaEJBDeployUtility.jar/com/ibm/defaultapplication/_IncrementHome_Stub.class",
               "details": [
                  {
                     "reference": "Method getEJBMetaData",
                     "match": "javax.ejb.EJBHome",
                     "lineNumber": 0
                  }
               ]
            },
            {
               "fileName": "DefaultApplication.ear/Increment.jar/com/ibm/defaultapplication/websphere_deploy/IncrementBeanInternalHome_501bb55e.class",
               "details": [
                  {
                     "reference": "Class implements",
                     "match": "javax.ejb.EJBHome",
                     "lineNumber": 0
                  }
               ]
            },
            {
               "fileName": "DefaultApplication.ear/DefaultWebApplication.war/WEB-INF/lib/WsaEJBDeployUtility.jar/com/ibm/defaultapplication/_Increment_Stub.class",
               "details": [
                  {
                     "reference": "Method getEJBHome",
                     "match": "javax.ejb.EJBObject",
                     "lineNumber": 0
                  }
               ]
            }
         ]
      }
   ]
}