<?xml version="1.0" encoding="UTF-8" standalone="yes"?>
<server>
    <featureManager>
        <feature>jsp-2.3</feature>
        <feature>wasJmsServer-1.0</feature>
        <feature>wasJmsClient-2.0</feature>
        <feature>mdb-3.2</feature>
        <feature>jdbc-4.1</feature>
    </featureManager>
    <authData id="db2inst1" user="db2inst1" password="???"/>
    <authData id="msguser" user="user1" password="???"/>
    <authData id="GSJMSAuthData" user="user1" password="???"/>
    <authData id="wdo_DB2LUW" user="db2admin" password="???"/>
    <authData id="wdo_GSDB" user="db2admin" password="???"/>
    <messagingEngine>
        <queue id="GSShippingQueue"/>
    </messagingEngine>
    <jmsQueue id="GSShippingQueue" jndiName="jms/GSShippingQueue">
        <properties.wasJms deliveryMode="Application" queueName="GSShipping"/>
    </jmsQueue>
    <jmsActivationSpec id="GSShippingMDBSpec">
        <properties.wasJms destinationType="javax.jms.Queue"/>
    </jmsActivationSpec>
    <jmsConnectionFactory id="GSShippingQCF" jndiName="jms/GSShippingQCF">
        <properties.wasJms/>
    </jmsConnectionFactory>
    <jdbcDriver id="GSDBDriver" javax.sql.DataSource="com.ibm.db2.jcc.DB2XADataSource">
        <library>
            <file name="${DB2UNIVERSAL_JDBC_DRIVER_PATH}/db2jcc4.jar"/>
            <file name="${UNIVERSAL_JDBC_DRIVER_PATH}/db2jcc_license_cu.jar"/>
            <file name="${DB2UNIVERSAL_JDBC_DRIVER_PATH}/db2jcc_license_cisuz.jar"/>
        </library>
    </jdbcDriver>
    <dataSource id="gsdb" jndiName="jdbc/gsdb" jdbcDriverRef="GSDBDriver">
        <properties.db2.jcc databaseName="GSDB" serverName="NEST-db-01.rtp.raleigh.ibm.com" portNumber="50000" retrieveMessagesFromServerOnGetMessage="false" traceLevel="-1" useTransactionRedirect="false" reauthentication="false" validateNewConnection="false" validateNewConnectionRetryCount="100" nonTransactionalDataSource="false" name="gsdb" beginTranForVendorAPIs="false" errorDetectionModel="ExceptionMapping" connectionSharing="1" enableMultithreadedAccessDetection="false" propagateClientIdentityUsingTrustedContext="false" beginTranForResultSetScrollingAPIs="false" validateNewConnectionRetryInterval="3" statementCacheSize="100" preTestSQLString="SELECT CURRENT SQLID FROM SYSIBM.SYSDUMMY1" unbindClientRerouteListFromJndi="false" enableClientInformation="false"/>
        <connectionManager agedTimeout="0" connectionTimeout="300" maxIdleTime="1800" maxPoolSize="300" minPoolSize="50" reapTime="180"/>
    </dataSource>
    <jdbcDriver id="CCDBDriver" javax.sql.DataSource="com.ibm.db2.jcc.DB2XADataSource">
        <library>
            <file name="${DB2UNIVERSAL_JDBC_DRIVER_PATH}/db2jcc4.jar"/>
            <file name="${UNIVERSAL_JDBC_DRIVER_PATH}/db2jcc_license_cu.jar"/>
            <file name="${DB2UNIVERSAL_JDBC_DRIVER_PATH}/db2jcc_license_cisuz.jar"/>
        </library>
    </jdbcDriver>
    <dataSource id="ccdb" jndiName="jdbc/ccdb" jdbcDriverRef="CCDBDriver">
        <properties.db2.jcc databaseName="CCDB" serverName="NEST-db-01.rtp.raleigh.ibm.com" portNumber="50000" retrieveMessagesFromServerOnGetMessage="false" traceLevel="-1" useTransactionRedirect="false" reauthentication="false" validateNewConnection="false" validateNewConnectionRetryCount="100" nonTransactionalDataSource="false" name="ccdb" beginTranForVendorAPIs="false" errorDetectionModel="ExceptionMapping" connectionSharing="1" enableMultithreadedAccessDetection="false" propagateClientIdentityUsingTrustedContext="false" beginTranForResultSetScrollingAPIs="false" validateNewConnectionRetryInterval="3" statementCacheSize="50" preTestSQLString="SELECT CURRENT SQLID FROM SYSIBM.SYSDUMMY1" unbindClientRerouteListFromJndi="false" enableClientInformation="false"/>
        <connectionManager agedTimeout="0" connectionTimeout="300" maxIdleTime="1800" maxPoolSize="200" minPoolSize="50" reapTime="180"/>
    </dataSource>
    <jdbcDriver id="BankDBDriver" javax.sql.DataSource="com.ibm.db2.jcc.DB2XADataSource">
        <library>
            <file name="${DB2UNIVERSAL_JDBC_DRIVER_PATH}/db2jcc4.jar"/>
            <file name="${UNIVERSAL_JDBC_DRIVER_PATH}/db2jcc_license_cu.jar"/>
            <file name="${DB2UNIVERSAL_JDBC_DRIVER_PATH}/db2jcc_license_cisuz.jar"/>
        </library>
    </jdbcDriver>
    <dataSource id="wsbankdb" jndiName="jdbc/wsbankdb" jdbcDriverRef="BankDBDriver">
        <properties.db2.jcc databaseName="WSBankDB" serverName="NEST-db-01.rtp.raleigh.ibm.com" portNumber="50000" retrieveMessagesFromServerOnGetMessage="false" traceLevel="-1" useTransactionRedirect="false" reauthentication="false" validateNewConnection="false" validateNewConnectionRetryCount="100" nonTransactionalDataSource="false" name="wsbankdb" beginTranForVendorAPIs="false" errorDetectionModel="ExceptionMapping" connectionSharing="1" enableMultithreadedAccessDetection="false" propagateClientIdentityUsingTrustedContext="false" beginTranForResultSetScrollingAPIs="false" validateNewConnectionRetryInterval="3" statementCacheSize="50" preTestSQLString="SELECT CURRENT SQLID FROM SYSIBM.SYSDUMMY1" unbindClientRerouteListFromJndi="false" enableClientInformation="false"/>
        <connectionManager agedTimeout="0" connectionTimeout="300" maxIdleTime="1800" maxPoolSize="200" minPoolSize="50" reapTime="180"/>
    </dataSource>
    <jdbcDriver id="OTiSDataSource" javax.sql.DataSource="org.apache.derby.jdbc.EmbeddedConnectionPoolDataSource">
        <library>
            <file name="${WAS_INSTALL_ROOT}/derby/lib/derby.jar"/>
        </library>
    </jdbcDriver>
    <dataSource id="OTiSDataSource" jndiName="OTiSDataSource" jdbcDriverRef="OTiSDataSource">
        <properties.derby.embedded databaseName="${USER_INSTALL_ROOT}/OTiS" description="Data source template" name="OTiSDataSource"/>
        <connectionManager agedTimeout="0" connectionTimeout="180" maxIdleTime="1800" maxPoolSize="10" minPoolSize="1" reapTime="180"/>
    </dataSource>
    <jdbcDriver id="Generated_DB2_JDBC_Provider" javax.sql.DataSource="com.ibm.db2.jcc.DB2ConnectionPoolDataSource">
        <library>
            <file name="C:\\\\Program Files\\\\IBM\\\\SDPShared\\\\plugins\\\\com.ibm.datatools.db2_2.1.102.v20091026_1945\\\\driver\\\\db2jcc4.jar"/>
            <file name="C:\\\\Program Files\\\\IBM\\\\SDPShared\\\\plugins\\\\com.ibm.datatools.db2_2.1.102.v20091026_1945\\\\driver\\\\db2jcc4_license_cisuz.jar"/>
        </library>
    </jdbcDriver>
    <dataSource id="DB2LUW" jndiName="jdbc/DB2LUW" jdbcDriverRef="Generated_DB2_JDBC_Provider" containerAuthDataRef="wdo_DB2LUW">
        <properties.db2.jcc databaseName="GSDB" serverName="localhost" portNumber="50000" loginTimeout="0" description="Auto generated by Web Tools" enableSQLJ="false" statementCacheSize="0" preTestSQLString="" name="DB2LUW"/>
        <connectionManager agedTimeout="1800" connectionTimeout="1800" maxIdleTime="1800" maxPoolSize="10" minPoolSize="1" reapTime="180"/>
    </dataSource>
    <dataSource id="GSDB" jndiName="jdbc/GSDB" jdbcDriverRef="Generated_DB2_JDBC_Provider" containerAuthDataRef="wdo_GSDB">
        <properties.db2.jcc databaseName="GSDB" serverName="localhost" portNumber="50000" loginTimeout="0" description="Auto generated by Web Tools" enableSQLJ="false" statementCacheSize="0" preTestSQLString="" name="GSDB"/>
        <connectionManager agedTimeout="1800" connectionTimeout="1800" maxIdleTime="1800" maxPoolSize="10" minPoolSize="1" reapTime="180"/>
    </dataSource>
    <variable name="DB2UNIVERSAL_JDBC_DRIVER_NATIVEPATH" value="${WAS_INSTALL_ROOT}/db2V9Drivers"/>
    <variable name="DB2UNIVERSAL_JDBC_DRIVER_PATH" value="${WAS_INSTALL_ROOT}/db2V9Drivers"/>
    <variable name="WAS_INSTALL_ROOT" value="!{WAS_INSTALL_ROOT}"/>
    <variable name="DERBY_JDBC_DRIVER_PATH" value="${WAS_INSTALL_ROOT}/derby/lib"/>
    <variable name="UNIVERSAL_JDBC_DRIVER_PATH" value="${WAS_INSTALL_ROOT}/universalDriver/lib"/>
</server>
