{
  "productInf": [
    {
      "name": "IBM WebSphere Application Server Network Deployment",
      "id": "ND",
      "version": "8.5.5.13",
      "buildDate": "1/3/18",
      "buildLevel": "cf131800.01"
    },
    {
      "name": "IBM WebSphere SDK Java Technology Edition (Optional)",
      "id": "IBMJAVA7",
      "version": "7.0.10.15",
      "buildDate": "12/19/17",
      "buildLevel": "cf131751.02"
    },
    {
      "name": "IBM WebSphere SDK Java Technology Edition (Optional)",
      "id": "IBMJAVA71",
      "version": "7.1.4.15",
      "buildDate": "12/19/17",
      "buildLevel": "cf131751.02"
    },
    {
      "name": "IBM WebSphere SDK Java Technology Edition (Optional)",
      "id": "IBMJAVA8",
      "version": "8.0.5.6",
      "buildDate": "12/19/17",
      "buildLevel": "cf131751.02"
    }
  ],
  "profiles": [
    {
      "name": "dmgr",
      "profilePath": "/opt/WAS855_RQMAuto_ACME/WAS/profiles/dmgr",
      "cellName": "ndcell",
      "servers": [
        {
          "name": "proxy_server",
          "displayName": "",
          "serverType": "PROXY_SERVER"
        }
      ],
      "clusterNames": [
        "AcmeCluster"
      ],
      "applications": [
        "/opt/WAS855_RQMAuto_ACME/WAS/profiles/dmgr/config/cells/ndcell/applications/ACMEAnnuityPojoWSes.ear/ACMEAnnuityPojoWSes.ear",
        "/opt/WAS855_RQMAuto_ACME/WAS/profiles/dmgr/config/cells/ndcell/applications/ACMEAnnuity.ear/ACMEAnnuity.ear",
        "/opt/WAS855_RQMAuto_ACME/WAS/profiles/dmgr/config/cells/ndcell/applications/ACMEAnnuityWeb.ear/ACMEAnnuityWeb.ear",
        "/opt/WAS855_RQMAuto_ACME/WAS/profiles/dmgr/config/cells/ndcell/applications/ACMEAnnuityEJBWSes.ear/ACMEAnnuityEJBWSes.ear",
        "/opt/WAS855_RQMAuto_ACME/WAS/profiles/dmgr/config/cells/ndcell/applications/ACMEAnnuityJAXRSWSes.ear/ACMEAnnuityJAXRSWSes.ear",
        "/opt/WAS855_RQMAuto_ACME/WAS/profiles/dmgr/config/cells/ndcell/applications/ACMEAnnuityEJBMDB.ear/ACMEAnnuityEJBMDB.ear",
        "/opt/IBM/WAS/profiles/dmgr/config/cells/ndcell/applications/ERWW_PT_J6.ear/ERWW_PT_J6.ear",
        "/home/ibmadmin/WAS/profiles/jersey01/config/cells/jersey01/applications/RESTfulExample_war.ear/RESTfulExample_war.ear",
        "/home/ibmadmin/WAS/profiles/jersey01/config/cells/jersey01/applications/DefaultApplication.ear/DefaultApplication.ear",
        "/home/ibmadmin/WAS/profiles/jersey01/config/cells/jersey01/applications/query.ear/query.ear",
        "/opt/IBM/WebSphere/AppServer/profiles/Dmgr01/config/cells/transAdvisor1Cell01/applications/EC-EAR.ear/EC-EAR.ear",
        "/opt/IBM/WebSphere/AppServer/profiles/Dmgr01/config/cells/transAdvisor1Cell01/applications/ECDB-EAR.ear/ECDB-EAR.ear",
        "/opt/IBM/WebSphere/AppServer/profiles/Dmgr01/config/cells/transAdvisor1Cell01/applications/ECWDB-EAR.ear/ECWDB-EAR.ear",
        "/opt/IBM/WebSphere/AppServer/profiles/Dmgr01/config/cells/transAdvisor1Cell01/applications/LegacyEARProject.ear/LegacyEARProject.ear",
        "/opt/IBM/WebSphere/AppServer/profiles/Dmgr01/config/cells/transAdvisor1Cell01/applications/LookupCustomerEARProject.ear/LookupCustomerEARProject.ear",
        "/opt/IBM/WebSphere/AppServer/profiles/Dmgr01/config/cells/transAdvisor1Cell01/applications/NewDatabaseEARProject.ear/NewDatabaseEARProject.ear",
        "/opt/IBM/WebSphere/AppServer/profiles/Dmgr01/config/cells/transAdvisor1Cell01/applications/POS-EAR.ear/POS-EAR.ear",
        "/opt/IBM/WebSphere/AppServer/profiles/Dmgr01/config/cells/transAdvisor1Cell01/applications/ThirdParty-EAR.ear/ThirdParty-EAR.ear",
        "/opt/IBM/WebSphere/AppServer/profiles/Dmgr01/config/cells/transAdvisor1Cell01/applications/HealthServices.ear/HealthServices.ear",
        "/opt/IBM/WebSphere/AppServer/profiles/Dmgr01/config/cells/transAdvisor1Cell01/applications/HealthServicesClient.ear/HealthServicesClient.ear",
        "/opt/IBM/WebSphere/AppServer/profiles/Dmgr01/config/cells/transAdvisor1Cell01/applications/StatelessEJB3.ear/StatelessEJB3.ear",
        "/opt/IBM/WebSphere/AppServer/profiles/Dmgr01/config/cells/transAdvisor1Cell01/applications/StatefulEJB3.ear/StatefulEJB3.ear",
        "/opt/IBM/WebSphere/AppServer/profiles/Dmgr01/config/cells/transAdvisor1Cell01/applications/itcamdemo.ear/itcamdemo.ear",
        "/opt/IBM/WebSphere/AppServer/profiles/Dmgr01/config/cells/transAdvisor1Cell01/applications/DayTrader-EE6.ear/DayTrader-EE6.ear",
        "/opt/IBM/WebSphere/AppServer/profiles/Dmgr01/config/cells/transAdvisor1Cell01/applications/sampleMDB.ear/sampleMDB.ear",
        "/opt/IBM/WebSphere/AppServer/profiles/Dmgr01/config/cells/transAdvisor1Cell01/applications/MQTTJavascript_war.ear/MQTTJavascript_war.ear",
        "/opt/IBM/WebSphere/AppServer/profiles/Dmgr01/config/cells/transAdvisor1Cell01/applications/pbw-ear.ear/pbw-ear.ear",
        "/home/ibmadmin/DayTrader/WAS/profiles/dmgr/config/cells/ndcell/applications/DayTrader3.0.9-ee6_split_tier.ear/DayTrader3.0.9-ee6_split_tier.ear",
        "/home/ibmadmin/DayTrader/WAS/profiles/dmgr/config/cells/ndcell/applications/DayTrader3.0.9-ee6_split_tier_singleServer.ear/DayTrader3.0.9-ee6_split_tier_singleServer.ear",
        "/opt/GS_WAS_V855/WAS/profiles/dmgr/config/cells/gsV855Cell/applications/GarageSale.ear/GarageSale.ear"
      ],
      "isStandalone": false,
      "webSphereVersion": "was855",
      "javaVersion": "ibm6",
      "appsFound": true,
      "archive": {
        "archiveType": "profile",
        "dcVersion": "1.9.2",
        "domain": "javaAppServer",
        "middleware": "was",
        "host": "localhost",
        "assessmentUnits": [
          "ACMEAnnuityPojoWSes.ear",
          "ACMEAnnuity.ear",
          "ACMEAnnuityWeb.ear",
          "ACMEAnnuityEJBWSes.ear",
          "ACMEAnnuityJAXRSWSes.ear",
          "ACMEAnnuityEJBMDB.ear",
          "ERWW_PT_J6.ear",
          "RESTfulExample_war.ear",
          "DefaultApplication.ear",
          "query.ear",
          "EC-EAR.ear",
          "ECDB-EAR.ear",
          "ECWDB-EAR.ear",
          "LegacyEARProject.ear",
          "LookupCustomerEARProject.ear",
          "NewDatabaseEARProject.ear",
          "POS-EAR.ear",
          "ThirdParty-EAR.ear",
          "HealthServices.ear",
          "HealthServicesClient.ear",
          "StatelessEJB3.ear",
          "StatefulEJB3.ear",
          "itcamdemo.ear",
          "DayTrader-EE6.ear",
          "sampleMDB.ear",
          "MQTTJavascript_war.ear",
          "pbw-ear.ear",
          "DayTrader3.0.9-ee6_split_tier.ear",
          "DayTrader3.0.9-ee6_split_tier_singleServer.ear",
          "GarageSale.ear"
        ],
        "archiveName": "SVTapps"
      },
      "assessUnitNames": [
        "ACMEAnnuityPojoWSes.ear",
        "ACMEAnnuity.ear",
        "ACMEAnnuityWeb.ear",
        "ACMEAnnuityEJBWSes.ear",
        "ACMEAnnuityJAXRSWSes.ear",
        "ACMEAnnuityEJBMDB.ear",
        "ERWW_PT_J6.ear",
        "RESTfulExample_war.ear",
        "DefaultApplication.ear",
        "query.ear",
        "EC-EAR.ear",
        "ECDB-EAR.ear",
        "ECWDB-EAR.ear",
        "LegacyEARProject.ear",
        "LookupCustomerEARProject.ear",
        "NewDatabaseEARProject.ear",
        "POS-EAR.ear",
        "ThirdParty-EAR.ear",
        "HealthServices.ear",
        "HealthServicesClient.ear",
        "StatelessEJB3.ear",
        "StatefulEJB3.ear",
        "itcamdemo.ear",
        "DayTrader-EE6.ear",
        "sampleMDB.ear",
        "MQTTJavascript_war.ear",
        "pbw-ear.ear",
        "DayTrader3.0.9-ee6_split_tier.ear",
        "DayTrader3.0.9-ee6_split_tier_singleServer.ear",
        "GarageSale.ear"
      ]
    }
  ]
}