{
   "report": "inventory",
   "version": "2.3",
   "productVersion": "9.0",
   "productRelease": "18.0.0.1",
   "options": [
      "--excludePackages=com.ibm.websphere,com.ibm.ws,com.ibm.db2,com.informix,com.microsoft,com.sybase,com.sun,java,javax,net,oracle,org,sqlj,_ibmjsp"
   ],
   "applications": [
      "/GS_WAS_V855/WAS/profiles/dmgr/config/cells/gsV855Cell/applications/GarageSale.ear/GarageSale.ear"
   ],
   "sharedLibraries": [
   ],
   "archives": {
      "ears": 1,
      "wars": 8,
      "rars": 0,
      "ejbs": 6,
      "webFragments": 0,
      "utilityJars": 5,
      "appClients": 0
   },
   "summary": {
      "servlets": 9,
      "jsps": 1,
      "jpaEntities": 10,
      "bmpEntityBeans": 0,
      "cmpEntityBeans": 10,
      "messageDrivenBeans": 1,
      "singletonSessionBeans": 1,
      "statefulSessionBeans": 0,
      "statelessSessionBeans": 15,
      "jaxrpcConsumers": 3,
      "jaxrpcProviders": 2,
      "jaxrsConsumers": 0,
      "jaxrsProviders": 2,
      "jaxwsConsumers": 10,
      "jaxwsProviders": 2
   },
   "archiveInventory": [
      {
         "archiveName": "/GS_WAS_V855/WAS/profiles/dmgr/config/cells/gsV855Cell/applications/GarageSale.ear/GarageSale.ear",
         "moduleType": "Enterprise archive",
         "moduleVersion": "6",
         "metadataComplete": null,
         "archives": {
            "wars": 8,
            "rars": 0,
            "ejbs": 6,
            "utilityJars": 5,
            "appClients": 0
         },
         "summary": {
            "servlets": 9,
            "jsps": 1,
            "jpaEntities": 10,
            "bmpEntityBeans": 0,
            "cmpEntityBeans": 10,
            "messageDrivenBeans": 1,
            "singletonSessionBeans": 1,
            "statefulSessionBeans": 0,
            "statelessSessionBeans": 15,
            "jaxrpcConsumers": 3,
            "jaxrpcProviders": 2,
            "jaxrsConsumers": 0,
            "jaxrsProviders": 2,
            "jaxwsConsumers": 10,
            "jaxwsProviders": 2
         },
         "potentialDeploymentProblemsSummary": {
            "archivesContainingDuplicateClasses": 14,
            "archivesContainingJavaEEorSEClasses": 3,
            "archivesContainingConflictingOpenSourceSoftwareClasses": 1,
            "archivesContainingWebSphereClasses": 16,
            "archivesNotReferencedInTheApplication": 1,
            "archivesWithMissingDependenciesInTheApplication": 6,
            "classesWithSystemLevelJVMConfiguration": 0,
            "sharedLibrariesReferencingApplicationClasses": 0
         },
         "potentialDeploymentProblemsDetails": [
            {
               "duplicateClassesWithinClassLoader": [
                  {
                     "conflictingPackages": [
                        "com.ibm.ejs.container",
                        "com.ibm.websphere.csi",
                        "org.omg.stub.java.lang",
                        "org.omg.stub.javax.ejb"
                     ],
                     "packageLocation": [
                        "GSEJB.jar",
                        "WSBankEJB.jar",
                        "WSNClient.jar"
                     ]
                  },
                  {
                     "conflictingPackages": [
                        "com.ibm.websphere.svt.gs.cart",
                        "com.ibm.websphere.svt.gs.wrapper"
                     ],
                     "packageLocation": [
                        "GSAdmin.war",
                        "GSEJB.jar",
                        "GSjsf20Web.war",
                        "ShippingAgent.jar"
                     ]
                  },
                  {
                     "conflictingPackages": [
                        "com.ibm.websphere.svt.gs.sdo",
                        "com.ibm.websphere.svt.gs.shipping"
                     ],
                     "packageLocation": [
                        "Shipping.war",
                        "ShippingAgent.jar"
                     ]
                  },
                  {
                     "conflictingPackages": [
                        "com.ibm.websphere.svt.gs.utilities"
                     ],
                     "packageLocation": [
                        "GSjsf20Web.war/GarageSaleUtils.jar",
                        "GSjsf20Web.war/WEB-INF/lib/GarageSaleUtils.jar"
                     ]
                  },
                  {
                     "conflictingPackages": [
                        "com.ibm.websphere.svt.wsbank.ejb"
                     ],
                     "packageLocation": [
                        "GSEJB.jar",
                        "WSBankEJB.jar"
                     ]
                  },
                  {
                     "conflictingPackages": [
                        "com.ibm.websphere.svt.wsn"
                     ],
                     "packageLocation": [
                        "GSEJB.jar",
                        "WSNClient.jar"
                     ]
                  }
               ]
            },
            {
               "duplicateClassesAcrossApplication": [
                  {
                     "conflictingPackages": [
                        "com.ibm.websphere.svt.cc.ejb.session"
                     ],
                     "packageLocation": [
                        "CreditCardEJB.jar",
                        "CreditCardWeb.war",
                        "GSEJB.jar",
                        "ShippingAgent.jar"
                     ]
                  },
                  {
                     "conflictingPackages": [
                        "com.ibm.websphere.svt.cc.wrapper"
                     ],
                     "packageLocation": [
                        "CreditCardEJB.jar",
                        "CreditCardWeb.war",
                        "GSAdmin.war",
                        "GSEJB.jar",
                        "GSjsf20Web.war",
                        "ShippingAgent.jar"
                     ]
                  },
                  {
                     "conflictingPackages": [
                        "com.ibm.websphere.svt.gs.ejbwrapper"
                     ],
                     "packageLocation": [
                        "GSAdmin.war",
                        "GSEJBWrapper.war",
                        "GSjsf20Web.war",
                        "ShippingAgent.jar"
                     ]
                  },
                  {
                     "conflictingPackages": [
                        "com.ibm.websphere.svt.gs.utilities"
                     ],
                     "packageLocation": [
                        "GSAdmin.war/GarageSaleUtils.jar",
                        "GSEJB.jar/GarageSaleUtils.jar",
                        "GSjsf20Web.war/GarageSaleUtils.jar",
                        "GSjsf20Web.war/WEB-INF/lib/GarageSaleUtils.jar",
                        "GarageSaleUtils.jar",
                        "ShippingAgent.jar/GarageSaleUtils.jar"
                     ]
                  }
               ]
            },
            {
               "javaEEandSEClasses": [
                  {
                     "conflictingPackages": [
                        "org.omg.stub.java.lang",
                        "org.omg.stub.javax.ejb"
                     ],
                     "packageLocation": [
                        "GSEJB.jar",
                        "WSBankEJB.jar",
                        "WSNClient.jar"
                     ]
                  },
                  {
                     "conflictingPackages": [
                        "org.omg.stub.java.util"
                     ],
                     "packageLocation": [
                        "GSEJB.jar"
                     ]
                  }
               ]
            },
            {
               "duplicateWebSphereClasses": [
                  {
                     "conflictingPackages": [
                        "com.ibm.websphere.csi"
                     ],
                     "packageLocation": [
                        "GSEJB.jar",
                        "WSBankEJB.jar",
                        "WSNClient.jar"
                     ]
                  },
                  {
                     "conflictingPackages": [
                        "com.ibm.websphere.svt.cc.ejb.entity",
                        "com.ibm.websphere.svt.cc.ejb.session.jaxws"
                     ],
                     "packageLocation": [
                        "CreditCardEJB.jar"
                     ]
                  },
                  {
                     "conflictingPackages": [
                        "com.ibm.websphere.svt.cc.ejb.session"
                     ],
                     "packageLocation": [
                        "CreditCardEJB.jar",
                        "CreditCardWeb.war",
                        "GSEJB.jar",
                        "ShippingAgent.jar"
                     ]
                  },
                  {
                     "conflictingPackages": [
                        "com.ibm.websphere.svt.cc.web"
                     ],
                     "packageLocation": [
                        "CreditCardWeb.war"
                     ]
                  },
                  {
                     "conflictingPackages": [
                        "com.ibm.websphere.svt.cc.wrapper"
                     ],
                     "packageLocation": [
                        "CreditCardEJB.jar",
                        "CreditCardWeb.war",
                        "GSAdmin.war",
                        "GSEJB.jar",
                        "GSjsf20Web.war",
                        "ShippingAgent.jar"
                     ]
                  },
                  {
                     "conflictingPackages": [
                        "com.ibm.websphere.svt.gs",
                        "com.ibm.websphere.svt.gs.shippingAgent.util"
                     ],
                     "packageLocation": [
                        "ShippingAgent.jar"
                     ]
                  },
                  {
                     "conflictingPackages": [
                        "com.ibm.websphere.svt.gs.admin.servlet",
                        "com.ibm.websphere.svt.gs.admin.util"
                     ],
                     "packageLocation": [
                        "GSAdmin.war"
                     ]
                  },
                  {
                     "conflictingPackages": [
                        "com.ibm.websphere.svt.gs.cart",
                        "com.ibm.websphere.svt.gs.wrapper"
                     ],
                     "packageLocation": [
                        "GSAdmin.war",
                        "GSEJB.jar",
                        "GSjsf20Web.war",
                        "ShippingAgent.jar"
                     ]
                  },
                  {
                     "conflictingPackages": [
                        "com.ibm.websphere.svt.gs.cart.beans",
                        "com.ibm.websphere.svt.gs.cinfocc",
                        "com.ibm.websphere.svt.gs.gsjsfweb",
                        "com.ibm.websphere.svt.gs.gsjsfweb.actions",
                        "com.ibm.websphere.svt.gs.gsjsfweb.exceptions",
                        "com.ibm.websphere.svt.gs.gsjsfweb.utils"
                     ],
                     "packageLocation": [
                        "GSjsf20Web.war"
                     ]
                  },
                  {
                     "conflictingPackages": [
                        "com.ibm.websphere.svt.gs.ejb",
                        "com.ibm.websphere.svt.gs.ejb.websphere_deploy",
                        "com.ibm.websphere.svt.gs.ejb.websphere_deploy.DB2UDBAS400_V54_1",
                        "com.ibm.websphere.svt.gs.ejb.websphere_deploy.DB2UDBNT_V82_1",
                        "com.ibm.websphere.svt.gs.ejb.websphere_deploy.DB2UDBNT_V91_1",
                        "com.ibm.websphere.svt.gs.ejb.websphere_deploy.DB2UDBNT_V95_1",
                        "com.ibm.websphere.svt.gs.ejb.websphere_deploy.DB2UDBNT_V97_1",
                        "com.ibm.websphere.svt.gs.ejb.websphere_deploy.DB2UDBNT_V98_1",
                        "com.ibm.websphere.svt.gs.ejb.websphere_deploy.DB2UDBOS390_COMPAT_V9_1",
                        "com.ibm.websphere.svt.gs.ejb.websphere_deploy.DB2UDBOS390_V9_1",
                        "com.ibm.websphere.svt.gs.ejb.websphere_deploy.DERBY_V100_1",
                        "com.ibm.websphere.svt.gs.ejb.websphere_deploy.DERBY_V101_1",
                        "com.ibm.websphere.svt.gs.ejb.websphere_deploy.DERBY_V102_1",
                        "com.ibm.websphere.svt.gs.ejb.websphere_deploy.MSSQLSERVER_V2005_1",
                        "com.ibm.websphere.svt.gs.ejb.websphere_deploy.ORACLE_V10_1",
                        "com.ibm.websphere.svt.gs.ejb.websphere_deploy.ORACLE_V11_1",
                        "com.ibm.websphere.svt.gs.util",
                        "com.ibm.ws.ejbdeploy.JGSEJB.DB2UDBAS400_V54_1",
                        "com.ibm.ws.ejbdeploy.JGSEJB.DB2UDBNT_V82_1",
                        "com.ibm.ws.ejbdeploy.JGSEJB.DB2UDBNT_V91_1",
                        "com.ibm.ws.ejbdeploy.JGSEJB.DB2UDBNT_V95_1",
                        "com.ibm.ws.ejbdeploy.JGSEJB.DB2UDBNT_V97_1",
                        "com.ibm.ws.ejbdeploy.JGSEJB.DB2UDBNT_V98_1",
                        "com.ibm.ws.ejbdeploy.JGSEJB.DB2UDBOS390_COMPAT_V9_1",
                        "com.ibm.ws.ejbdeploy.JGSEJB.DB2UDBOS390_V9_1",
                        "com.ibm.ws.ejbdeploy.JGSEJB.DERBY_V100_1",
                        "com.ibm.ws.ejbdeploy.JGSEJB.DERBY_V101_1",
                        "com.ibm.ws.ejbdeploy.JGSEJB.DERBY_V102_1",
                        "com.ibm.ws.ejbdeploy.JGSEJB.MSSQLSERVER_V2005_1",
                        "com.ibm.ws.ejbdeploy.JGSEJB.ORACLE_V10_1",
                        "com.ibm.ws.ejbdeploy.JGSEJB.ORACLE_V11_1"
                     ],
                     "packageLocation": [
                        "GSEJB.jar"
                     ]
                  },
                  {
                     "conflictingPackages": [
                        "com.ibm.websphere.svt.gs.ejbwrapper"
                     ],
                     "packageLocation": [
                        "GSAdmin.war",
                        "GSEJBWrapper.war",
                        "GSjsf20Web.war",
                        "ShippingAgent.jar"
                     ]
                  },
                  {
                     "conflictingPackages": [
                        "com.ibm.websphere.svt.gs.ejbwrapper.jaxws"
                     ],
                     "packageLocation": [
                        "GSEJBWrapper.war"
                     ]
                  },
                  {
                     "conflictingPackages": [
                        "com.ibm.websphere.svt.gs.sdo"
                     ],
                     "packageLocation": [
                        "GSTest.war",
                        "Shipping.war",
                        "ShippingAgent.jar"
                     ]
                  },
                  {
                     "conflictingPackages": [
                        "com.ibm.websphere.svt.gs.shipping"
                     ],
                     "packageLocation": [
                        "Shipping.war",
                        "ShippingAgent.jar"
                     ]
                  },
                  {
                     "conflictingPackages": [
                        "com.ibm.websphere.svt.gs.tax.entity",
                        "com.ibm.websphere.svt.gs.tax.session"
                     ],
                     "packageLocation": [
                        "GSjsf20Web.war/WEB-INF/lib/ProdReviewTaxShipRateEJB.jar"
                     ]
                  },
                  {
                     "conflictingPackages": [
                        "com.ibm.websphere.svt.gs.utilities"
                     ],
                     "packageLocation": [
                        "GSAdmin.war/GarageSaleUtils.jar",
                        "GSEJB.jar/GarageSaleUtils.jar",
                        "GSjsf20Web.war/GarageSaleUtils.jar",
                        "GSjsf20Web.war/WEB-INF/lib/GarageSaleUtils.jar",
                        "GarageSaleUtils.jar",
                        "ShippingAgent.jar/GarageSaleUtils.jar"
                     ]
                  },
                  {
                     "conflictingPackages": [
                        "com.ibm.websphere.svt.wsbank.ejb"
                     ],
                     "packageLocation": [
                        "GSEJB.jar",
                        "WSBankEJB.jar"
                     ]
                  },
                  {
                     "conflictingPackages": [
                        "com.ibm.websphere.svt.wsbank.ejb.websphere_deploy",
                        "com.ibm.websphere.svt.wsbank.ejb.websphere_deploy.DB2UDBAS400_V54_1",
                        "com.ibm.websphere.svt.wsbank.ejb.websphere_deploy.DB2UDBNT_V82_1",
                        "com.ibm.websphere.svt.wsbank.ejb.websphere_deploy.DB2UDBNT_V91_1",
                        "com.ibm.websphere.svt.wsbank.ejb.websphere_deploy.DB2UDBNT_V95_1",
                        "com.ibm.websphere.svt.wsbank.ejb.websphere_deploy.DB2UDBNT_V97_1",
                        "com.ibm.websphere.svt.wsbank.ejb.websphere_deploy.DB2UDBNT_V98_1",
                        "com.ibm.websphere.svt.wsbank.ejb.websphere_deploy.DB2UDBOS390_COMPAT_V9_1",
                        "com.ibm.websphere.svt.wsbank.ejb.websphere_deploy.DB2UDBOS390_V9_1",
                        "com.ibm.websphere.svt.wsbank.ejb.websphere_deploy.DERBY_V100_1",
                        "com.ibm.websphere.svt.wsbank.ejb.websphere_deploy.DERBY_V101_1",
                        "com.ibm.websphere.svt.wsbank.ejb.websphere_deploy.DERBY_V102_1",
                        "com.ibm.websphere.svt.wsbank.ejb.websphere_deploy.MSSQLSERVER_V2005_1",
                        "com.ibm.websphere.svt.wsbank.ejb.websphere_deploy.ORACLE_V10_1",
                        "com.ibm.websphere.svt.wsbank.ejb.websphere_deploy.ORACLE_V11_1",
                        "com.ibm.websphere.svt.wsbank.ejb.websphere_deploy.ORACLE_V9_1",
                        "com.ibm.websphere.svt.wsbank.util",
                        "com.ibm.ws.ejbdeploy.JWSBankEJB.DB2UDBAS400_V54_1",
                        "com.ibm.ws.ejbdeploy.JWSBankEJB.DB2UDBNT_V82_1",
                        "com.ibm.ws.ejbdeploy.JWSBankEJB.DB2UDBNT_V91_1",
                        "com.ibm.ws.ejbdeploy.JWSBankEJB.DB2UDBNT_V95_1",
                        "com.ibm.ws.ejbdeploy.JWSBankEJB.DB2UDBNT_V97_1",
                        "com.ibm.ws.ejbdeploy.JWSBankEJB.DB2UDBNT_V98_1",
                        "com.ibm.ws.ejbdeploy.JWSBankEJB.DB2UDBOS390_COMPAT_V9_1",
                        "com.ibm.ws.ejbdeploy.JWSBankEJB.DB2UDBOS390_V9_1",
                        "com.ibm.ws.ejbdeploy.JWSBankEJB.DERBY_V100_1",
                        "com.ibm.ws.ejbdeploy.JWSBankEJB.DERBY_V101_1",
                        "com.ibm.ws.ejbdeploy.JWSBankEJB.DERBY_V102_1",
                        "com.ibm.ws.ejbdeploy.JWSBankEJB.MSSQLSERVER_V2005_1",
                        "com.ibm.ws.ejbdeploy.JWSBankEJB.ORACLE_V10_1",
                        "com.ibm.ws.ejbdeploy.JWSBankEJB.ORACLE_V11_1",
                        "com.ibm.ws.ejbdeploy.JWSBankEJB.ORACLE_V9_1"
                     ],
                     "packageLocation": [
                        "WSBankEJB.jar"
                     ]
                  },
                  {
                     "conflictingPackages": [
                        "com.ibm.websphere.svt.wsn"
                     ],
                     "packageLocation": [
                        "GSEJB.jar",
                        "WSNClient.jar"
                     ]
                  },
                  {
                     "conflictingPackages": [
                        "com.ibm.websphere.svt.wsn.utils"
                     ],
                     "packageLocation": [
                        "WSNClient.jar"
                     ]
                  }
               ]
            },
            {
               "openSourceSoftwareClasses": [
                  {
                     "conflictingPackages": [
                        "org.w3.www"
                     ],
                     "packageLocation": [
                        "WSNClient.jar"
                     ],
                     "appliesTo": [
                        "V9.0"
                     ]
                  }
               ]
            },
            {
               "archivesNotReferenced": [
                  {
                     "archive": "GSjsf20Web.war/WEB-INF/lib/dojo-faces-1.3_00.jar",
                     "referencedBy": ""
                  }
               ]
            },
            {
               "missingDependencies": [
                  {
                     "missingDependencies": [
                        "com.ibm.ObjectQuery.metadata"
                     ],
                     "archive": [
                        "GSEJB.jar",
                        "WSBankEJB.jar"
                     ]
                  },
                  {
                     "missingDependencies": [
                        "com.ibm.wsspi.wsaddressing"
                     ],
                     "archive": [
                        "WSNClient.jar"
                     ]
                  },
                  {
                     "missingDependencies": [
                        "commonj.sdo",
                        "org.eclipse.emf.common.util",
                        "org.eclipse.emf.ecore.resource",
                        "org.eclipse.emf.ecore.sdo",
                        "org.eclipse.emf.ecore.sdo.util"
                     ],
                     "archive": [
                        "Shipping.war",
                        "ShippingAgent.jar"
                     ]
                  },
                  {
                     "missingDependencies": [
                        "org.apache.wink.client"
                     ],
                     "archive": [
                        "GSjsf20Web.war"
                     ]
                  },
                  {
                     "missingDependencies": [
                        "org.eclipse.emf.ecore",
                        "org.eclipse.emf.ecore.sdo.impl",
                        "org.eclipse.emf.ecore.util"
                     ],
                     "archive": [
                        "ShippingAgent.jar"
                     ]
                  }
               ]
            },
            {
               "classesWithSystemLevelJVMConfiguration": [
               ]
            },
            {
               "sharedLibraryDependencies": [
               ]
            }
         ],
         "performanceConsiderations": {
            "archivesThatAreCandidatesForMetadataCompleteTrueAttribute": [
               "CreditCardEJB_HTTPRouter.war"
            ],
            "webModulesWithExcessiveClassFiles": [
            ],
            "webModulesWithExcessiveStaticResources": [
            ]
         },
         "containedArchiveInventory": [
            {
               "archiveName": "/GS_WAS_V855/WAS/profiles/dmgr/config/cells/gsV855Cell/applications/GarageSale.ear/GarageSale.ear/CreditCardEJB.jar",
               "moduleType": "EJB module",
               "moduleVersion": "3.0",
               "metadataComplete": "false",
               "summary": {
                  "servlets": 0,
                  "jsps": 0,
                  "jpaEntities": 5,
                  "bmpEntityBeans": 0,
                  "cmpEntityBeans": 0,
                  "messageDrivenBeans": 0,
                  "singletonSessionBeans": 0,
                  "statefulSessionBeans": 0,
                  "statelessSessionBeans": 6,
                  "jaxrpcConsumers": 0,
                  "jaxrpcProviders": 0,
                  "jaxrsConsumers": 0,
                  "jaxrsProviders": 0,
                  "jaxwsConsumers": 0,
                  "jaxwsProviders": 1
               }
            },
            {
               "archiveName": "/GS_WAS_V855/WAS/profiles/dmgr/config/cells/gsV855Cell/applications/GarageSale.ear/GarageSale.ear/CreditCardEJB_HTTPRouter.war",
               "moduleType": "Web module",
               "moduleVersion": "2.5",
               "metadataComplete": "Unspecified",
               "archives": {
                  "ejbs": 0,
                  "webFragments": 0,
                  "utilityJars": 0
               },
               "summary": {
                  "servlets": 1,
                  "jsps": 0,
                  "jpaEntities": 0,
                  "bmpEntityBeans": 0,
                  "cmpEntityBeans": 0,
                  "messageDrivenBeans": 0,
                  "singletonSessionBeans": 0,
                  "statefulSessionBeans": 0,
                  "statelessSessionBeans": 0,
                  "jaxrpcConsumers": 0,
                  "jaxrpcProviders": 0,
                  "jaxrsConsumers": 0,
                  "jaxrsProviders": 0,
                  "jaxwsConsumers": 0,
                  "jaxwsProviders": 0
               }
            },
            {
               "archiveName": "/GS_WAS_V855/WAS/profiles/dmgr/config/cells/gsV855Cell/applications/GarageSale.ear/GarageSale.ear/CreditCardWeb.war",
               "moduleType": "Web module",
               "moduleVersion": "2.5",
               "metadataComplete": "Unspecified",
               "archives": {
                  "ejbs": 0,
                  "webFragments": 0,
                  "utilityJars": 0
               },
               "summary": {
                  "servlets": 1,
                  "jsps": 1,
                  "jpaEntities": 0,
                  "bmpEntityBeans": 0,
                  "cmpEntityBeans": 0,
                  "messageDrivenBeans": 0,
                  "singletonSessionBeans": 0,
                  "statefulSessionBeans": 0,
                  "statelessSessionBeans": 0,
                  "jaxrpcConsumers": 0,
                  "jaxrpcProviders": 0,
                  "jaxrsConsumers": 0,
                  "jaxrsProviders": 0,
                  "jaxwsConsumers": 2,
                  "jaxwsProviders": 0
               }
            },
            {
               "archiveName": "/GS_WAS_V855/WAS/profiles/dmgr/config/cells/gsV855Cell/applications/GarageSale.ear/GarageSale.ear/GSAdmin.war",
               "moduleType": "Web module",
               "moduleVersion": "2.4",
               "metadataComplete": "true",
               "archives": {
                  "ejbs": 0,
                  "webFragments": 0,
                  "utilityJars": 1
               },
               "summary": {
                  "servlets": 3,
                  "jsps": 0,
                  "jpaEntities": 0,
                  "bmpEntityBeans": 0,
                  "cmpEntityBeans": 0,
                  "messageDrivenBeans": 0,
                  "singletonSessionBeans": 0,
                  "statefulSessionBeans": 0,
                  "statelessSessionBeans": 0,
                  "jaxrpcConsumers": 0,
                  "jaxrpcProviders": 0,
                  "jaxrsConsumers": 0,
                  "jaxrsProviders": 0,
                  "jaxwsConsumers": 2,
                  "jaxwsProviders": 0
               },
               "containedArchiveInventory": [
                  {
                     "archiveName": "/GS_WAS_V855/WAS/profiles/dmgr/config/cells/gsV855Cell/applications/GarageSale.ear/GarageSale.ear/GSAdmin.war/GarageSaleUtils.jar",
                     "moduleType": "Utility JAR",
                     "containedPackages": [
                        "com.ibm.websphere"
                     ]
                  }
               ]
            },
            {
               "archiveName": "/GS_WAS_V855/WAS/profiles/dmgr/config/cells/gsV855Cell/applications/GarageSale.ear/GarageSale.ear/GSEJB.jar",
               "moduleType": "EJB module",
               "moduleVersion": "2.1",
               "metadataComplete": "true",
               "summary": {
                  "servlets": 0,
                  "jsps": 0,
                  "jpaEntities": 0,
                  "bmpEntityBeans": 0,
                  "cmpEntityBeans": 7,
                  "messageDrivenBeans": 0,
                  "singletonSessionBeans": 0,
                  "statefulSessionBeans": 0,
                  "statelessSessionBeans": 1,
                  "jaxrpcConsumers": 1,
                  "jaxrpcProviders": 0,
                  "jaxrsConsumers": 0,
                  "jaxrsProviders": 0,
                  "jaxwsConsumers": 2,
                  "jaxwsProviders": 0
               }
            },
            {
               "archiveName": "/GS_WAS_V855/WAS/profiles/dmgr/config/cells/gsV855Cell/applications/GarageSale.ear/GarageSale.ear/GSEJBWrapper.war",
               "moduleType": "Web module",
               "moduleVersion": "2.4",
               "metadataComplete": "true",
               "archives": {
                  "ejbs": 0,
                  "webFragments": 0,
                  "utilityJars": 0
               },
               "summary": {
                  "servlets": 0,
                  "jsps": 0,
                  "jpaEntities": 0,
                  "bmpEntityBeans": 0,
                  "cmpEntityBeans": 0,
                  "messageDrivenBeans": 0,
                  "singletonSessionBeans": 0,
                  "statefulSessionBeans": 0,
                  "statelessSessionBeans": 0,
                  "jaxrpcConsumers": 0,
                  "jaxrpcProviders": 0,
                  "jaxrsConsumers": 0,
                  "jaxrsProviders": 0,
                  "jaxwsConsumers": 0,
                  "jaxwsProviders": 1
               }
            },
            {
               "archiveName": "/GS_WAS_V855/WAS/profiles/dmgr/config/cells/gsV855Cell/applications/GarageSale.ear/GarageSale.ear/GSTest.war",
               "moduleType": "Web module",
               "moduleVersion": "2.4",
               "metadataComplete": "true",
               "archives": {
                  "ejbs": 0,
                  "webFragments": 0,
                  "utilityJars": 0
               },
               "summary": {
                  "servlets": 1,
                  "jsps": 0,
                  "jpaEntities": 0,
                  "bmpEntityBeans": 0,
                  "cmpEntityBeans": 0,
                  "messageDrivenBeans": 0,
                  "singletonSessionBeans": 0,
                  "statefulSessionBeans": 0,
                  "statelessSessionBeans": 0,
                  "jaxrpcConsumers": 0,
                  "jaxrpcProviders": 0,
                  "jaxrsConsumers": 0,
                  "jaxrsProviders": 0,
                  "jaxwsConsumers": 0,
                  "jaxwsProviders": 0
               }
            },
            {
               "archiveName": "/GS_WAS_V855/WAS/profiles/dmgr/config/cells/gsV855Cell/applications/GarageSale.ear/GarageSale.ear/GSjsf20Web.war",
               "moduleType": "Web module",
               "moduleVersion": "3.0",
               "metadataComplete": "Unspecified",
               "archives": {
                  "ejbs": 1,
                  "webFragments": 0,
                  "utilityJars": 3
               },
               "summary": {
                  "servlets": 1,
                  "jsps": 0,
                  "jpaEntities": 5,
                  "bmpEntityBeans": 0,
                  "cmpEntityBeans": 0,
                  "messageDrivenBeans": 0,
                  "singletonSessionBeans": 1,
                  "statefulSessionBeans": 0,
                  "statelessSessionBeans": 6,
                  "jaxrpcConsumers": 0,
                  "jaxrpcProviders": 0,
                  "jaxrsConsumers": 0,
                  "jaxrsProviders": 2,
                  "jaxwsConsumers": 2,
                  "jaxwsProviders": 0
               },
               "containedArchiveInventory": [
                  {
                     "archiveName": "/GS_WAS_V855/WAS/profiles/dmgr/config/cells/gsV855Cell/applications/GarageSale.ear/GarageSale.ear/GSjsf20Web.war/GarageSaleUtils.jar",
                     "moduleType": "Utility JAR",
                     "containedPackages": [
                        "com.ibm.websphere"
                     ]
                  },
                  {
                     "archiveName": "/GS_WAS_V855/WAS/profiles/dmgr/config/cells/gsV855Cell/applications/GarageSale.ear/GarageSale.ear/GSjsf20Web.war/WEB-INF/lib/GarageSaleUtils.jar",
                     "moduleType": "Utility JAR",
                     "containedPackages": [
                        "com.ibm.websphere"
                     ]
                  },
                  {
                     "archiveName": "/GS_WAS_V855/WAS/profiles/dmgr/config/cells/gsV855Cell/applications/GarageSale.ear/GarageSale.ear/GSjsf20Web.war/WEB-INF/lib/ProdReviewTaxShipRateEJB.jar",
                     "moduleType": "EJB module",
                     "moduleVersion": null,
                     "metadataComplete": "Unspecified",
                     "summary": {
                        "servlets": 0,
                        "jsps": 0,
                        "jpaEntities": 5,
                        "bmpEntityBeans": 0,
                        "cmpEntityBeans": 0,
                        "messageDrivenBeans": 0,
                        "singletonSessionBeans": 1,
                        "statefulSessionBeans": 0,
                        "statelessSessionBeans": 6,
                        "jaxrpcConsumers": 0,
                        "jaxrpcProviders": 0,
                        "jaxrsConsumers": 0,
                        "jaxrsProviders": 2,
                        "jaxwsConsumers": 0,
                        "jaxwsProviders": 0
                     }
                  },
                  {
                     "archiveName": "/GS_WAS_V855/WAS/profiles/dmgr/config/cells/gsV855Cell/applications/GarageSale.ear/GarageSale.ear/GSjsf20Web.war/WEB-INF/lib/dojo-faces-1.3_00.jar",
                     "moduleType": "Utility JAR",
                     "containedPackages": [
                        "org.j4fry.dojo",
                        "org.j4fry.json"
                     ]
                  }
               ]
            },
            {
               "archiveName": "/GS_WAS_V855/WAS/profiles/dmgr/config/cells/gsV855Cell/applications/GarageSale.ear/GarageSale.ear/GarageSaleUtils.jar",
               "moduleType": "Utility JAR",
               "containedPackages": [
                  "com.ibm.websphere"
               ]
            },
            {
               "archiveName": "/GS_WAS_V855/WAS/profiles/dmgr/config/cells/gsV855Cell/applications/GarageSale.ear/GarageSale.ear/Shipping.war",
               "moduleType": "Web module",
               "moduleVersion": "2.4",
               "metadataComplete": "true",
               "archives": {
                  "ejbs": 0,
                  "webFragments": 0,
                  "utilityJars": 0
               },
               "summary": {
                  "servlets": 1,
                  "jsps": 0,
                  "jpaEntities": 0,
                  "bmpEntityBeans": 0,
                  "cmpEntityBeans": 0,
                  "messageDrivenBeans": 0,
                  "singletonSessionBeans": 0,
                  "statefulSessionBeans": 0,
                  "statelessSessionBeans": 0,
                  "jaxrpcConsumers": 0,
                  "jaxrpcProviders": 1,
                  "jaxrsConsumers": 0,
                  "jaxrsProviders": 0,
                  "jaxwsConsumers": 0,
                  "jaxwsProviders": 0
               }
            },
            {
               "archiveName": "/GS_WAS_V855/WAS/profiles/dmgr/config/cells/gsV855Cell/applications/GarageSale.ear/GarageSale.ear/ShippingAgent.jar",
               "moduleType": "EJB module",
               "moduleVersion": "2.1",
               "metadataComplete": "true",
               "summary": {
                  "servlets": 0,
                  "jsps": 0,
                  "jpaEntities": 0,
                  "bmpEntityBeans": 0,
                  "cmpEntityBeans": 0,
                  "messageDrivenBeans": 1,
                  "singletonSessionBeans": 0,
                  "statefulSessionBeans": 0,
                  "statelessSessionBeans": 0,
                  "jaxrpcConsumers": 1,
                  "jaxrpcProviders": 0,
                  "jaxrsConsumers": 0,
                  "jaxrsProviders": 0,
                  "jaxwsConsumers": 2,
                  "jaxwsProviders": 0
               }
            },
            {
               "archiveName": "/GS_WAS_V855/WAS/profiles/dmgr/config/cells/gsV855Cell/applications/GarageSale.ear/GarageSale.ear/WSBankEJB.jar",
               "moduleType": "EJB module",
               "moduleVersion": "2.1",
               "metadataComplete": "true",
               "summary": {
                  "servlets": 0,
                  "jsps": 0,
                  "jpaEntities": 0,
                  "bmpEntityBeans": 0,
                  "cmpEntityBeans": 3,
                  "messageDrivenBeans": 0,
                  "singletonSessionBeans": 0,
                  "statefulSessionBeans": 0,
                  "statelessSessionBeans": 1,
                  "jaxrpcConsumers": 0,
                  "jaxrpcProviders": 1,
                  "jaxrsConsumers": 0,
                  "jaxrsProviders": 0,
                  "jaxwsConsumers": 0,
                  "jaxwsProviders": 0
               }
            },
            {
               "archiveName": "/GS_WAS_V855/WAS/profiles/dmgr/config/cells/gsV855Cell/applications/GarageSale.ear/GarageSale.ear/WSBankEJB_HTTPRouter.war",
               "moduleType": "Web module",
               "moduleVersion": "2.4",
               "metadataComplete": "true",
               "archives": {
                  "ejbs": 0,
                  "webFragments": 0,
                  "utilityJars": 0
               },
               "summary": {
                  "servlets": 1,
                  "jsps": 0,
                  "jpaEntities": 0,
                  "bmpEntityBeans": 0,
                  "cmpEntityBeans": 0,
                  "messageDrivenBeans": 0,
                  "singletonSessionBeans": 0,
                  "statefulSessionBeans": 0,
                  "statelessSessionBeans": 0,
                  "jaxrpcConsumers": 0,
                  "jaxrpcProviders": 0,
                  "jaxrsConsumers": 0,
                  "jaxrsProviders": 0,
                  "jaxwsConsumers": 0,
                  "jaxwsProviders": 0
               }
            },
            {
               "archiveName": "/GS_WAS_V855/WAS/profiles/dmgr/config/cells/gsV855Cell/applications/GarageSale.ear/GarageSale.ear/WSNClient.jar",
               "moduleType": "EJB module",
               "moduleVersion": "2.1",
               "metadataComplete": "true",
               "summary": {
                  "servlets": 0,
                  "jsps": 0,
                  "jpaEntities": 0,
                  "bmpEntityBeans": 0,
                  "cmpEntityBeans": 0,
                  "messageDrivenBeans": 0,
                  "singletonSessionBeans": 0,
                  "statefulSessionBeans": 0,
                  "statelessSessionBeans": 1,
                  "jaxrpcConsumers": 1,
                  "jaxrpcProviders": 0,
                  "jaxrsConsumers": 0,
                  "jaxrsProviders": 0,
                  "jaxwsConsumers": 0,
                  "jaxwsProviders": 0
               }
            }
         ]
      }
   ],
   "sharedLibraryDetails": [
   ]
}