{
   "report": "analysis",
   "version": "1.1",
   "totalRulesFlagged": 1,
   "filesAffected": 2,
   "totalResults": 2,
   "options": [
      "--sourceAppServer=was90",
      "--sourceJava=ibm8",
      "--targetAppServer=was90",
      "--targetJava=ibm8",
      "--targetCloud=wasVM"
   ],
   "severitySummary": [
      {
         "severity": "Warning",
         "totalRulesFlagged": 1,
         "totalResults": 2
      }
   ],
   "applications": [
      "/opt/IBM/WebSphere/AppServer/profiles/Dmgr01/config/cells/transAdvisor1Cell01/applications/HealthServices.ear/HealthServices.ear"
   ],
   "rules": [
      {
         "ruleName": "Validate the URL host and port for cloud access",
         "severity": "Warning",
         "category": "Connectivity considerations for IBM Cloud",
         "results": [
            {
               "fileName": "HealthServices.ear/HealthServices.war/WEB-INF/wsdl/HealthCareAccountService.wsdl",
               "details": [
                  {
                     "reference": null,
                     "match": "address.location=http://localhost:9081/HealthServices/services/HealthCareAccountService",
                     "lineNumber": 169
                  }
               ]
            },
            {
               "fileName": "HealthServices.ear/HealthServices.war/WEB-INF/wsdl/DoctorCodeBlue.wsdl",
               "details": [
                  {
                     "reference": null,
                     "match": "address.location=http://localhost:9081/HealthServices/services/DoctorCodeBlue",
                     "lineNumber": 70
                  }
               ]
            }
         ]
      }
   ]
}