{
   "report": "analysis",
   "version": "1.1",
   "totalRulesFlagged": 2,
   "filesAffected": 3,
   "totalResults": 4,
   "options": [
      "--sourceAppServer=was90",
      "--sourceJava=ibm8",
      "--targetAppServer=liberty",
      "--targetJava=ibm8",
      "--targetCloud=docker"
   ],
   "severitySummary": [
      {
         "severity": "Severe",
         "totalRulesFlagged": 1,
         "totalResults": 2
      },
      {
         "severity": "Warning",
         "totalRulesFlagged": 1,
         "totalResults": 2
      }
   ],
   "applications": [
      "/opt/IBM/WebSphere/AppServer/profiles/Dmgr01/config/cells/transAdvisor1Cell01/applications/HealthServices.ear/HealthServices.ear"
   ],
   "rules": [
      {
         "ruleName": "Java API for XML-based RPC (JAX-RPC) is unavailable",
         "severity": "Severe",
         "category": "Java Technology Support for Liberty",
         "results": [
            {
               "fileName": "HealthServices.ear/HealthServices.war/WEB-INF/webservices.xml",
               "details": [
                  {
                     "reference": null,
                     "match": "jaxrpc-mapping-file",
                     "lineNumber": 6
                  },
                  {
                     "reference": null,
                     "match": "jaxrpc-mapping-file",
                     "lineNumber": 22
                  }
               ]
            }
         ]
      },
      {
         "ruleName": "Validate the URL host and port for cloud access",
         "severity": "Warning",
         "category": "Connectivity considerations for IBM Cloud",
         "results": [
            {
               "fileName": "HealthServices.ear/HealthServices.war/WEB-INF/wsdl/HealthCareAccountService.wsdl",
               "details": [
                  {
                     "reference": null,
                     "match": "address.location=http://localhost:9081/HealthServices/services/HealthCareAccountService",
                     "lineNumber": 169
                  }
               ]
            },
            {
               "fileName": "HealthServices.ear/HealthServices.war/WEB-INF/wsdl/DoctorCodeBlue.wsdl",
               "details": [
                  {
                     "reference": null,
                     "match": "address.location=http://localhost:9081/HealthServices/services/DoctorCodeBlue",
                     "lineNumber": 70
                  }
               ]
            }
         ]
      }
   ]
}