{
   "report": "analysis",
   "version": "1.2",
   "productVersion": "9.0",
   "productRelease": "17.0.0.4",
   "options": [
      "--sourceAppServer=was90",
      "--sourceJava=ibm8",
      "--targetAppServer=was90",
      "--targetJava=ibm8",
      "--targetCloud=vmIBMCloud",
      "--excludePackages=com.ibm.websphere,com.ibm.ws,com.ibm.db2,com.informix,com.microsoft,com.sybase,com.sun,java,javax,net,oracle,org,sqlj,_ibmjsp"
   ],
   "totalRulesFlagged": 3,
   "filesAffected": 7,
   "totalResults": 10,
   "severitySummary": [
      {
         "severity": "Warning",
         "totalRulesFlagged": 3,
         "totalResults": 10
      }
   ],
   "applications": [
      "/opt/IBM/WebSphere/AppServer/profiles/AppSrv01/config/cells/DefaultCell01/applications/jpetstore_war.ear/jpetstore_war.ear"
   ],
   "rules": [
      {
         "ruleName": "Databases",
         "severity": "Warning",
         "category": "Technology connectivity considerations for IBM Cloud",
         "results": [
            {
               "fileName": "jpetstore_war.ear/jpetstore.war/WEB-INF/lib/hessian-3.1.3.jar/com/caucho/hessian/io/SerializerFactory.class",
               "details": [
                  {
                     "reference": "Static initializer",
                     "match": "java.sql",
                     "lineNumber": 533
                  }
               ]
            },
            {
               "fileName": "jpetstore_war.ear/jpetstore.war/WEB-INF/lib/ibatis-2.3.4.726.jar/com/ibatis/common/jdbc/DbcpConfiguration.class",
               "details": [
                  {
                     "reference": "Constructor",
                     "match": "javax.sql",
                     "lineNumber": 45
                  }
               ]
            }
         ]
      },
      {
         "ruleName": "Java Message Service (JMS)",
         "severity": "Warning",
         "category": "Technology connectivity considerations for IBM Cloud (not Liberty Core)",
         "results": [
            {
               "fileName": "jpetstore_war.ear/jpetstore.war/WEB-INF/lib/hessian-3.1.3.jar/com/caucho/hessian/client/HessianJMSProxy.class",
               "details": [
                  {
                     "reference": "Constructor",
                     "match": "javax.jms.ConnectionFactory",
                     "lineNumber": 88
                  }
               ]
            }
         ]
      },
      {
         "ruleName": "Validate the URL host and port for cloud access",
         "severity": "Warning",
         "category": "Connectivity considerations for IBM Cloud (Docker and WebSphere in IBM Cloud)",
         "results": [
            {
               "fileName": "jpetstore_war.ear/jpetstore.war/WEB-INF/jdbc.properties",
               "details": [
                  {
                     "reference": null,
                     "match": "jdbc.url=jdbc:mysql://db:3306/jpetstore",
                     "lineNumber": 0
                  }
               ]
            },
            {
               "fileName": "jpetstore_war.ear/jpetstore.war/WEB-INF/lib/axis.jar/org/apache/axis/i18n/resource.properties",
               "details": [
                  {
                     "reference": null,
                     "match": "acUsage26=http://localhost:8080/axis/servlet/AxisServlet",
                     "lineNumber": 0
                  }
               ]
            },
            {
               "fileName": "jpetstore_war.ear/jpetstore.war/WEB-INF/lib/axis.jar/org/apache/axis/i18n/resource_ja.properties",
               "details": [
                  {
                     "reference": null,
                     "match": "acUsage26=http://localhost:8080/axis/servlet/AxisServlet \u3092\u547c\u3073\u51fa\u3057\u307e\u3059 / [en]-(http://localhost:8080/axis/servlet/AxisServlet)",
                     "lineNumber": 0
                  }
               ]
            },
            {
               "fileName": "jpetstore_war.ear/jpetstore.war/WEB-INF/lib/ibatis-2.3.4.726.jar/com/ibatis/sqlmap/engine/builder/xml/SqlMapClasspathEntityResolver.class",
               "details": [
                  {
                     "reference": "Static initializer",
                     "match": "http://ibatis.apache.org/dtd/sql-map-2.dtd",
                     "lineNumber": 41
                  },
                  {
                     "reference": "Static initializer",
                     "match": "http://ibatis.apache.org/dtd/sql-map-config-2.dtd",
                     "lineNumber": 36
                  },
                  {
                     "reference": "Static initializer",
                     "match": "http://www.ibatis.com/dtd/sql-map-2.dtd",
                     "lineNumber": 40
                  },
                  {
                     "reference": "Static initializer",
                     "match": "http://www.ibatis.com/dtd/sql-map-config-2.dtd",
                     "lineNumber": 35
                  }
               ]
            }
         ]
      }
   ]
}