{
   "report": "analysis",
   "version": "1.2",
   "productVersion": "9.0",
   "productRelease": "18.0.0.1",
   "options": [
      "--sourceAppServer=was70",
      "--sourceJava=ibm5",
      "--targetAppServer=liberty",
      "--targetJava=ibm8",
      "--targetJavaEE=ee6",
      "--targetCloud=dockerIBMCloud",
      "--excludePackages=com.ibm.websphere,com.ibm.ws,com.ibm.db2,com.informix,com.microsoft,com.sybase,com.sun,java,javax,net,oracle,org,sqlj,_ibmjsp"
   ],
   "totalRulesFlagged": 1,
   "filesAffected": 9,
   "totalResults": 9,
   "severitySummary": [
      {
         "severity": "Warning",
         "totalRulesFlagged": 1,
         "totalResults": 9
      }
   ],
   "applications": [
      "/home/ibmadmin/WAS/profiles/jersey01/config/cells/jersey01/applications/RESTfulExample_war.ear/RESTfulExample_war.ear"
   ],
   "rules": [
      {
         "ruleName": "Handling application configuration in Docker containers",
         "severity": "Warning",
         "category": "Docker (IBM Cloud Container Services)",
         "results": [
            {
               "fileName": "RESTfulExample_war.ear/RESTfulExample.war/WEB-INF/lib/jersey-client-1.17.jar/META-INF/maven/com.sun.jersey/jersey-client/pom.properties",
               "details": [
                  {
                     "reference": null,
                     "match": "(.*)?\\.properties",
                     "lineNumber": 0
                  }
               ]
            },
            {
               "fileName": "RESTfulExample_war.ear/RESTfulExample.war/WEB-INF/lib/jersey-core-1.17.jar/META-INF/maven/com.sun.jersey/jersey-core/pom.properties",
               "details": [
                  {
                     "reference": null,
                     "match": "(.*)?\\.properties",
                     "lineNumber": 0
                  }
               ]
            },
            {
               "fileName": "RESTfulExample_war.ear/RESTfulExample.war/WEB-INF/lib/jersey-core-1.17.jar/com/sun/jersey/impl/api.properties",
               "details": [
                  {
                     "reference": null,
                     "match": "(.*)?\\.properties",
                     "lineNumber": 0
                  }
               ]
            },
            {
               "fileName": "RESTfulExample_war.ear/RESTfulExample.war/WEB-INF/lib/jersey-core-1.17.jar/com/sun/jersey/impl/impl.properties",
               "details": [
                  {
                     "reference": null,
                     "match": "(.*)?\\.properties",
                     "lineNumber": 0
                  }
               ]
            },
            {
               "fileName": "RESTfulExample_war.ear/RESTfulExample.war/WEB-INF/lib/jersey-core-1.17.jar/com/sun/jersey/impl/spi.properties",
               "details": [
                  {
                     "reference": null,
                     "match": "(.*)?\\.properties",
                     "lineNumber": 0
                  }
               ]
            },
            {
               "fileName": "RESTfulExample_war.ear/RESTfulExample.war/WEB-INF/lib/jersey-server-1.17.jar/META-INF/maven/com.sun.jersey/jersey-server/pom.properties",
               "details": [
                  {
                     "reference": null,
                     "match": "(.*)?\\.properties",
                     "lineNumber": 0
                  }
               ]
            },
            {
               "fileName": "RESTfulExample_war.ear/RESTfulExample.war/WEB-INF/lib/jersey-server-1.17.jar/com/sun/jersey/server/impl/build.properties",
               "details": [
                  {
                     "reference": null,
                     "match": "(.*)?\\.properties",
                     "lineNumber": 0
                  }
               ]
            },
            {
               "fileName": "RESTfulExample_war.ear/RESTfulExample.war/WEB-INF/lib/jersey-servlet-1.17.jar/META-INF/maven/com.sun.jersey/jersey-servlet/pom.properties",
               "details": [
                  {
                     "reference": null,
                     "match": "(.*)?\\.properties",
                     "lineNumber": 0
                  }
               ]
            },
            {
               "fileName": "RESTfulExample_war.ear/RESTfulExample.war/WEB-INF/lib/jsr311-api-1.1.1.jar/META-INF/maven/javax.ws.rs/jsr311-api/pom.properties",
               "details": [
                  {
                     "reference": null,
                     "match": "(.*)?\\.properties",
                     "lineNumber": 0
                  }
               ]
            }
         ]
      }
   ]
}