{
   "report": "analysis",
   "version": "1.2",
   "productVersion": "9.0",
   "productRelease": "18.0.0.1",
   "options": [
      "--sourceAppServer=was70",
      "--sourceJava=ibm5",
      "--targetAppServer=was90",
      "--targetJava=ibm8",
      "--targetJavaEE=ee7",
      "--targetCloud=vmIBMCloud",
      "--excludePackages=com.ibm.websphere,com.ibm.ws,com.ibm.db2,com.informix,com.microsoft,com.sybase,com.sun,java,javax,net,oracle,org,sqlj,_ibmjsp"
   ],
   "totalRulesFlagged": 2,
   "filesAffected": 8,
   "totalResults": 8,
   "severitySummary": [
      {
         "severity": "Warning",
         "totalRulesFlagged": 2,
         "totalResults": 8
      }
   ],
   "applications": [
      "/home/ibmadmin/WAS/profiles/jersey01/config/cells/jersey01/applications/RESTfulExample_war.ear/RESTfulExample_war.ear"
   ],
   "rules": [
      {
         "ruleName": "CDI scans for implicit beans when there is no beans.xml file",
         "severity": "Warning",
         "category": "Java EE 7 / CDI",
         "results": [
            {
               "fileName": "RESTfulExample_war.ear/RESTfulExample.war",
               "details": [
                  {
                     "reference": null,
                     "match": ".*(\\.war|\\.jar)",
                     "lineNumber": 0
                  }
               ]
            },
            {
               "fileName": "RESTfulExample_war.ear/RESTfulExample.war/WEB-INF/lib/asm-3.1.jar",
               "details": [
                  {
                     "reference": null,
                     "match": ".*(\\.war|\\.jar)",
                     "lineNumber": 0
                  }
               ]
            },
            {
               "fileName": "RESTfulExample_war.ear/RESTfulExample.war/WEB-INF/lib/jersey-client-1.17.jar",
               "details": [
                  {
                     "reference": null,
                     "match": ".*(\\.war|\\.jar)",
                     "lineNumber": 0
                  }
               ]
            },
            {
               "fileName": "RESTfulExample_war.ear/RESTfulExample.war/WEB-INF/lib/jersey-core-1.17.jar",
               "details": [
                  {
                     "reference": null,
                     "match": ".*(\\.war|\\.jar)",
                     "lineNumber": 0
                  }
               ]
            },
            {
               "fileName": "RESTfulExample_war.ear/RESTfulExample.war/WEB-INF/lib/jersey-server-1.17.jar",
               "details": [
                  {
                     "reference": null,
                     "match": ".*(\\.war|\\.jar)",
                     "lineNumber": 0
                  }
               ]
            },
            {
               "fileName": "RESTfulExample_war.ear/RESTfulExample.war/WEB-INF/lib/jersey-servlet-1.17.jar",
               "details": [
                  {
                     "reference": null,
                     "match": ".*(\\.war|\\.jar)",
                     "lineNumber": 0
                  }
               ]
            },
            {
               "fileName": "RESTfulExample_war.ear/RESTfulExample.war/WEB-INF/lib/jsr311-api-1.1.1.jar",
               "details": [
                  {
                     "reference": null,
                     "match": ".*(\\.war|\\.jar)",
                     "lineNumber": 0
                  }
               ]
            }
         ]
      },
      {
         "ruleName": "Java API for RESTful Web Services (JAX-RS)",
         "severity": "Warning",
         "category": "Java EE 6 / JAX-RS 1.1",
         "results": [
            {
               "fileName": "RESTfulExample_war.ear/RESTfulExample.war/WEB-INF/classes/com/jwt/service/HelloWorldService.class",
               "details": [
                  {
                     "reference": "Class annotation",
                     "match": "javax.ws.rs",
                     "lineNumber": 0
                  }
               ]
            }
         ]
      }
   ]
}