{
   "report": "inventory",
   "version": "2.3",
   "productVersion": "9.0",
   "productRelease": "18.0.0.1",
   "options": [
      "--excludePackages=com.ibm.websphere,com.ibm.ws,com.ibm.db2,com.informix,com.microsoft,com.sybase,com.sun,java,javax,net,oracle,org,sqlj,_ibmjsp"
   ],
   "applications": [
      "/home/ibmadmin/WAS/profiles/jersey01/config/cells/jersey01/applications/RESTfulExample_war.ear/RESTfulExample_war.ear"
   ],
   "sharedLibraries": [
   ],
   "archives": {
      "ears": 1,
      "wars": 1,
      "rars": 0,
      "ejbs": 0,
      "webFragments": 0,
      "utilityJars": 6,
      "appClients": 0
   },
   "summary": {
      "servlets": 1,
      "jsps": 0,
      "jpaEntities": 0,
      "bmpEntityBeans": 0,
      "cmpEntityBeans": 0,
      "messageDrivenBeans": 0,
      "singletonSessionBeans": 0,
      "statefulSessionBeans": 0,
      "statelessSessionBeans": 0,
      "jaxrpcConsumers": 0,
      "jaxrpcProviders": 0,
      "jaxrsConsumers": 0,
      "jaxrsProviders": 30,
      "jaxwsConsumers": 0,
      "jaxwsProviders": 0
   },
   "archiveInventory": [
      {
         "archiveName": "/home/ibmadmin/WAS/profiles/jersey01/config/cells/jersey01/applications/RESTfulExample_war.ear/RESTfulExample_war.ear",
         "moduleType": "Enterprise archive",
         "moduleVersion": "5",
         "metadataComplete": null,
         "archives": {
            "wars": 1,
            "rars": 0,
            "ejbs": 0,
            "utilityJars": 6,
            "appClients": 0
         },
         "summary": {
            "servlets": 1,
            "jsps": 0,
            "jpaEntities": 0,
            "bmpEntityBeans": 0,
            "cmpEntityBeans": 0,
            "messageDrivenBeans": 0,
            "singletonSessionBeans": 0,
            "statefulSessionBeans": 0,
            "statelessSessionBeans": 0,
            "jaxrpcConsumers": 0,
            "jaxrpcProviders": 0,
            "jaxrsConsumers": 0,
            "jaxrsProviders": 30,
            "jaxwsConsumers": 0,
            "jaxwsProviders": 0
         },
         "potentialDeploymentProblemsSummary": {
            "archivesContainingDuplicateClasses": 2,
            "archivesContainingJavaEEorSEClasses": 2,
            "archivesContainingConflictingOpenSourceSoftwareClasses": 1,
            "archivesContainingWebSphereClasses": 0,
            "archivesNotReferencedInTheApplication": 3,
            "archivesWithMissingDependenciesInTheApplication": 2,
            "classesWithSystemLevelJVMConfiguration": 0,
            "sharedLibrariesReferencingApplicationClasses": 0
         },
         "potentialDeploymentProblemsDetails": [
            {
               "duplicateClassesWithinClassLoader": [
                  {
                     "conflictingPackages": [
                        "javax.ws.rs",
                        "javax.ws.rs.core",
                        "javax.ws.rs.ext"
                     ],
                     "packageLocation": [
                        "RESTfulExample.war/WEB-INF/lib/jersey-core-1.17.jar",
                        "RESTfulExample.war/WEB-INF/lib/jsr311-api-1.1.1.jar"
                     ]
                  }
               ]
            },
            {
               "duplicateClassesAcrossApplication": [
               ]
            },
            {
               "javaEEandSEClasses": [
                  {
                     "conflictingPackages": [
                        "javax.ws.rs",
                        "javax.ws.rs.core",
                        "javax.ws.rs.ext"
                     ],
                     "packageLocation": [
                        "RESTfulExample.war/WEB-INF/lib/jersey-core-1.17.jar",
                        "RESTfulExample.war/WEB-INF/lib/jsr311-api-1.1.1.jar"
                     ]
                  }
               ]
            },
            {
               "duplicateWebSphereClasses": [
               ]
            },
            {
               "openSourceSoftwareClasses": [
                  {
                     "conflictingPackages": [
                        "org.objectweb.asm",
                        "org.objectweb.asm.signature"
                     ],
                     "packageLocation": [
                        "RESTfulExample.war/WEB-INF/lib/asm-3.1.jar"
                     ],
                     "appliesTo": [
                        "V9.0",
                        "Liberty"
                     ]
                  }
               ]
            },
            {
               "archivesNotReferenced": [
                  {
                     "archive": "RESTfulExample.war/WEB-INF/lib/jersey-client-1.17.jar",
                     "referencedBy": ""
                  },
                  {
                     "archive": "RESTfulExample.war/WEB-INF/lib/jersey-server-1.17.jar",
                     "referencedBy": "RESTfulExample.war/WEB-INF/lib/jersey-servlet-1.17.jar"
                  },
                  {
                     "archive": "RESTfulExample.war/WEB-INF/lib/jersey-servlet-1.17.jar",
                     "referencedBy": ""
                  }
               ]
            },
            {
               "missingDependencies": [
                  {
                     "missingDependencies": [
                        "com.sun.net.httpserver"
                     ],
                     "archive": [
                        "RESTfulExample.war/WEB-INF/lib/jersey-server-1.17.jar"
                     ]
                  },
                  {
                     "missingDependencies": [
                        "org.osgi.framework"
                     ],
                     "archive": [
                        "RESTfulExample.war/WEB-INF/lib/jersey-core-1.17.jar"
                     ]
                  }
               ]
            },
            {
               "classesWithSystemLevelJVMConfiguration": [
               ]
            },
            {
               "sharedLibraryDependencies": [
               ]
            }
         ],
         "performanceConsiderations": {
            "archivesThatAreCandidatesForMetadataCompleteTrueAttribute": [
            ],
            "webModulesWithExcessiveClassFiles": [
            ],
            "webModulesWithExcessiveStaticResources": [
            ]
         },
         "containedArchiveInventory": [
            {
               "archiveName": "/home/ibmadmin/WAS/profiles/jersey01/config/cells/jersey01/applications/RESTfulExample_war.ear/RESTfulExample_war.ear/RESTfulExample.war",
               "moduleType": "Web module",
               "moduleVersion": "2.5",
               "metadataComplete": "Unspecified",
               "archives": {
                  "ejbs": 0,
                  "webFragments": 0,
                  "utilityJars": 6
               },
               "summary": {
                  "servlets": 1,
                  "jsps": 0,
                  "jpaEntities": 0,
                  "bmpEntityBeans": 0,
                  "cmpEntityBeans": 0,
                  "messageDrivenBeans": 0,
                  "singletonSessionBeans": 0,
                  "statefulSessionBeans": 0,
                  "statelessSessionBeans": 0,
                  "jaxrpcConsumers": 0,
                  "jaxrpcProviders": 0,
                  "jaxrsConsumers": 0,
                  "jaxrsProviders": 30,
                  "jaxwsConsumers": 0,
                  "jaxwsProviders": 0
               },
               "containedArchiveInventory": [
                  {
                     "archiveName": "/home/ibmadmin/WAS/profiles/jersey01/config/cells/jersey01/applications/RESTfulExample_war.ear/RESTfulExample_war.ear/RESTfulExample.war/WEB-INF/lib/asm-3.1.jar",
                     "moduleType": "Utility JAR",
                     "containedPackages": [
                        "org.objectweb.asm"
                     ]
                  },
                  {
                     "archiveName": "/home/ibmadmin/WAS/profiles/jersey01/config/cells/jersey01/applications/RESTfulExample_war.ear/RESTfulExample_war.ear/RESTfulExample.war/WEB-INF/lib/jersey-client-1.17.jar",
                     "moduleType": "Utility JAR",
                     "containedPackages": [
                        "com.sun.jersey",
                        "com.sun.ws"
                     ]
                  },
                  {
                     "archiveName": "/home/ibmadmin/WAS/profiles/jersey01/config/cells/jersey01/applications/RESTfulExample_war.ear/RESTfulExample_war.ear/RESTfulExample.war/WEB-INF/lib/jersey-core-1.17.jar",
                     "moduleType": "Utility JAR",
                     "containedPackages": [
                        "com.sun.jersey",
                        "javax.ws.rs"
                     ]
                  },
                  {
                     "archiveName": "/home/ibmadmin/WAS/profiles/jersey01/config/cells/jersey01/applications/RESTfulExample_war.ear/RESTfulExample_war.ear/RESTfulExample.war/WEB-INF/lib/jersey-server-1.17.jar",
                     "moduleType": "Utility JAR",
                     "containedPackages": [
                        "com.sun.jersey",
                        "com.sun.research"
                     ]
                  },
                  {
                     "archiveName": "/home/ibmadmin/WAS/profiles/jersey01/config/cells/jersey01/applications/RESTfulExample_war.ear/RESTfulExample_war.ear/RESTfulExample.war/WEB-INF/lib/jersey-servlet-1.17.jar",
                     "moduleType": "Utility JAR",
                     "containedPackages": [
                        "com.sun.jersey"
                     ]
                  },
                  {
                     "archiveName": "/home/ibmadmin/WAS/profiles/jersey01/config/cells/jersey01/applications/RESTfulExample_war.ear/RESTfulExample_war.ear/RESTfulExample.war/WEB-INF/lib/jsr311-api-1.1.1.jar",
                     "moduleType": "Utility JAR",
                     "containedPackages": [
                        "javax.ws.rs"
                     ]
                  }
               ]
            }
         ]
      }
   ],
   "sharedLibraryDetails": [
   ]
}