{
   "report": "analysis",
   "version": "1.1",
   "totalRulesFlagged": 1,
   "filesAffected": 1,
   "totalResults": 1,
   "options": [
      "--sourceAppServer=was90",
      "--sourceJava=ibm8",
      "--targetAppServer=was90",
      "--targetJava=ibm8",
      "--targetCloud=wasVM"
   ],
   "severitySummary": [
      {
         "severity": "Warning",
         "totalRulesFlagged": 1,
         "totalResults": 1
      }
   ],
   "applications": [
      "/opt/IBM/WebSphere/AppServer/profiles/Dmgr01/config/cells/transAdvisor1Cell01/applications/StatelessEJB3.ear/StatelessEJB3.ear"
   ],
   "rules": [
      {
         "ruleName": "Remote EJB providers",
         "severity": "Warning",
         "category": "Technology connectivity considerations for IBM Cloud (not Liberty Core)",
         "results": [
            {
               "fileName": "StatelessEJB3.ear/StatelessE.jar/com/tivoli/itcam/stateless/ejb3/HelloWorldRemote.class",
               "details": [
                  {
                     "reference": "Interface annotation",
                     "match": "javax.ejb.Remote",
                     "lineNumber": 0
                  }
               ]
            }
         ]
      }
   ]
}