{
   "report": "analysis",
   "version": "1.1",
   "totalRulesFlagged": 3,
   "filesAffected": 2,
   "totalResults": 3,
   "options": [
      "--sourceAppServer=was90",
      "--sourceJava=ibm8",
      "--targetAppServer=liberty",
      "--targetJava=ibm8",
      "--targetCloud=docker"
   ],
   "severitySummary": [
      {
         "severity": "Severe",
         "totalRulesFlagged": 2,
         "totalResults": 2
      },
      {
         "severity": "Warning",
         "totalRulesFlagged": 1,
         "totalResults": 1
      }
   ],
   "applications": [
      "/opt/IBM/WebSphere/AppServer/profiles/Dmgr01/config/cells/transAdvisor1Cell01/applications/StatelessEJB3.ear/StatelessEJB3.ear"
   ],
   "rules": [
      {
         "ruleName": "Namespace values in web.xml must be consistent with the descriptor version",
         "severity": "Severe",
         "category": "WebSphere traditional to Liberty",
         "results": [
            {
               "fileName": "StatelessEJB3.ear/StatelessW.war/WEB-INF/web.xml",
               "details": [
                  {
                     "reference": null,
                     "match": "web-app.version=2.5: namespace=http://java.sun.com/xml/ns/j2ee",
                     "lineNumber": 2
                  }
               ]
            }
         ]
      },
      {
         "ruleName": "Remote EJB providers",
         "severity": "Warning",
         "category": "Technology connectivity considerations for IBM Cloud (not Liberty Core)",
         "results": [
            {
               "fileName": "StatelessEJB3.ear/StatelessE.jar/com/tivoli/itcam/stateless/ejb3/HelloWorldRemote.class",
               "details": [
                  {
                     "reference": "Interface annotation",
                     "match": "javax.ejb.Remote",
                     "lineNumber": 0
                  }
               ]
            }
         ]
      },
      {
         "ruleName": "Transaction propagation is not supported for Enterprise JavaBeans (EJB) remote interfaces",
         "severity": "Severe",
         "category": "Java Technology Support for Liberty",
         "results": [
            {
               "fileName": "StatelessEJB3.ear/StatelessE.jar/com/tivoli/itcam/stateless/ejb3/HelloWorldRemote.class",
               "details": [
                  {
                     "reference": "Interface annotation",
                     "match": "javax.ejb.Remote",
                     "lineNumber": 0
                  }
               ]
            }
         ]
      }
   ]
}