<?xml version="1.0" encoding="UTF-8" standalone="yes"?>
<server>
    <featureManager>
        <feature>jsp-2.3</feature>
        <feature>jdbc-4.1</feature>
    </featureManager>
    <authData id="hc-ls-was-dmgrCellManager01/portfolioAlias" password="???" user="db2inst1"/>
    <jdbcDriver id="DB2_Using_IBM_JCC_Driver" javax.sql.DataSource="com.ibm.db2.jcc.DB2ConnectionPoolDataSource">
        <library>
            <file name="${DB2_JCC_DRIVER_PATH}/db2jcc4.jar"/>
            <file name="${UNIVERSAL_JDBC_DRIVER_PATH}/db2jcc_license_cu.jar"/>
            <file name="${DB2_JCC_DRIVER_PATH}/db2jcc_license_cisuz.jar"/>
            <file name="${PUREQUERY_PATH}/pdq.jar"/>
            <file name="${PUREQUERY_PATH}/pdqmgmt.jar"/>
        </library>
    </jdbcDriver>
    <dataSource id="PortfolioDB" jdbcDriverRef="DB2_Using_IBM_JCC_Driver" jndiName="jdbc/Portfolio/PortfolioDB">
        <properties.db2.jcc useTransactionRedirect="false" traceLevel="-1" retrieveMessagesFromServerOnGetMessage="true" portNumber="30824" serverName="rtclauss-sc-proxy.rtp.raleigh.ibm.com" databaseName="TRADER" beginTranForVendorAPIs="false" enableMultithreadedAccessDetection="false" jmsOnePhaseOptimization="false" enableClientInformation="false" beginTranForResultSetScrollingAPIs="false" validateNewConnectionRetryInterval="3" validateNewConnectionRetryCount="100" freeResourcesOnClose="false" name="PortfolioDB" validateNewConnection="false" webSphereDefaultIsolationLevel="2" errorDetectionModel="ExceptionMapping" unbindClientRerouteListFromJndi="false" reauthentication="false" preTestSQLString="SELECT CURRENT SQLID FROM SYSIBM.SYSDUMMY1" nonTransactionalDataSource="false" connectionSharing="1"/>
        <connectionManager reapTime="180" minPoolSize="0" maxPoolSize="50" maxIdleTime="1800" connectionTimeout="180" agedTimeout="0"/>
    </dataSource>
    <jdbcDriver id="OTiSDataSource" javax.sql.DataSource="org.apache.derby.jdbc.EmbeddedConnectionPoolDataSource">
        <library>
            <file name="${WAS_INSTALL_ROOT}/derby/lib/derby.jar"/>
        </library>
    </jdbcDriver>
    <dataSource id="OTiSDataSource" jdbcDriverRef="OTiSDataSource" jndiName="OTiSDataSource">
        <properties.derby.embedded databaseName="/opt/IBM/WebSphere/AppServer/profiles/Dmgr01/OTiS" description="Data source template" name="OTiSDataSource"/>
        <connectionManager reapTime="180" minPoolSize="1" maxPoolSize="10" maxIdleTime="1800" connectionTimeout="180" agedTimeout="0"/>
    </dataSource>
    <variable value="!{WAS_INSTALL_ROOT}" name="WAS_INSTALL_ROOT"/>
    <variable value="${WAS_INSTALL_ROOT}/db2" name="DB2_JCC_DRIVER_PATH"/>
    <variable value="${WAS_INSTALL_ROOT}/derby/lib" name="DERBY_JDBC_DRIVER_PATH"/>
    <variable value="${WAS_INSTALL_ROOT}/universalDriver/lib" name="UNIVERSAL_JDBC_DRIVER_PATH"/>
    <variable value="" name="DB2_JCC_DRIVER_NATIVEPATH"/>
    <variable value="" name="PUREQUERY_PATH"/>
</server>
