{"productInf":[{"name":"IBM WebSphere Application Server Network Deployment","id":"ND","version":"8.5.5.12","buildDate":"6/27/17","buildLevel":"cf121726.02"},{"name":"IBM WebSphere SDK Java Technology Edition (Optional)","id":"IBMJAVA8","version":"8.0.4.5","buildDate":"6/26/17","buildLevel":"cf121726.01"}],"profiles":[{"name":"Dmgr01","profilePath":"/opt/IBM/WebSphere/AppServer/profiles/Dmgr01","cellName":"hc-ls-was-dmgrCell01","dmgrName":null,"nodes":null,"servers":[{"name":"proxy_server","displayName":"","serverType":"PROXY_SERVER"}],"clusterNames":["MyCluster"],"applications":["/opt/IBM/WebSphere/AppServer/profiles/Dmgr01/config/cells/hc-ls-was-dmgrCell01/applications/trader-1_0-SNAPSHOT_war.ear/trader-1_0-SNAPSHOT_war.ear","/opt/IBM/WebSphere/AppServer/profiles/Dmgr01/config/cells/hc-ls-was-dmgrCell01/applications/portfolio-1_0-SNAPSHOT_war.ear/portfolio-1_0-SNAPSHOT_war.ear","/opt/IBM/WebSphere/AppServer/profiles/Dmgr01/config/cells/hc-ls-was-dmgrCell01/applications/loyalty-level-1_0-SNAPSHOT_war.ear/loyalty-level-1_0-SNAPSHOT_war.ear","/opt/IBM/WebSphere/AppServer/profiles/Dmgr01/config/cells/hc-ls-was-dmgrCell01/applications/jpetstore_war.ear/jpetstore_war.ear","/opt/IBM/WebSphere/AppServer/profiles/Dmgr01/config/cells/hc-ls-was-dmgrCell01/applications/stock-quote-1_1-SNAPSHOT_war.ear/stock-quote-1_1-SNAPSHOT_war.ear"],"appToClusterMapping":null,"isStandalone":false,"webSphereVersion":"was855","javaVersion":"ibm6"}]}