{
   "report": "inventory",
   "version": "2.3",
   "productVersion": "9.0",
   "productRelease": "17.0.0.4",
   "options": [
      "--excludePackages=com.ibm.websphere,com.ibm.ws,com.ibm.db2,com.informix,com.microsoft,com.sybase,com.sun,java,javax,net,oracle,org,sqlj,_ibmjsp"
   ],
   "applications": [
      "/opt/IBM/WebSphere/AppServer/profiles/Dmgr01/config/cells/hc-ls-was-dmgrCell01/applications/jpetstore_war.ear/jpetstore_war.ear"
   ],
   "sharedLibraries": [
   ],
   "archives": {
      "ears": 1,
      "wars": 1,
      "rars": 0,
      "ejbs": 0,
      "webFragments": 0,
      "utilityJars": 22,
      "appClients": 0
   },
   "summary": {
      "servlets": 4,
      "jsps": 43,
      "jpaEntities": 0,
      "bmpEntityBeans": 0,
      "cmpEntityBeans": 0,
      "messageDrivenBeans": 0,
      "singletonSessionBeans": 0,
      "statefulSessionBeans": 0,
      "statelessSessionBeans": 0,
      "jaxrpcConsumers": 8,
      "jaxrpcProviders": 0,
      "jaxrsConsumers": 0,
      "jaxrsProviders": 0,
      "jaxwsConsumers": 1,
      "jaxwsProviders": 0
   },
   "archiveInventory": [
      {
         "archiveName": "/opt/IBM/WebSphere/AppServer/profiles/Dmgr01/config/cells/hc-ls-was-dmgrCell01/applications/jpetstore_war.ear/jpetstore_war.ear",
         "moduleType": "Enterprise archive",
         "moduleVersion": "1.4",
         "metadataComplete": null,
         "archives": {
            "wars": 1,
            "rars": 0,
            "ejbs": 0,
            "utilityJars": 22,
            "appClients": 0
         },
         "summary": {
            "servlets": 4,
            "jsps": 43,
            "jpaEntities": 0,
            "bmpEntityBeans": 0,
            "cmpEntityBeans": 0,
            "messageDrivenBeans": 0,
            "singletonSessionBeans": 0,
            "statefulSessionBeans": 0,
            "statelessSessionBeans": 0,
            "jaxrpcConsumers": 8,
            "jaxrpcProviders": 0,
            "jaxrsConsumers": 0,
            "jaxrsProviders": 0,
            "jaxwsConsumers": 1,
            "jaxwsProviders": 0
         },
         "potentialDeploymentProblemsSummary": {
            "archivesContainingDuplicateClasses": 2,
            "archivesContainingJavaEEorSEClasses": 4,
            "archivesContainingConflictingOpenSourceSoftwareClasses": 5,
            "archivesContainingWebSphereClasses": 0,
            "archivesNotReferencedInTheApplication": 5,
            "archivesWithMissingDependenciesInTheApplication": 10,
            "classesWithSystemLevelJVMConfiguration": 1,
            "sharedLibrariesReferencingApplicationClasses": 0
         },
         "potentialDeploymentProblemsDetails": [
            {
               "duplicateClassesWithinClassLoader": [
                  {
                     "conflictingPackages": [
                        "org.apache.commons.collections"
                     ],
                     "packageLocation": [
                        "jpetstore.war/WEB-INF/lib/commons-beanutils.jar",
                        "jpetstore.war/WEB-INF/lib/commons-collections.jar"
                     ]
                  }
               ]
            },
            {
               "duplicateClassesAcrossApplication": [
               ]
            },
            {
               "javaEEandSEClasses": [
                  {
                     "conflictingPackages": [
                        "javax.servlet.jsp.jstl.core",
                        "javax.servlet.jsp.jstl.fmt",
                        "javax.servlet.jsp.jstl.sql",
                        "javax.servlet.jsp.jstl.tlv"
                     ],
                     "packageLocation": [
                        "jpetstore.war/WEB-INF/lib/jstl.jar"
                     ]
                  },
                  {
                     "conflictingPackages": [
                        "javax.wsdl",
                        "javax.wsdl.extensions",
                        "javax.wsdl.extensions.http",
                        "javax.wsdl.extensions.mime",
                        "javax.wsdl.extensions.schema",
                        "javax.wsdl.extensions.soap",
                        "javax.wsdl.factory",
                        "javax.wsdl.xml"
                     ],
                     "packageLocation": [
                        "jpetstore.war/WEB-INF/lib/wsdl4j.jar"
                     ]
                  },
                  {
                     "conflictingPackages": [
                        "javax.xml.messaging",
                        "javax.xml.namespace",
                        "javax.xml.rpc",
                        "javax.xml.rpc.encoding",
                        "javax.xml.rpc.handler",
                        "javax.xml.rpc.handler.soap",
                        "javax.xml.rpc.holders",
                        "javax.xml.rpc.server",
                        "javax.xml.rpc.soap"
                     ],
                     "packageLocation": [
                        "jpetstore.war/WEB-INF/lib/jaxrpc.jar"
                     ]
                  },
                  {
                     "conflictingPackages": [
                        "javax.xml.soap"
                     ],
                     "packageLocation": [
                        "jpetstore.war/WEB-INF/lib/saaj-api.jar"
                     ]
                  }
               ]
            },
            {
               "duplicateWebSphereClasses": [
               ]
            },
            {
               "openSourceSoftwareClasses": [
                  {
                     "conflictingPackages": [
                        "org.apache.commons.collections"
                     ],
                     "packageLocation": [
                        "jpetstore.war/WEB-INF/lib/commons-beanutils.jar",
                        "jpetstore.war/WEB-INF/lib/commons-collections.jar"
                     ],
                     "appliesTo": [
                        "V8.5.5",
                        "V9.0"
                     ]
                  },
                  {
                     "conflictingPackages": [
                        "org.apache.commons.collections.bag",
                        "org.apache.commons.collections.bidimap",
                        "org.apache.commons.collections.buffer",
                        "org.apache.commons.collections.collection",
                        "org.apache.commons.collections.comparators",
                        "org.apache.commons.collections.functors",
                        "org.apache.commons.collections.iterators",
                        "org.apache.commons.collections.keyvalue",
                        "org.apache.commons.collections.list",
                        "org.apache.commons.collections.map",
                        "org.apache.commons.collections.set"
                     ],
                     "packageLocation": [
                        "jpetstore.war/WEB-INF/lib/commons-collections.jar"
                     ],
                     "appliesTo": [
                        "V8.5.5",
                        "V9.0"
                     ]
                  },
                  {
                     "conflictingPackages": [
                        "org.apache.commons.digester"
                     ],
                     "packageLocation": [
                        "jpetstore.war/WEB-INF/lib/commons-digester.jar"
                     ],
                     "appliesTo": [
                        "V9.0"
                     ]
                  },
                  {
                     "conflictingPackages": [
                        "org.apache.commons.logging",
                        "org.apache.commons.logging.impl"
                     ],
                     "packageLocation": [
                        "jpetstore.war/WEB-INF/lib/commons-logging.jar"
                     ],
                     "appliesTo": [
                        "V8.5.5",
                        "V9.0"
                     ]
                  },
                  {
                     "conflictingPackages": [
                        "org.apache.taglibs.standard",
                        "org.apache.taglibs.standard.extra.spath",
                        "org.apache.taglibs.standard.functions",
                        "org.apache.taglibs.standard.lang.jstl",
                        "org.apache.taglibs.standard.lang.jstl.parser",
                        "org.apache.taglibs.standard.lang.jstl.test",
                        "org.apache.taglibs.standard.lang.jstl.test.beans",
                        "org.apache.taglibs.standard.lang.support",
                        "org.apache.taglibs.standard.resources",
                        "org.apache.taglibs.standard.tag.common.core",
                        "org.apache.taglibs.standard.tag.common.fmt",
                        "org.apache.taglibs.standard.tag.common.sql",
                        "org.apache.taglibs.standard.tag.common.xml",
                        "org.apache.taglibs.standard.tag.el.core",
                        "org.apache.taglibs.standard.tag.el.fmt",
                        "org.apache.taglibs.standard.tag.el.sql",
                        "org.apache.taglibs.standard.tag.el.xml",
                        "org.apache.taglibs.standard.tag.rt.core",
                        "org.apache.taglibs.standard.tag.rt.fmt",
                        "org.apache.taglibs.standard.tag.rt.sql",
                        "org.apache.taglibs.standard.tag.rt.xml",
                        "org.apache.taglibs.standard.tei",
                        "org.apache.taglibs.standard.tlv"
                     ],
                     "packageLocation": [
                        "jpetstore.war/WEB-INF/lib/standard.jar"
                     ],
                     "appliesTo": [
                        "V8.5.5",
                        "V9.0",
                        "Liberty"
                     ]
                  }
               ]
            },
            {
               "archivesNotReferenced": [
                  {
                     "archive": "jpetstore.war/WEB-INF/lib/commons-validator.jar",
                     "referencedBy": "jpetstore.war/WEB-INF/lib/struts.jar"
                  },
                  {
                     "archive": "jpetstore.war/WEB-INF/lib/hsqldb.jar",
                     "referencedBy": ""
                  },
                  {
                     "archive": "jpetstore.war/WEB-INF/lib/jpetstore.jar",
                     "referencedBy": ""
                  },
                  {
                     "archive": "jpetstore.war/WEB-INF/lib/spring-webmvc.jar",
                     "referencedBy": "jpetstore.war/WEB-INF/lib/jpetstore.jar"
                  },
                  {
                     "archive": "jpetstore.war/WEB-INF/lib/struts.jar",
                     "referencedBy": "jpetstore.war/WEB-INF/lib/jpetstore.jar"
                  }
               ]
            },
            {
               "missingDependencies": [
                  {
                     "missingDependencies": [
                        "antlr.collections.impl"
                     ],
                     "archive": [
                        "jpetstore.war/WEB-INF/lib/struts.jar"
                     ]
                  },
                  {
                     "missingDependencies": [
                        "com.bea.jvm",
                        "org.objectweb.asm"
                     ],
                     "archive": [
                        "jpetstore.war/WEB-INF/lib/aspectjweaver.jar"
                     ]
                  },
                  {
                     "missingDependencies": [
                        "com.caucho.jms.util"
                     ],
                     "archive": [
                        "jpetstore.war/WEB-INF/lib/hessian-3.1.3.jar"
                     ]
                  },
                  {
                     "missingDependencies": [
                        "com.ibm.wsspi.uow",
                        "com.jamonapi",
                        "com.mchange.v2.c3p0",
                        "com.sun.enterprise.loader",
                        "com.sun.rowset",
                        "commonj.timers",
                        "commonj.work",
                        "edu.emory.mathcs.backport.java.util.concurrent",
                        "groovy.lang",
                        "net.sf.cglib.asm",
                        "net.sf.cglib.core",
                        "net.sf.cglib.transform.impl",
                        "net.sf.ehcache",
                        "net.sf.ehcache.bootstrap",
                        "net.sf.ehcache.constructs.blocking",
                        "net.sf.ehcache.event",
                        "net.sf.ehcache.store",
                        "net.sf.jasperreports.engine.data",
                        "oracle.classloader.util",
                        "oracle.toplink.essentials.ejb.cmp3",
                        "oracle.toplink.essentials.internal.databaseaccess",
                        "oracle.toplink.essentials.internal.sessions",
                        "oracle.toplink.essentials.sessions",
                        "oracle.toplink.exceptions",
                        "oracle.toplink.expressions",
                        "oracle.toplink.internal.databaseaccess",
                        "oracle.toplink.jndi",
                        "oracle.toplink.logging",
                        "oracle.toplink.publicinterface",
                        "oracle.toplink.queryframework",
                        "oracle.toplink.sessionbroker",
                        "oracle.toplink.sessions",
                        "oracle.toplink.threetier",
                        "oracle.toplink.tools.sessionconfiguration",
                        "oracle.toplink.tools.sessionmanagement",
                        "org.apache.catalina.loader",
                        "org.apache.commons.fileupload.disk",
                        "org.apache.commons.fileupload.servlet",
                        "org.apache.log4j.xml",
                        "org.apache.openjpa.persistence",
                        "org.apache.velocity.runtime",
                        "org.apache.velocity.runtime.log",
                        "org.apache.velocity.runtime.resource",
                        "org.apache.velocity.runtime.resource.loader",
                        "org.codehaus.groovy.control",
                        "org.enhydra.jdbc.core",
                        "org.hibernate",
                        "org.hibernate.cfg",
                        "org.hibernate.classic",
                        "org.hibernate.connection",
                        "org.hibernate.context",
                        "org.hibernate.criterion",
                        "org.hibernate.dialect",
                        "org.hibernate.ejb",
                        "org.hibernate.engine",
                        "org.hibernate.event",
                        "org.hibernate.event.def",
                        "org.hibernate.exception",
                        "org.hibernate.impl",
                        "org.hibernate.persister.entity",
                        "org.hibernate.tool.hbm2ddl",
                        "org.hibernate.transaction",
                        "org.hibernate.type",
                        "org.hibernate.usertype",
                        "org.hibernate.util",
                        "org.jruby",
                        "org.jruby.ast",
                        "org.jruby.exceptions",
                        "org.jruby.javasupport",
                        "org.jruby.runtime",
                        "org.jruby.runtime.builtin",
                        "org.objectweb.jotm",
                        "org.quartz",
                        "org.quartz.impl",
                        "org.quartz.impl.jdbcjobstore",
                        "org.quartz.simpl",
                        "org.quartz.spi",
                        "org.quartz.utils",
                        "org.quartz.xml"
                     ],
                     "archive": [
                        "jpetstore.war/WEB-INF/lib/spring.jar"
                     ]
                  },
                  {
                     "missingDependencies": [
                        "com.lowagie.text",
                        "com.lowagie.text.pdf",
                        "freemarker.core",
                        "freemarker.ext.jsp",
                        "freemarker.ext.servlet",
                        "jxl.write",
                        "net.sf.jasperreports.engine.design",
                        "net.sf.jasperreports.engine.util",
                        "net.sf.jasperreports.engine.xml",
                        "org.apache.poi.hssf.usermodel",
                        "org.apache.poi.poifs.filesystem",
                        "org.apache.tiles",
                        "org.apache.tiles.access",
                        "org.apache.tiles.context",
                        "org.apache.tiles.definition",
                        "org.apache.tiles.factory",
                        "org.apache.tiles.jsp.context",
                        "org.apache.tiles.locale.impl",
                        "org.apache.tiles.preparer",
                        "org.apache.tiles.servlet.context",
                        "org.apache.tiles.web.util",
                        "org.apache.velocity.app.tools",
                        "org.apache.velocity.tools.generic",
                        "org.apache.velocity.tools.view",
                        "org.apache.velocity.tools.view.context",
                        "org.apache.velocity.tools.view.servlet",
                        "org.apache.velocity.tools.view.tools"
                     ],
                     "archive": [
                        "jpetstore.war/WEB-INF/lib/spring-webmvc.jar"
                     ]
                  },
                  {
                     "missingDependencies": [
                        "com.opensymphony.oscache.base",
                        "com.opensymphony.oscache.general",
                        "net.sf.cglib.beans"
                     ],
                     "archive": [
                        "jpetstore.war/WEB-INF/lib/ibatis-2.3.4.726.jar"
                     ]
                  },
                  {
                     "missingDependencies": [
                        "com.sun.jimi.core",
                        "com.sun.net.ssl",
                        "com.sun.net.ssl.internal.ssl",
                        "org.apache.bsf",
                        "org.apache.commons.httpclient.auth",
                        "org.apache.commons.httpclient.protocol",
                        "org.apache.commons.net.pop3",
                        "org.apache.commons.net.smtp",
                        "org.exolab.castor.xml",
                        "sun.awt.image.codec",
                        "sun.security.provider"
                     ],
                     "archive": [
                        "jpetstore.war/WEB-INF/lib/axis.jar"
                     ]
                  },
                  {
                     "missingDependencies": [
                        "freemarker.cache",
                        "freemarker.template",
                        "net.sf.jasperreports.engine",
                        "net.sf.jasperreports.engine.export",
                        "org.apache.commons.attributes",
                        "org.apache.velocity",
                        "org.apache.velocity.app",
                        "org.apache.velocity.context",
                        "org.apache.velocity.exception"
                     ],
                     "archive": [
                        "jpetstore.war/WEB-INF/lib/spring.jar",
                        "jpetstore.war/WEB-INF/lib/spring-webmvc.jar"
                     ]
                  },
                  {
                     "missingDependencies": [
                        "net.sf.cglib.proxy"
                     ],
                     "archive": [
                        "jpetstore.war/WEB-INF/lib/spring.jar",
                        "jpetstore.war/WEB-INF/lib/ibatis-2.3.4.726.jar"
                     ]
                  },
                  {
                     "missingDependencies": [
                        "org.apache.avalon.framework.logger",
                        "org.apache.log"
                     ],
                     "archive": [
                        "jpetstore.war/WEB-INF/lib/commons-logging.jar"
                     ]
                  },
                  {
                     "missingDependencies": [
                        "org.apache.commons.fileupload"
                     ],
                     "archive": [
                        "jpetstore.war/WEB-INF/lib/struts.jar",
                        "jpetstore.war/WEB-INF/lib/spring.jar"
                     ]
                  },
                  {
                     "missingDependencies": [
                        "org.apache.commons.httpclient",
                        "org.apache.commons.httpclient.methods",
                        "org.apache.commons.httpclient.params"
                     ],
                     "archive": [
                        "jpetstore.war/WEB-INF/lib/axis.jar",
                        "jpetstore.war/WEB-INF/lib/spring.jar"
                     ]
                  },
                  {
                     "missingDependencies": [
                        "org.apache.log4j"
                     ],
                     "archive": [
                        "jpetstore.war/WEB-INF/lib/commons-logging.jar",
                        "jpetstore.war/WEB-INF/lib/spring.jar",
                        "jpetstore.war/WEB-INF/lib/ibatis-2.3.4.726.jar"
                     ]
                  },
                  {
                     "missingDependencies": [
                        "org.apache.oro.text.perl"
                     ],
                     "archive": [
                        "jpetstore.war/WEB-INF/lib/commons-validator.jar"
                     ]
                  },
                  {
                     "missingDependencies": [
                        "org.apache.xalan.serialize",
                        "org.apache.xalan.templates",
                        "org.apache.xml.utils",
                        "org.apache.xpath",
                        "org.apache.xpath.objects"
                     ],
                     "archive": [
                        "jpetstore.war/WEB-INF/lib/standard.jar"
                     ]
                  }
               ]
            },
            {
               "classesWithSystemLevelJVMConfiguration": [
                  {
                     "classFile": "jpetstore.war/WEB-INF/lib/axis.jar/org/apache/axis/providers/java/RMIProvider.class",
                     "methodsFound": [
                        "java.lang.System.setSecurityManager(*)"
                     ]
                  },
                  {
                     "classFile": "jpetstore.war/WEB-INF/lib/axis.jar/org/apache/axis/utils/XMLUtils.class",
                     "methodsFound": [
                        "java.lang.System.setProperty(\"javax.xml.parsers.SAXParserFactory\",java.lang.String)"
                     ]
                  }
               ]
            },
            {
               "sharedLibraryDependencies": [
               ]
            }
         ],
         "performanceConsiderations": {
            "archivesThatAreCandidatesForMetadataCompleteTrueAttribute": [
            ],
            "webModulesWithExcessiveClassFiles": [
            ],
            "webModulesWithExcessiveStaticResources": [
            ]
         },
         "containedArchiveInventory": [
            {
               "archiveName": "/opt/IBM/WebSphere/AppServer/profiles/Dmgr01/config/cells/hc-ls-was-dmgrCell01/applications/jpetstore_war.ear/jpetstore_war.ear/jpetstore.war",
               "moduleType": "Web module",
               "moduleVersion": "2.4",
               "metadataComplete": "true",
               "archives": {
                  "ejbs": 0,
                  "webFragments": 0,
                  "utilityJars": 22
               },
               "summary": {
                  "servlets": 4,
                  "jsps": 43,
                  "jpaEntities": 0,
                  "bmpEntityBeans": 0,
                  "cmpEntityBeans": 0,
                  "messageDrivenBeans": 0,
                  "singletonSessionBeans": 0,
                  "statefulSessionBeans": 0,
                  "statelessSessionBeans": 0,
                  "jaxrpcConsumers": 8,
                  "jaxrpcProviders": 0,
                  "jaxrsConsumers": 0,
                  "jaxrsProviders": 0,
                  "jaxwsConsumers": 1,
                  "jaxwsProviders": 0
               },
               "containedArchiveInventory": [
                  {
                     "archiveName": "/opt/IBM/WebSphere/AppServer/profiles/Dmgr01/config/cells/hc-ls-was-dmgrCell01/applications/jpetstore_war.ear/jpetstore_war.ear/jpetstore.war/WEB-INF/lib/aspectjweaver.jar",
                     "moduleType": "Utility JAR",
                     "containedPackages": [
                        "org.aspectj.apache",
                        "org.aspectj.asm",
                        "org.aspectj.bridge",
                        "org.aspectj.internal",
                        "org.aspectj.lang",
                        "org.aspectj.runtime",
                        "org.aspectj.util",
                        "org.aspectj.weaver",
                        "testdata"
                     ]
                  },
                  {
                     "archiveName": "/opt/IBM/WebSphere/AppServer/profiles/Dmgr01/config/cells/hc-ls-was-dmgrCell01/applications/jpetstore_war.ear/jpetstore_war.ear/jpetstore.war/WEB-INF/lib/axis.jar",
                     "moduleType": "Utility JAR",
                     "containedPackages": [
                        "org.apache.axis"
                     ]
                  },
                  {
                     "archiveName": "/opt/IBM/WebSphere/AppServer/profiles/Dmgr01/config/cells/hc-ls-was-dmgrCell01/applications/jpetstore_war.ear/jpetstore_war.ear/jpetstore.war/WEB-INF/lib/commons-beanutils.jar",
                     "moduleType": "Utility JAR",
                     "containedPackages": [
                        "org.apache.commons"
                     ]
                  },
                  {
                     "archiveName": "/opt/IBM/WebSphere/AppServer/profiles/Dmgr01/config/cells/hc-ls-was-dmgrCell01/applications/jpetstore_war.ear/jpetstore_war.ear/jpetstore.war/WEB-INF/lib/commons-collections.jar",
                     "moduleType": "Utility JAR",
                     "containedPackages": [
                        "org.apache.commons"
                     ]
                  },
                  {
                     "archiveName": "/opt/IBM/WebSphere/AppServer/profiles/Dmgr01/config/cells/hc-ls-was-dmgrCell01/applications/jpetstore_war.ear/jpetstore_war.ear/jpetstore.war/WEB-INF/lib/commons-dbcp.jar",
                     "moduleType": "Utility JAR",
                     "containedPackages": [
                        "org.apache.commons"
                     ]
                  },
                  {
                     "archiveName": "/opt/IBM/WebSphere/AppServer/profiles/Dmgr01/config/cells/hc-ls-was-dmgrCell01/applications/jpetstore_war.ear/jpetstore_war.ear/jpetstore.war/WEB-INF/lib/commons-digester.jar",
                     "moduleType": "Utility JAR",
                     "containedPackages": [
                        "org.apache.commons"
                     ]
                  },
                  {
                     "archiveName": "/opt/IBM/WebSphere/AppServer/profiles/Dmgr01/config/cells/hc-ls-was-dmgrCell01/applications/jpetstore_war.ear/jpetstore_war.ear/jpetstore.war/WEB-INF/lib/commons-discovery.jar",
                     "moduleType": "Utility JAR",
                     "containedPackages": [
                        "org.apache.commons"
                     ]
                  },
                  {
                     "archiveName": "/opt/IBM/WebSphere/AppServer/profiles/Dmgr01/config/cells/hc-ls-was-dmgrCell01/applications/jpetstore_war.ear/jpetstore_war.ear/jpetstore.war/WEB-INF/lib/commons-logging.jar",
                     "moduleType": "Utility JAR",
                     "containedPackages": [
                        "org.apache.commons"
                     ]
                  },
                  {
                     "archiveName": "/opt/IBM/WebSphere/AppServer/profiles/Dmgr01/config/cells/hc-ls-was-dmgrCell01/applications/jpetstore_war.ear/jpetstore_war.ear/jpetstore.war/WEB-INF/lib/commons-pool.jar",
                     "moduleType": "Utility JAR",
                     "containedPackages": [
                        "org.apache.commons"
                     ]
                  },
                  {
                     "archiveName": "/opt/IBM/WebSphere/AppServer/profiles/Dmgr01/config/cells/hc-ls-was-dmgrCell01/applications/jpetstore_war.ear/jpetstore_war.ear/jpetstore.war/WEB-INF/lib/commons-validator.jar",
                     "moduleType": "Utility JAR",
                     "containedPackages": [
                        "org.apache.commons"
                     ]
                  },
                  {
                     "archiveName": "/opt/IBM/WebSphere/AppServer/profiles/Dmgr01/config/cells/hc-ls-was-dmgrCell01/applications/jpetstore_war.ear/jpetstore_war.ear/jpetstore.war/WEB-INF/lib/hessian-3.1.3.jar",
                     "moduleType": "Utility JAR",
                     "containedPackages": [
                        "com.caucho.burlap",
                        "com.caucho.hessian",
                        "com.caucho.services"
                     ]
                  },
                  {
                     "archiveName": "/opt/IBM/WebSphere/AppServer/profiles/Dmgr01/config/cells/hc-ls-was-dmgrCell01/applications/jpetstore_war.ear/jpetstore_war.ear/jpetstore.war/WEB-INF/lib/hsqldb.jar",
                     "moduleType": "Utility JAR",
                     "containedPackages": [
                        "org.hsqldb",
                        "org.hsqldb.index",
                        "org.hsqldb.jdbc",
                        "org.hsqldb.lib",
                        "org.hsqldb.persist",
                        "org.hsqldb.resources",
                        "org.hsqldb.rowio",
                        "org.hsqldb.scriptio",
                        "org.hsqldb.store",
                        "org.hsqldb.types",
                        "org.hsqldb.util"
                     ]
                  },
                  {
                     "archiveName": "/opt/IBM/WebSphere/AppServer/profiles/Dmgr01/config/cells/hc-ls-was-dmgrCell01/applications/jpetstore_war.ear/jpetstore_war.ear/jpetstore.war/WEB-INF/lib/ibatis-2.3.4.726.jar",
                     "moduleType": "Utility JAR",
                     "containedPackages": [
                        "com.ibatis.common",
                        "com.ibatis.sqlmap"
                     ]
                  },
                  {
                     "archiveName": "/opt/IBM/WebSphere/AppServer/profiles/Dmgr01/config/cells/hc-ls-was-dmgrCell01/applications/jpetstore_war.ear/jpetstore_war.ear/jpetstore.war/WEB-INF/lib/jaxrpc.jar",
                     "moduleType": "Utility JAR",
                     "containedPackages": [
                        "javax.xml.messaging",
                        "javax.xml.namespace",
                        "javax.xml.rpc"
                     ]
                  },
                  {
                     "archiveName": "/opt/IBM/WebSphere/AppServer/profiles/Dmgr01/config/cells/hc-ls-was-dmgrCell01/applications/jpetstore_war.ear/jpetstore_war.ear/jpetstore.war/WEB-INF/lib/jpetstore.jar",
                     "moduleType": "Utility JAR",
                     "containedPackages": [
                        "org.springframework.samples"
                     ]
                  },
                  {
                     "archiveName": "/opt/IBM/WebSphere/AppServer/profiles/Dmgr01/config/cells/hc-ls-was-dmgrCell01/applications/jpetstore_war.ear/jpetstore_war.ear/jpetstore.war/WEB-INF/lib/jstl.jar",
                     "moduleType": "Utility JAR",
                     "containedPackages": [
                        "javax.servlet.jsp"
                     ]
                  },
                  {
                     "archiveName": "/opt/IBM/WebSphere/AppServer/profiles/Dmgr01/config/cells/hc-ls-was-dmgrCell01/applications/jpetstore_war.ear/jpetstore_war.ear/jpetstore.war/WEB-INF/lib/saaj-api.jar",
                     "moduleType": "Utility JAR",
                     "containedPackages": [
                        "javax.xml.soap"
                     ]
                  },
                  {
                     "archiveName": "/opt/IBM/WebSphere/AppServer/profiles/Dmgr01/config/cells/hc-ls-was-dmgrCell01/applications/jpetstore_war.ear/jpetstore_war.ear/jpetstore.war/WEB-INF/lib/spring-webmvc.jar",
                     "moduleType": "Utility JAR",
                     "containedPackages": [
                        "org.springframework.web"
                     ]
                  },
                  {
                     "archiveName": "/opt/IBM/WebSphere/AppServer/profiles/Dmgr01/config/cells/hc-ls-was-dmgrCell01/applications/jpetstore_war.ear/jpetstore_war.ear/jpetstore.war/WEB-INF/lib/spring.jar",
                     "moduleType": "Utility JAR",
                     "containedPackages": [
                        "org.aopalliance.aop",
                        "org.aopalliance.intercept",
                        "org.springframework.aop",
                        "org.springframework.asm",
                        "org.springframework.beans",
                        "org.springframework.cache",
                        "org.springframework.context",
                        "org.springframework.core",
                        "org.springframework.dao",
                        "org.springframework.ejb",
                        "org.springframework.instrument",
                        "org.springframework.jca",
                        "org.springframework.jdbc",
                        "org.springframework.jms",
                        "org.springframework.jmx",
                        "org.springframework.jndi",
                        "org.springframework.mail",
                        "org.springframework.metadata",
                        "org.springframework.orm",
                        "org.springframework.remoting",
                        "org.springframework.scheduling",
                        "org.springframework.scripting",
                        "org.springframework.stereotype",
                        "org.springframework.transaction",
                        "org.springframework.ui",
                        "org.springframework.util",
                        "org.springframework.validation",
                        "org.springframework.web"
                     ]
                  },
                  {
                     "archiveName": "/opt/IBM/WebSphere/AppServer/profiles/Dmgr01/config/cells/hc-ls-was-dmgrCell01/applications/jpetstore_war.ear/jpetstore_war.ear/jpetstore.war/WEB-INF/lib/standard.jar",
                     "moduleType": "Utility JAR",
                     "containedPackages": [
                        "org.apache.taglibs"
                     ]
                  },
                  {
                     "archiveName": "/opt/IBM/WebSphere/AppServer/profiles/Dmgr01/config/cells/hc-ls-was-dmgrCell01/applications/jpetstore_war.ear/jpetstore_war.ear/jpetstore.war/WEB-INF/lib/struts.jar",
                     "moduleType": "Utility JAR",
                     "containedPackages": [
                        "org.apache.struts"
                     ]
                  },
                  {
                     "archiveName": "/opt/IBM/WebSphere/AppServer/profiles/Dmgr01/config/cells/hc-ls-was-dmgrCell01/applications/jpetstore_war.ear/jpetstore_war.ear/jpetstore.war/WEB-INF/lib/wsdl4j.jar",
                     "moduleType": "Utility JAR",
                     "containedPackages": [
                        "com.ibm.wsdl",
                        "javax.wsdl",
                        "javax.wsdl.extensions",
                        "javax.wsdl.factory",
                        "javax.wsdl.xml"
                     ]
                  }
               ]
            }
         ]
      }
   ],
   "sharedLibraryDetails": [
   ]
}