{
   "report": "analysis",
   "version": "1.2",
   "productVersion": "9.0",
   "productRelease": "17.0.0.4",
   "options": [
      "--sourceAppServer=was855",
      "--sourceJava=ibm5",
      "--targetAppServer=liberty",
      "--targetJava=ibm8",
      "--targetJavaEE=ee6",
      "--targetCloud=dockerIBMCloud",
      "--excludePackages=com.ibm.websphere,com.ibm.ws,com.ibm.db2,com.informix,com.microsoft,com.sybase,com.sun,java,javax,net,oracle,org,sqlj,_ibmjsp"
   ],
   "totalRulesFlagged": 11,
   "filesAffected": 67,
   "totalResults": 88,
   "severitySummary": [
      {
         "severity": "Severe",
         "totalRulesFlagged": 3,
         "totalResults": 6
      },
      {
         "severity": "Warning",
         "totalRulesFlagged": 5,
         "totalResults": 67
      },
      {
         "severity": "Information",
         "totalRulesFlagged": 3,
         "totalResults": 15
      }
   ],
   "applications": [
      "/opt/IBM/WebSphere/AppServer/profiles/Dmgr01/config/cells/hc-ls-was-dmgrCell01/applications/jpetstore_war.ear/jpetstore_war.ear"
   ],
   "rules": [
      {
         "ruleName": "Behavior change in most Collection.removeAll and Collection.retainAll implementations",
         "severity": "Information",
         "category": "Java SE version migration / Java SE 8 compatibility impacts",
         "results": [
            {
               "fileName": "jpetstore_war.ear/jpetstore.war/WEB-INF/lib/ibatis-2.3.4.726.jar/com/ibatis/common/util/PaginatedArrayList.class",
               "details": [
                  {
                     "reference": "Method removeAll",
                     "match": "java.util.List.removeAll(*)",
                     "lineNumber": 172
                  },
                  {
                     "reference": "Method retainAll",
                     "match": "java.util.List.retainAll(*)",
                     "lineNumber": 178
                  }
               ]
            },
            {
               "fileName": "jpetstore_war.ear/jpetstore.war/WEB-INF/lib/ibatis-2.3.4.726.jar/com/ibatis/sqlmap/engine/mapping/result/XmlList.class",
               "details": [
                  {
                     "reference": "Method removeAll",
                     "match": "java.util.List.removeAll(*)",
                     "lineNumber": 84
                  },
                  {
                     "reference": "Method retainAll",
                     "match": "java.util.List.retainAll(*)",
                     "lineNumber": 88
                  }
               ]
            },
            {
               "fileName": "jpetstore_war.ear/jpetstore.war/WEB-INF/lib/ibatis-2.3.4.726.jar/com/ibatis/sqlmap/engine/mapping/statement/PaginatedDataList.class",
               "details": [
                  {
                     "reference": "Method removeAll",
                     "match": "java.util.List.removeAll(*)",
                     "lineNumber": 250
                  },
                  {
                     "reference": "Method retainAll",
                     "match": "java.util.List.retainAll(*)",
                     "lineNumber": 254
                  }
               ]
            }
         ]
      },
      {
         "ruleName": "Check for a behavior change for URLConnection, HttpURLConnection getInputStream method",
         "severity": "Information",
         "category": "Java SE version migration / Java SE 7 compatibility impacts",
         "results": [
            {
               "fileName": "jpetstore_war.ear/jpetstore.war/WEB-INF/lib/hessian-3.1.3.jar/com/caucho/burlap/client/BurlapProxy.class",
               "details": [
                  {
                     "reference": "Method invoke",
                     "match": "java.net.HttpURLConnection.getInputStream(*)",
                     "lineNumber": 167
                  },
                  {
                     "reference": "Method invoke",
                     "match": "java.net.URLConnection.getInputStream(*)",
                     "lineNumber": 193
                  }
               ]
            },
            {
               "fileName": "jpetstore_war.ear/jpetstore.war/WEB-INF/lib/hessian-3.1.3.jar/com/caucho/burlap/client/BurlapProxyFactory.class",
               "details": [
                  {
                     "reference": "Method create",
                     "match": "java.net.HttpURLConnection.getInputStream(*)",
                     "lineNumber": 246
                  }
               ]
            },
            {
               "fileName": "jpetstore_war.ear/jpetstore.war/WEB-INF/lib/hessian-3.1.3.jar/com/caucho/hessian/client/HessianProxy.class",
               "details": [
                  {
                     "reference": "Method invoke",
                     "match": "java.net.HttpURLConnection.getInputStream(*)",
                     "lineNumber": 167
                  },
                  {
                     "reference": "Method invoke",
                     "match": "java.net.URLConnection.getInputStream(*)",
                     "lineNumber": 195
                  }
               ]
            },
            {
               "fileName": "jpetstore_war.ear/jpetstore.war/WEB-INF/lib/ibatis-2.3.4.726.jar/com/ibatis/common/resources/Resources.class",
               "details": [
                  {
                     "reference": "Method getUrlAsStream",
                     "match": "java.net.URLConnection.getInputStream(*)",
                     "lineNumber": 221
                  }
               ]
            }
         ]
      },
      {
         "ruleName": "Check for a behavior change on isLowerCase and isUpperCase methods",
         "severity": "Information",
         "category": "Java SE version migration / Java SE 7 compatibility impacts",
         "results": [
            {
               "fileName": "jpetstore_war.ear/jpetstore.war/WEB-INF/lib/hessian-3.1.3.jar/com/caucho/hessian/io/BeanDeserializer.class",
               "details": [
                  {
                     "reference": "Method getMethodMap",
                     "match": "java.lang.Character.isUpperCase(char)",
                     "lineNumber": 228
                  }
               ]
            },
            {
               "fileName": "jpetstore_war.ear/jpetstore.war/WEB-INF/lib/hessian-3.1.3.jar/com/caucho/hessian/io/BeanSerializer.class",
               "details": [
                  {
                     "reference": "Constructor",
                     "match": "java.lang.Character.isUpperCase(char)",
                     "lineNumber": 126
                  }
               ]
            },
            {
               "fileName": "jpetstore_war.ear/jpetstore.war/WEB-INF/lib/ibatis-2.3.4.726.jar/com/ibatis/common/beans/ClassInfo.class",
               "details": [
                  {
                     "reference": "Method dropCase",
                     "match": "java.lang.Character.isUpperCase(char)",
                     "lineNumber": 306
                  }
               ]
            }
         ]
      },
      {
         "ruleName": "Check for new methods on JDBC interfaces",
         "severity": "Severe",
         "category": "Java SE version migration / Java SE 7 compatibility impacts",
         "results": [
            {
               "fileName": "jpetstore_war.ear/jpetstore.war/WEB-INF/lib/ibatis-2.3.4.726.jar/com/ibatis/common/jdbc/SimpleDataSource.class",
               "details": [
                  {
                     "reference": "Class implements",
                     "match": "javax.sql.DataSource: Missing method getParentLogger(*)",
                     "lineNumber": 0
                  }
               ]
            }
         ]
      },
      {
         "ruleName": "Check for new methods on Java SQL interfaces",
         "severity": "Severe",
         "category": "Java SE version migration / Java SE 6 compatibility impacts",
         "results": [
            {
               "fileName": "jpetstore_war.ear/jpetstore.war/WEB-INF/lib/ibatis-2.3.4.726.jar/com/ibatis/common/jdbc/SimpleDataSource.class",
               "details": [
                  {
                     "reference": "Class implements",
                     "match": "javax.sql.DataSource: Missing method isWrapperFor(*)",
                     "lineNumber": 0
                  }
               ]
            },
            {
               "fileName": "jpetstore_war.ear/jpetstore.war/WEB-INF/lib/ibatis-2.3.4.726.jar/com/ibatis/sqlmap/engine/type/CallableStatementResultSet.class",
               "details": [
                  {
                     "reference": "Class implements",
                     "match": "java.sql.ResultSet: Missing method isWrapperFor(*)",
                     "lineNumber": 0
                  }
               ]
            }
         ]
      },
      {
         "ruleName": "Databases",
         "severity": "Warning",
         "category": "Technology connectivity considerations for IBM Cloud",
         "results": [
            {
               "fileName": "jpetstore_war.ear/jpetstore.war/WEB-INF/lib/hessian-3.1.3.jar/com/caucho/hessian/io/SerializerFactory.class",
               "details": [
                  {
                     "reference": "Static initializer",
                     "match": "java.sql",
                     "lineNumber": 533
                  }
               ]
            },
            {
               "fileName": "jpetstore_war.ear/jpetstore.war/WEB-INF/lib/ibatis-2.3.4.726.jar/com/ibatis/common/jdbc/DbcpConfiguration.class",
               "details": [
                  {
                     "reference": "Constructor",
                     "match": "javax.sql",
                     "lineNumber": 45
                  }
               ]
            }
         ]
      },
      {
         "ruleName": "Handling application configuration in Docker containers",
         "severity": "Warning",
         "category": "Docker (IBM Cloud Container Services)",
         "results": [
            {
               "fileName": "jpetstore_war.ear/jpetstore.war/WEB-INF/jdbc.properties",
               "details": [
                  {
                     "reference": null,
                     "match": "(.*)?\\.properties",
                     "lineNumber": 0
                  }
               ]
            },
            {
               "fileName": "jpetstore_war.ear/jpetstore.war/WEB-INF/lib/aspectjweaver.jar/org/aspectj/weaver/XlintDefault.properties",
               "details": [
                  {
                     "reference": null,
                     "match": "(.*)?\\.properties",
                     "lineNumber": 0
                  }
               ]
            },
            {
               "fileName": "jpetstore_war.ear/jpetstore.war/WEB-INF/lib/aspectjweaver.jar/org/aspectj/weaver/weaver-messages.properties",
               "details": [
                  {
                     "reference": null,
                     "match": "(.*)?\\.properties",
                     "lineNumber": 0
                  }
               ]
            },
            {
               "fileName": "jpetstore_war.ear/jpetstore.war/WEB-INF/lib/axis.jar/org/apache/axis/i18n/resource.properties",
               "details": [
                  {
                     "reference": null,
                     "match": "(.*)?\\.properties",
                     "lineNumber": 0
                  }
               ]
            },
            {
               "fileName": "jpetstore_war.ear/jpetstore.war/WEB-INF/lib/axis.jar/org/apache/axis/i18n/resource_ja.properties",
               "details": [
                  {
                     "reference": null,
                     "match": "(.*)?\\.properties",
                     "lineNumber": 0
                  }
               ]
            },
            {
               "fileName": "jpetstore_war.ear/jpetstore.war/WEB-INF/lib/axis.jar/org/apache/axis/utils/tcpmon.properties",
               "details": [
                  {
                     "reference": null,
                     "match": "(.*)?\\.properties",
                     "lineNumber": 0
                  }
               ]
            },
            {
               "fileName": "jpetstore_war.ear/jpetstore.war/WEB-INF/lib/axis.jar/org/apache/axis/utils/tcpmon_ja.properties",
               "details": [
                  {
                     "reference": null,
                     "match": "(.*)?\\.properties",
                     "lineNumber": 0
                  }
               ]
            },
            {
               "fileName": "jpetstore_war.ear/jpetstore.war/WEB-INF/lib/axis.jar/org/apache/axis/utils/tcpmon_ko.properties",
               "details": [
                  {
                     "reference": null,
                     "match": "(.*)?\\.properties",
                     "lineNumber": 0
                  }
               ]
            },
            {
               "fileName": "jpetstore_war.ear/jpetstore.war/WEB-INF/lib/axis.jar/simplelog.properties",
               "details": [
                  {
                     "reference": null,
                     "match": "(.*)?\\.properties",
                     "lineNumber": 0
                  }
               ]
            },
            {
               "fileName": "jpetstore_war.ear/jpetstore.war/WEB-INF/lib/commons-logging.jar/META-INF/maven/commons-logging/commons-logging/pom.properties",
               "details": [
                  {
                     "reference": null,
                     "match": "(.*)?\\.properties",
                     "lineNumber": 0
                  }
               ]
            },
            {
               "fileName": "jpetstore_war.ear/jpetstore.war/WEB-INF/lib/hsqldb.jar/org/hsqldb/resources/column-remarks.properties",
               "details": [
                  {
                     "reference": null,
                     "match": "(.*)?\\.properties",
                     "lineNumber": 0
                  }
               ]
            },
            {
               "fileName": "jpetstore_war.ear/jpetstore.war/WEB-INF/lib/hsqldb.jar/org/hsqldb/resources/content-types.properties",
               "details": [
                  {
                     "reference": null,
                     "match": "(.*)?\\.properties",
                     "lineNumber": 0
                  }
               ]
            },
            {
               "fileName": "jpetstore_war.ear/jpetstore.war/WEB-INF/lib/hsqldb.jar/org/hsqldb/resources/data-type-create-parameters.properties",
               "details": [
                  {
                     "reference": null,
                     "match": "(.*)?\\.properties",
                     "lineNumber": 0
                  }
               ]
            },
            {
               "fileName": "jpetstore_war.ear/jpetstore.war/WEB-INF/lib/hsqldb.jar/org/hsqldb/resources/data-type-names.properties",
               "details": [
                  {
                     "reference": null,
                     "match": "(.*)?\\.properties",
                     "lineNumber": 0
                  }
               ]
            },
            {
               "fileName": "jpetstore_war.ear/jpetstore.war/WEB-INF/lib/hsqldb.jar/org/hsqldb/resources/data-type-remarks.properties",
               "details": [
                  {
                     "reference": null,
                     "match": "(.*)?\\.properties",
                     "lineNumber": 0
                  }
               ]
            },
            {
               "fileName": "jpetstore_war.ear/jpetstore.war/WEB-INF/lib/hsqldb.jar/org/hsqldb/resources/java_lang_Math.properties",
               "details": [
                  {
                     "reference": null,
                     "match": "(.*)?\\.properties",
                     "lineNumber": 0
                  }
               ]
            },
            {
               "fileName": "jpetstore_war.ear/jpetstore.war/WEB-INF/lib/hsqldb.jar/org/hsqldb/resources/org_hsqldb_DatabaseClassLoader.properties",
               "details": [
                  {
                     "reference": null,
                     "match": "(.*)?\\.properties",
                     "lineNumber": 0
                  }
               ]
            },
            {
               "fileName": "jpetstore_war.ear/jpetstore.war/WEB-INF/lib/hsqldb.jar/org/hsqldb/resources/org_hsqldb_Library.properties",
               "details": [
                  {
                     "reference": null,
                     "match": "(.*)?\\.properties",
                     "lineNumber": 0
                  }
               ]
            },
            {
               "fileName": "jpetstore_war.ear/jpetstore.war/WEB-INF/lib/hsqldb.jar/org/hsqldb/resources/org_hsqldb_Server_messages.properties",
               "details": [
                  {
                     "reference": null,
                     "match": "(.*)?\\.properties",
                     "lineNumber": 0
                  }
               ]
            },
            {
               "fileName": "jpetstore_war.ear/jpetstore.war/WEB-INF/lib/hsqldb.jar/org/hsqldb/resources/sql-error-messages.properties",
               "details": [
                  {
                     "reference": null,
                     "match": "(.*)?\\.properties",
                     "lineNumber": 0
                  }
               ]
            },
            {
               "fileName": "jpetstore_war.ear/jpetstore.war/WEB-INF/lib/hsqldb.jar/org/hsqldb/resources/sql-error-messages_it.properties",
               "details": [
                  {
                     "reference": null,
                     "match": "(.*)?\\.properties",
                     "lineNumber": 0
                  }
               ]
            },
            {
               "fileName": "jpetstore_war.ear/jpetstore.war/WEB-INF/lib/hsqldb.jar/org/hsqldb/resources/table-remarks.properties",
               "details": [
                  {
                     "reference": null,
                     "match": "(.*)?\\.properties",
                     "lineNumber": 0
                  }
               ]
            },
            {
               "fileName": "jpetstore_war.ear/jpetstore.war/WEB-INF/lib/hsqldb.jar/org/hsqldb/resources/webserver.properties",
               "details": [
                  {
                     "reference": null,
                     "match": "(.*)?\\.properties",
                     "lineNumber": 0
                  }
               ]
            },
            {
               "fileName": "jpetstore_war.ear/jpetstore.war/WEB-INF/lib/ibatis-2.3.4.726.jar/com/ibatis/common/resources/Resources.class",
               "details": [
                  {
                     "reference": "Method getResourceAsProperties",
                     "match": "java.util.Properties.load(*)",
                     "lineNumber": 127
                  },
                  {
                     "reference": "Method getResourceAsProperties",
                     "match": "java.util.Properties.load(*)",
                     "lineNumber": 146
                  },
                  {
                     "reference": "Method getUrlAsProperties",
                     "match": "java.util.Properties.load(*)",
                     "lineNumber": 247
                  }
               ]
            },
            {
               "fileName": "jpetstore_war.ear/jpetstore.war/WEB-INF/lib/spring-webmvc.jar/org/springframework/web/servlet/DispatcherServlet.properties",
               "details": [
                  {
                     "reference": null,
                     "match": "(.*)?\\.properties",
                     "lineNumber": 0
                  }
               ]
            },
            {
               "fileName": "jpetstore_war.ear/jpetstore.war/WEB-INF/lib/spring.jar/org/springframework/web/context/ContextLoader.properties",
               "details": [
                  {
                     "reference": null,
                     "match": "(.*)?\\.properties",
                     "lineNumber": 0
                  }
               ]
            },
            {
               "fileName": "jpetstore_war.ear/jpetstore.war/WEB-INF/lib/spring.jar/org/springframework/web/util/HtmlCharacterEntityReferences.properties",
               "details": [
                  {
                     "reference": null,
                     "match": "(.*)?\\.properties",
                     "lineNumber": 0
                  }
               ]
            },
            {
               "fileName": "jpetstore_war.ear/jpetstore.war/WEB-INF/lib/standard.jar/org/apache/taglibs/standard/lang/jstl/Resources.properties",
               "details": [
                  {
                     "reference": null,
                     "match": "(.*)?\\.properties",
                     "lineNumber": 0
                  }
               ]
            },
            {
               "fileName": "jpetstore_war.ear/jpetstore.war/WEB-INF/lib/standard.jar/org/apache/taglibs/standard/lang/jstl/Resources_ja.properties",
               "details": [
                  {
                     "reference": null,
                     "match": "(.*)?\\.properties",
                     "lineNumber": 0
                  }
               ]
            },
            {
               "fileName": "jpetstore_war.ear/jpetstore.war/WEB-INF/lib/standard.jar/org/apache/taglibs/standard/resources/Resources.properties",
               "details": [
                  {
                     "reference": null,
                     "match": "(.*)?\\.properties",
                     "lineNumber": 0
                  }
               ]
            },
            {
               "fileName": "jpetstore_war.ear/jpetstore.war/WEB-INF/lib/standard.jar/org/apache/taglibs/standard/resources/Resources_ja.properties",
               "details": [
                  {
                     "reference": null,
                     "match": "(.*)?\\.properties",
                     "lineNumber": 0
                  }
               ]
            },
            {
               "fileName": "jpetstore_war.ear/jpetstore.war/WEB-INF/lib/struts.jar/org/apache/struts/action/ActionResources.properties",
               "details": [
                  {
                     "reference": null,
                     "match": "(.*)?\\.properties",
                     "lineNumber": 0
                  }
               ]
            },
            {
               "fileName": "jpetstore_war.ear/jpetstore.war/WEB-INF/lib/struts.jar/org/apache/struts/action/ActionResources_ja.properties",
               "details": [
                  {
                     "reference": null,
                     "match": "(.*)?\\.properties",
                     "lineNumber": 0
                  }
               ]
            },
            {
               "fileName": "jpetstore_war.ear/jpetstore.war/WEB-INF/lib/struts.jar/org/apache/struts/action/LocalStrings.properties",
               "details": [
                  {
                     "reference": null,
                     "match": "(.*)?\\.properties",
                     "lineNumber": 0
                  }
               ]
            },
            {
               "fileName": "jpetstore_war.ear/jpetstore.war/WEB-INF/lib/struts.jar/org/apache/struts/action/LocalStrings_ja.properties",
               "details": [
                  {
                     "reference": null,
                     "match": "(.*)?\\.properties",
                     "lineNumber": 0
                  }
               ]
            },
            {
               "fileName": "jpetstore_war.ear/jpetstore.war/WEB-INF/lib/struts.jar/org/apache/struts/actions/LocalStrings.properties",
               "details": [
                  {
                     "reference": null,
                     "match": "(.*)?\\.properties",
                     "lineNumber": 0
                  }
               ]
            },
            {
               "fileName": "jpetstore_war.ear/jpetstore.war/WEB-INF/lib/struts.jar/org/apache/struts/actions/LocalStrings_ja.properties",
               "details": [
                  {
                     "reference": null,
                     "match": "(.*)?\\.properties",
                     "lineNumber": 0
                  }
               ]
            },
            {
               "fileName": "jpetstore_war.ear/jpetstore.war/WEB-INF/lib/struts.jar/org/apache/struts/taglib/LocalStrings.properties",
               "details": [
                  {
                     "reference": null,
                     "match": "(.*)?\\.properties",
                     "lineNumber": 0
                  }
               ]
            },
            {
               "fileName": "jpetstore_war.ear/jpetstore.war/WEB-INF/lib/struts.jar/org/apache/struts/taglib/LocalStrings_ja.properties",
               "details": [
                  {
                     "reference": null,
                     "match": "(.*)?\\.properties",
                     "lineNumber": 0
                  }
               ]
            },
            {
               "fileName": "jpetstore_war.ear/jpetstore.war/WEB-INF/lib/struts.jar/org/apache/struts/taglib/bean/LocalStrings.properties",
               "details": [
                  {
                     "reference": null,
                     "match": "(.*)?\\.properties",
                     "lineNumber": 0
                  }
               ]
            },
            {
               "fileName": "jpetstore_war.ear/jpetstore.war/WEB-INF/lib/struts.jar/org/apache/struts/taglib/bean/LocalStrings_ja.properties",
               "details": [
                  {
                     "reference": null,
                     "match": "(.*)?\\.properties",
                     "lineNumber": 0
                  }
               ]
            },
            {
               "fileName": "jpetstore_war.ear/jpetstore.war/WEB-INF/lib/struts.jar/org/apache/struts/taglib/html/LocalStrings.properties",
               "details": [
                  {
                     "reference": null,
                     "match": "(.*)?\\.properties",
                     "lineNumber": 0
                  }
               ]
            },
            {
               "fileName": "jpetstore_war.ear/jpetstore.war/WEB-INF/lib/struts.jar/org/apache/struts/taglib/html/LocalStrings_ja.properties",
               "details": [
                  {
                     "reference": null,
                     "match": "(.*)?\\.properties",
                     "lineNumber": 0
                  }
               ]
            },
            {
               "fileName": "jpetstore_war.ear/jpetstore.war/WEB-INF/lib/struts.jar/org/apache/struts/taglib/logic/LocalStrings.properties",
               "details": [
                  {
                     "reference": null,
                     "match": "(.*)?\\.properties",
                     "lineNumber": 0
                  }
               ]
            },
            {
               "fileName": "jpetstore_war.ear/jpetstore.war/WEB-INF/lib/struts.jar/org/apache/struts/taglib/logic/LocalStrings_ja.properties",
               "details": [
                  {
                     "reference": null,
                     "match": "(.*)?\\.properties",
                     "lineNumber": 0
                  }
               ]
            },
            {
               "fileName": "jpetstore_war.ear/jpetstore.war/WEB-INF/lib/struts.jar/org/apache/struts/util/LocalStrings.properties",
               "details": [
                  {
                     "reference": null,
                     "match": "(.*)?\\.properties",
                     "lineNumber": 0
                  }
               ]
            },
            {
               "fileName": "jpetstore_war.ear/jpetstore.war/WEB-INF/lib/struts.jar/org/apache/struts/util/LocalStrings_ja.properties",
               "details": [
                  {
                     "reference": null,
                     "match": "(.*)?\\.properties",
                     "lineNumber": 0
                  }
               ]
            },
            {
               "fileName": "jpetstore_war.ear/jpetstore.war/WEB-INF/log4j.properties",
               "details": [
                  {
                     "reference": null,
                     "match": "(.*)?\\.properties",
                     "lineNumber": 0
                  }
               ]
            },
            {
               "fileName": "jpetstore_war.ear/jpetstore.war/WEB-INF/mail.properties",
               "details": [
                  {
                     "reference": null,
                     "match": "(.*)?\\.properties",
                     "lineNumber": 0
                  }
               ]
            }
         ]
      },
      {
         "ruleName": "Java Message Service (JMS)",
         "severity": "Warning",
         "category": "Technology connectivity considerations for IBM Cloud (not Liberty Core)",
         "results": [
            {
               "fileName": "jpetstore_war.ear/jpetstore.war/WEB-INF/lib/hessian-3.1.3.jar/com/caucho/hessian/client/HessianJMSProxy.class",
               "details": [
                  {
                     "reference": "Constructor",
                     "match": "javax.jms.ConnectionFactory",
                     "lineNumber": 88
                  }
               ]
            }
         ]
      },
      {
         "ruleName": "The InitialContext lookup method can return primitive types",
         "severity": "Warning",
         "category": "WebSphere traditional to Liberty",
         "results": [
            {
               "fileName": "jpetstore_war.ear/jpetstore.war/WEB-INF/lib/hessian-3.1.3.jar/com/caucho/hessian/client/HessianJMSProxy.class",
               "details": [
                  {
                     "reference": "Constructor",
                     "match": "javax.naming.InitialContext.lookup(*)",
                     "lineNumber": 86
                  }
               ]
            },
            {
               "fileName": "jpetstore_war.ear/jpetstore.war/WEB-INF/lib/ibatis-2.3.4.726.jar/com/ibatis/sqlmap/engine/datasource/JndiDataSourceFactory.class",
               "details": [
                  {
                     "reference": "Method initialize",
                     "match": "javax.naming.InitialContext.lookup(*)",
                     "lineNumber": 48
                  },
                  {
                     "reference": "Method initialize",
                     "match": "javax.naming.InitialContext.lookup(*)",
                     "lineNumber": 50
                  },
                  {
                     "reference": "Method initialize",
                     "match": "javax.naming.InitialContext.lookup(*)",
                     "lineNumber": 52
                  },
                  {
                     "reference": "Method initialize",
                     "match": "javax.naming.InitialContext.lookup(*)",
                     "lineNumber": 55
                  }
               ]
            },
            {
               "fileName": "jpetstore_war.ear/jpetstore.war/WEB-INF/lib/ibatis-2.3.4.726.jar/com/ibatis/sqlmap/engine/transaction/jta/JtaTransactionConfig.class",
               "details": [
                  {
                     "reference": "Method setProperties",
                     "match": "javax.naming.InitialContext.lookup(*)",
                     "lineNumber": 47
                  }
               ]
            }
         ]
      },
      {
         "ruleName": "The use of java.sql.Driver and java.sql.DriverManager interfaces requires configuration ",
         "severity": "Severe",
         "category": "WebSphere traditional to Liberty",
         "results": [
            {
               "fileName": "jpetstore_war.ear/jpetstore.war/WEB-INF/lib/ibatis-2.3.4.726.jar/com/ibatis/common/jdbc/ScriptRunner.class",
               "details": [
                  {
                     "reference": "Method runScript",
                     "match": "java.sql.DriverManager.getConnection(*)",
                     "lineNumber": 99
                  }
               ]
            },
            {
               "fileName": "jpetstore_war.ear/jpetstore.war/WEB-INF/lib/ibatis-2.3.4.726.jar/com/ibatis/common/jdbc/SimpleDataSource.class",
               "details": [
                  {
                     "reference": "Method popConnection",
                     "match": "java.sql.DriverManager.getConnection(*)",
                     "lineNumber": 578
                  },
                  {
                     "reference": "Method popConnection",
                     "match": "java.sql.DriverManager.getConnection(*)",
                     "lineNumber": 580
                  }
               ]
            }
         ]
      },
      {
         "ruleName": "Validate the URL host and port for cloud access",
         "severity": "Warning",
         "category": "Connectivity considerations for IBM Cloud (Docker and WebSphere in IBM Cloud)",
         "results": [
            {
               "fileName": "jpetstore_war.ear/jpetstore.war/WEB-INF/jdbc.properties",
               "details": [
                  {
                     "reference": null,
                     "match": "jdbc.url=jdbc:mysql://db:3306/jpetstore",
                     "lineNumber": 0
                  }
               ]
            },
            {
               "fileName": "jpetstore_war.ear/jpetstore.war/WEB-INF/lib/axis.jar/org/apache/axis/i18n/resource.properties",
               "details": [
                  {
                     "reference": null,
                     "match": "acUsage26=http://localhost:8080/axis/servlet/AxisServlet",
                     "lineNumber": 0
                  }
               ]
            },
            {
               "fileName": "jpetstore_war.ear/jpetstore.war/WEB-INF/lib/axis.jar/org/apache/axis/i18n/resource_ja.properties",
               "details": [
                  {
                     "reference": null,
                     "match": "acUsage26=http://localhost:8080/axis/servlet/AxisServlet \u3092\u547c\u3073\u51fa\u3057\u307e\u3059 / [en]-(http://localhost:8080/axis/servlet/AxisServlet)",
                     "lineNumber": 0
                  }
               ]
            },
            {
               "fileName": "jpetstore_war.ear/jpetstore.war/WEB-INF/lib/ibatis-2.3.4.726.jar/com/ibatis/sqlmap/engine/builder/xml/SqlMapClasspathEntityResolver.class",
               "details": [
                  {
                     "reference": "Static initializer",
                     "match": "http://ibatis.apache.org/dtd/sql-map-2.dtd",
                     "lineNumber": 41
                  },
                  {
                     "reference": "Static initializer",
                     "match": "http://ibatis.apache.org/dtd/sql-map-config-2.dtd",
                     "lineNumber": 36
                  },
                  {
                     "reference": "Static initializer",
                     "match": "http://www.ibatis.com/dtd/sql-map-2.dtd",
                     "lineNumber": 40
                  },
                  {
                     "reference": "Static initializer",
                     "match": "http://www.ibatis.com/dtd/sql-map-config-2.dtd",
                     "lineNumber": 35
                  }
               ]
            }
         ]
      }
   ]
}