{
   "report": "analysis",
   "version": "1.2",
   "productVersion": "9.0",
   "productRelease": "17.0.0.4",
   "options": [
      "--sourceAppServer=was855",
      "--sourceJava=ibm5",
      "--targetAppServer=was90",
      "--targetJava=ibm8",
      "--targetJavaEE=ee7",
      "--targetCloud=vmIBMCloud",
      "--excludePackages=com.ibm.websphere,com.ibm.ws,com.ibm.db2,com.informix,com.microsoft,com.sybase,com.sun,java,javax,net,oracle,org,sqlj,_ibmjsp"
   ],
   "totalRulesFlagged": 9,
   "filesAffected": 42,
   "totalResults": 51,
   "severitySummary": [
      {
         "severity": "Severe",
         "totalRulesFlagged": 2,
         "totalResults": 3
      },
      {
         "severity": "Warning",
         "totalRulesFlagged": 4,
         "totalResults": 33
      },
      {
         "severity": "Information",
         "totalRulesFlagged": 3,
         "totalResults": 15
      }
   ],
   "applications": [
      "/opt/IBM/WebSphere/AppServer/profiles/Dmgr01/config/cells/hc-ls-was-dmgrCell01/applications/jpetstore_war.ear/jpetstore_war.ear"
   ],
   "rules": [
      {
         "ruleName": "Behavior change in most Collection.removeAll and Collection.retainAll implementations",
         "severity": "Information",
         "category": "Java SE version migration / Java SE 8 compatibility impacts",
         "results": [
            {
               "fileName": "jpetstore_war.ear/jpetstore.war/WEB-INF/lib/ibatis-2.3.4.726.jar/com/ibatis/common/util/PaginatedArrayList.class",
               "details": [
                  {
                     "reference": "Method removeAll",
                     "match": "java.util.List.removeAll(*)",
                     "lineNumber": 172
                  },
                  {
                     "reference": "Method retainAll",
                     "match": "java.util.List.retainAll(*)",
                     "lineNumber": 178
                  }
               ]
            },
            {
               "fileName": "jpetstore_war.ear/jpetstore.war/WEB-INF/lib/ibatis-2.3.4.726.jar/com/ibatis/sqlmap/engine/mapping/result/XmlList.class",
               "details": [
                  {
                     "reference": "Method removeAll",
                     "match": "java.util.List.removeAll(*)",
                     "lineNumber": 84
                  },
                  {
                     "reference": "Method retainAll",
                     "match": "java.util.List.retainAll(*)",
                     "lineNumber": 88
                  }
               ]
            },
            {
               "fileName": "jpetstore_war.ear/jpetstore.war/WEB-INF/lib/ibatis-2.3.4.726.jar/com/ibatis/sqlmap/engine/mapping/statement/PaginatedDataList.class",
               "details": [
                  {
                     "reference": "Method removeAll",
                     "match": "java.util.List.removeAll(*)",
                     "lineNumber": 250
                  },
                  {
                     "reference": "Method retainAll",
                     "match": "java.util.List.retainAll(*)",
                     "lineNumber": 254
                  }
               ]
            }
         ]
      },
      {
         "ruleName": "CDI scans for implicit beans when there is no beans.xml file",
         "severity": "Warning",
         "category": "Java EE 7 / CDI",
         "results": [
            {
               "fileName": "jpetstore_war.ear/jpetstore.war",
               "details": [
                  {
                     "reference": null,
                     "match": ".*(\\.war|\\.jar)",
                     "lineNumber": 0
                  }
               ]
            },
            {
               "fileName": "jpetstore_war.ear/jpetstore.war/WEB-INF/lib/aspectjweaver.jar",
               "details": [
                  {
                     "reference": null,
                     "match": ".*(\\.war|\\.jar)",
                     "lineNumber": 0
                  }
               ]
            },
            {
               "fileName": "jpetstore_war.ear/jpetstore.war/WEB-INF/lib/axis.jar",
               "details": [
                  {
                     "reference": null,
                     "match": ".*(\\.war|\\.jar)",
                     "lineNumber": 0
                  }
               ]
            },
            {
               "fileName": "jpetstore_war.ear/jpetstore.war/WEB-INF/lib/commons-beanutils.jar",
               "details": [
                  {
                     "reference": null,
                     "match": ".*(\\.war|\\.jar)",
                     "lineNumber": 0
                  }
               ]
            },
            {
               "fileName": "jpetstore_war.ear/jpetstore.war/WEB-INF/lib/commons-collections.jar",
               "details": [
                  {
                     "reference": null,
                     "match": ".*(\\.war|\\.jar)",
                     "lineNumber": 0
                  }
               ]
            },
            {
               "fileName": "jpetstore_war.ear/jpetstore.war/WEB-INF/lib/commons-dbcp.jar",
               "details": [
                  {
                     "reference": null,
                     "match": ".*(\\.war|\\.jar)",
                     "lineNumber": 0
                  }
               ]
            },
            {
               "fileName": "jpetstore_war.ear/jpetstore.war/WEB-INF/lib/commons-digester.jar",
               "details": [
                  {
                     "reference": null,
                     "match": ".*(\\.war|\\.jar)",
                     "lineNumber": 0
                  }
               ]
            },
            {
               "fileName": "jpetstore_war.ear/jpetstore.war/WEB-INF/lib/commons-discovery.jar",
               "details": [
                  {
                     "reference": null,
                     "match": ".*(\\.war|\\.jar)",
                     "lineNumber": 0
                  }
               ]
            },
            {
               "fileName": "jpetstore_war.ear/jpetstore.war/WEB-INF/lib/commons-logging.jar",
               "details": [
                  {
                     "reference": null,
                     "match": ".*(\\.war|\\.jar)",
                     "lineNumber": 0
                  }
               ]
            },
            {
               "fileName": "jpetstore_war.ear/jpetstore.war/WEB-INF/lib/commons-pool.jar",
               "details": [
                  {
                     "reference": null,
                     "match": ".*(\\.war|\\.jar)",
                     "lineNumber": 0
                  }
               ]
            },
            {
               "fileName": "jpetstore_war.ear/jpetstore.war/WEB-INF/lib/commons-validator.jar",
               "details": [
                  {
                     "reference": null,
                     "match": ".*(\\.war|\\.jar)",
                     "lineNumber": 0
                  }
               ]
            },
            {
               "fileName": "jpetstore_war.ear/jpetstore.war/WEB-INF/lib/hessian-3.1.3.jar",
               "details": [
                  {
                     "reference": null,
                     "match": ".*(\\.war|\\.jar)",
                     "lineNumber": 0
                  }
               ]
            },
            {
               "fileName": "jpetstore_war.ear/jpetstore.war/WEB-INF/lib/hsqldb.jar",
               "details": [
                  {
                     "reference": null,
                     "match": ".*(\\.war|\\.jar)",
                     "lineNumber": 0
                  }
               ]
            },
            {
               "fileName": "jpetstore_war.ear/jpetstore.war/WEB-INF/lib/ibatis-2.3.4.726.jar",
               "details": [
                  {
                     "reference": null,
                     "match": ".*(\\.war|\\.jar)",
                     "lineNumber": 0
                  }
               ]
            },
            {
               "fileName": "jpetstore_war.ear/jpetstore.war/WEB-INF/lib/jaxrpc.jar",
               "details": [
                  {
                     "reference": null,
                     "match": ".*(\\.war|\\.jar)",
                     "lineNumber": 0
                  }
               ]
            },
            {
               "fileName": "jpetstore_war.ear/jpetstore.war/WEB-INF/lib/jpetstore.jar",
               "details": [
                  {
                     "reference": null,
                     "match": ".*(\\.war|\\.jar)",
                     "lineNumber": 0
                  }
               ]
            },
            {
               "fileName": "jpetstore_war.ear/jpetstore.war/WEB-INF/lib/jstl.jar",
               "details": [
                  {
                     "reference": null,
                     "match": ".*(\\.war|\\.jar)",
                     "lineNumber": 0
                  }
               ]
            },
            {
               "fileName": "jpetstore_war.ear/jpetstore.war/WEB-INF/lib/saaj-api.jar",
               "details": [
                  {
                     "reference": null,
                     "match": ".*(\\.war|\\.jar)",
                     "lineNumber": 0
                  }
               ]
            },
            {
               "fileName": "jpetstore_war.ear/jpetstore.war/WEB-INF/lib/spring-webmvc.jar",
               "details": [
                  {
                     "reference": null,
                     "match": ".*(\\.war|\\.jar)",
                     "lineNumber": 0
                  }
               ]
            },
            {
               "fileName": "jpetstore_war.ear/jpetstore.war/WEB-INF/lib/spring.jar",
               "details": [
                  {
                     "reference": null,
                     "match": ".*(\\.war|\\.jar)",
                     "lineNumber": 0
                  }
               ]
            },
            {
               "fileName": "jpetstore_war.ear/jpetstore.war/WEB-INF/lib/standard.jar",
               "details": [
                  {
                     "reference": null,
                     "match": ".*(\\.war|\\.jar)",
                     "lineNumber": 0
                  }
               ]
            },
            {
               "fileName": "jpetstore_war.ear/jpetstore.war/WEB-INF/lib/struts.jar",
               "details": [
                  {
                     "reference": null,
                     "match": ".*(\\.war|\\.jar)",
                     "lineNumber": 0
                  }
               ]
            },
            {
               "fileName": "jpetstore_war.ear/jpetstore.war/WEB-INF/lib/wsdl4j.jar",
               "details": [
                  {
                     "reference": null,
                     "match": ".*(\\.war|\\.jar)",
                     "lineNumber": 0
                  }
               ]
            }
         ]
      },
      {
         "ruleName": "Check for a behavior change for URLConnection, HttpURLConnection getInputStream method",
         "severity": "Information",
         "category": "Java SE version migration / Java SE 7 compatibility impacts",
         "results": [
            {
               "fileName": "jpetstore_war.ear/jpetstore.war/WEB-INF/lib/hessian-3.1.3.jar/com/caucho/burlap/client/BurlapProxy.class",
               "details": [
                  {
                     "reference": "Method invoke",
                     "match": "java.net.HttpURLConnection.getInputStream(*)",
                     "lineNumber": 167
                  },
                  {
                     "reference": "Method invoke",
                     "match": "java.net.URLConnection.getInputStream(*)",
                     "lineNumber": 193
                  }
               ]
            },
            {
               "fileName": "jpetstore_war.ear/jpetstore.war/WEB-INF/lib/hessian-3.1.3.jar/com/caucho/burlap/client/BurlapProxyFactory.class",
               "details": [
                  {
                     "reference": "Method create",
                     "match": "java.net.HttpURLConnection.getInputStream(*)",
                     "lineNumber": 246
                  }
               ]
            },
            {
               "fileName": "jpetstore_war.ear/jpetstore.war/WEB-INF/lib/hessian-3.1.3.jar/com/caucho/hessian/client/HessianProxy.class",
               "details": [
                  {
                     "reference": "Method invoke",
                     "match": "java.net.HttpURLConnection.getInputStream(*)",
                     "lineNumber": 167
                  },
                  {
                     "reference": "Method invoke",
                     "match": "java.net.URLConnection.getInputStream(*)",
                     "lineNumber": 195
                  }
               ]
            },
            {
               "fileName": "jpetstore_war.ear/jpetstore.war/WEB-INF/lib/ibatis-2.3.4.726.jar/com/ibatis/common/resources/Resources.class",
               "details": [
                  {
                     "reference": "Method getUrlAsStream",
                     "match": "java.net.URLConnection.getInputStream(*)",
                     "lineNumber": 221
                  }
               ]
            }
         ]
      },
      {
         "ruleName": "Check for a behavior change on isLowerCase and isUpperCase methods",
         "severity": "Information",
         "category": "Java SE version migration / Java SE 7 compatibility impacts",
         "results": [
            {
               "fileName": "jpetstore_war.ear/jpetstore.war/WEB-INF/lib/hessian-3.1.3.jar/com/caucho/hessian/io/BeanDeserializer.class",
               "details": [
                  {
                     "reference": "Method getMethodMap",
                     "match": "java.lang.Character.isUpperCase(char)",
                     "lineNumber": 228
                  }
               ]
            },
            {
               "fileName": "jpetstore_war.ear/jpetstore.war/WEB-INF/lib/hessian-3.1.3.jar/com/caucho/hessian/io/BeanSerializer.class",
               "details": [
                  {
                     "reference": "Constructor",
                     "match": "java.lang.Character.isUpperCase(char)",
                     "lineNumber": 126
                  }
               ]
            },
            {
               "fileName": "jpetstore_war.ear/jpetstore.war/WEB-INF/lib/ibatis-2.3.4.726.jar/com/ibatis/common/beans/ClassInfo.class",
               "details": [
                  {
                     "reference": "Method dropCase",
                     "match": "java.lang.Character.isUpperCase(char)",
                     "lineNumber": 306
                  }
               ]
            }
         ]
      },
      {
         "ruleName": "Check for new methods on JDBC interfaces",
         "severity": "Severe",
         "category": "Java SE version migration / Java SE 7 compatibility impacts",
         "results": [
            {
               "fileName": "jpetstore_war.ear/jpetstore.war/WEB-INF/lib/ibatis-2.3.4.726.jar/com/ibatis/common/jdbc/SimpleDataSource.class",
               "details": [
                  {
                     "reference": "Class implements",
                     "match": "javax.sql.DataSource: Missing method getParentLogger(*)",
                     "lineNumber": 0
                  }
               ]
            }
         ]
      },
      {
         "ruleName": "Check for new methods on Java SQL interfaces",
         "severity": "Severe",
         "category": "Java SE version migration / Java SE 6 compatibility impacts",
         "results": [
            {
               "fileName": "jpetstore_war.ear/jpetstore.war/WEB-INF/lib/ibatis-2.3.4.726.jar/com/ibatis/common/jdbc/SimpleDataSource.class",
               "details": [
                  {
                     "reference": "Class implements",
                     "match": "javax.sql.DataSource: Missing method isWrapperFor(*)",
                     "lineNumber": 0
                  }
               ]
            },
            {
               "fileName": "jpetstore_war.ear/jpetstore.war/WEB-INF/lib/ibatis-2.3.4.726.jar/com/ibatis/sqlmap/engine/type/CallableStatementResultSet.class",
               "details": [
                  {
                     "reference": "Class implements",
                     "match": "java.sql.ResultSet: Missing method isWrapperFor(*)",
                     "lineNumber": 0
                  }
               ]
            }
         ]
      },
      {
         "ruleName": "Databases",
         "severity": "Warning",
         "category": "Technology connectivity considerations for IBM Cloud",
         "results": [
            {
               "fileName": "jpetstore_war.ear/jpetstore.war/WEB-INF/lib/hessian-3.1.3.jar/com/caucho/hessian/io/SerializerFactory.class",
               "details": [
                  {
                     "reference": "Static initializer",
                     "match": "java.sql",
                     "lineNumber": 533
                  }
               ]
            },
            {
               "fileName": "jpetstore_war.ear/jpetstore.war/WEB-INF/lib/ibatis-2.3.4.726.jar/com/ibatis/common/jdbc/DbcpConfiguration.class",
               "details": [
                  {
                     "reference": "Constructor",
                     "match": "javax.sql",
                     "lineNumber": 45
                  }
               ]
            }
         ]
      },
      {
         "ruleName": "Java Message Service (JMS)",
         "severity": "Warning",
         "category": "Technology connectivity considerations for IBM Cloud (not Liberty Core)",
         "results": [
            {
               "fileName": "jpetstore_war.ear/jpetstore.war/WEB-INF/lib/hessian-3.1.3.jar/com/caucho/hessian/client/HessianJMSProxy.class",
               "details": [
                  {
                     "reference": "Constructor",
                     "match": "javax.jms.ConnectionFactory",
                     "lineNumber": 88
                  }
               ]
            }
         ]
      },
      {
         "ruleName": "Validate the URL host and port for cloud access",
         "severity": "Warning",
         "category": "Connectivity considerations for IBM Cloud (Docker and WebSphere in IBM Cloud)",
         "results": [
            {
               "fileName": "jpetstore_war.ear/jpetstore.war/WEB-INF/jdbc.properties",
               "details": [
                  {
                     "reference": null,
                     "match": "jdbc.url=jdbc:mysql://db:3306/jpetstore",
                     "lineNumber": 0
                  }
               ]
            },
            {
               "fileName": "jpetstore_war.ear/jpetstore.war/WEB-INF/lib/axis.jar/org/apache/axis/i18n/resource.properties",
               "details": [
                  {
                     "reference": null,
                     "match": "acUsage26=http://localhost:8080/axis/servlet/AxisServlet",
                     "lineNumber": 0
                  }
               ]
            },
            {
               "fileName": "jpetstore_war.ear/jpetstore.war/WEB-INF/lib/axis.jar/org/apache/axis/i18n/resource_ja.properties",
               "details": [
                  {
                     "reference": null,
                     "match": "acUsage26=http://localhost:8080/axis/servlet/AxisServlet \u3092\u547c\u3073\u51fa\u3057\u307e\u3059 / [en]-(http://localhost:8080/axis/servlet/AxisServlet)",
                     "lineNumber": 0
                  }
               ]
            },
            {
               "fileName": "jpetstore_war.ear/jpetstore.war/WEB-INF/lib/ibatis-2.3.4.726.jar/com/ibatis/sqlmap/engine/builder/xml/SqlMapClasspathEntityResolver.class",
               "details": [
                  {
                     "reference": "Static initializer",
                     "match": "http://ibatis.apache.org/dtd/sql-map-2.dtd",
                     "lineNumber": 41
                  },
                  {
                     "reference": "Static initializer",
                     "match": "http://ibatis.apache.org/dtd/sql-map-config-2.dtd",
                     "lineNumber": 36
                  },
                  {
                     "reference": "Static initializer",
                     "match": "http://www.ibatis.com/dtd/sql-map-2.dtd",
                     "lineNumber": 40
                  },
                  {
                     "reference": "Static initializer",
                     "match": "http://www.ibatis.com/dtd/sql-map-config-2.dtd",
                     "lineNumber": 35
                  }
               ]
            }
         ]
      }
   ]
}