{
   "report": "inventory",
   "version": "2.3",
   "productVersion": "9.0",
   "productRelease": "17.0.0.4",
   "options": [
      "--excludePackages=com.ibm.websphere,com.ibm.ws,com.ibm.db2,com.informix,com.microsoft,com.sybase,com.sun,java,javax,net,oracle,org,sqlj,_ibmjsp"
   ],
   "applications": [
      "/opt/IBM/WebSphere/AppServer/profiles/Dmgr01/config/cells/hc-ls-was-dmgrCell01/applications/loyalty-level-1_0-SNAPSHOT_war.ear/loyalty-level-1_0-SNAPSHOT_war.ear"
   ],
   "sharedLibraries": [
   ],
   "archives": {
      "ears": 1,
      "wars": 1,
      "rars": 0,
      "ejbs": 0,
      "webFragments": 0,
      "utilityJars": 2,
      "appClients": 0
   },
   "summary": {
      "servlets": 0,
      "jsps": 0,
      "jpaEntities": 0,
      "bmpEntityBeans": 0,
      "cmpEntityBeans": 0,
      "messageDrivenBeans": 0,
      "singletonSessionBeans": 0,
      "statefulSessionBeans": 0,
      "statelessSessionBeans": 0,
      "jaxrpcConsumers": 0,
      "jaxrpcProviders": 0,
      "jaxrsConsumers": 0,
      "jaxrsProviders": 1,
      "jaxwsConsumers": 0,
      "jaxwsProviders": 0
   },
   "archiveInventory": [
      {
         "archiveName": "/opt/IBM/WebSphere/AppServer/profiles/Dmgr01/config/cells/hc-ls-was-dmgrCell01/applications/loyalty-level-1_0-SNAPSHOT_war.ear/loyalty-level-1_0-SNAPSHOT_war.ear",
         "moduleType": "Enterprise archive",
         "moduleVersion": "6.0",
         "metadataComplete": null,
         "archives": {
            "wars": 1,
            "rars": 0,
            "ejbs": 0,
            "utilityJars": 2,
            "appClients": 0
         },
         "summary": {
            "servlets": 0,
            "jsps": 0,
            "jpaEntities": 0,
            "bmpEntityBeans": 0,
            "cmpEntityBeans": 0,
            "messageDrivenBeans": 0,
            "singletonSessionBeans": 0,
            "statefulSessionBeans": 0,
            "statelessSessionBeans": 0,
            "jaxrpcConsumers": 0,
            "jaxrpcProviders": 0,
            "jaxrsConsumers": 0,
            "jaxrsProviders": 1,
            "jaxwsConsumers": 0,
            "jaxwsProviders": 0
         },
         "potentialDeploymentProblemsSummary": {
            "archivesContainingDuplicateClasses": 2,
            "archivesContainingJavaEEorSEClasses": 2,
            "archivesContainingConflictingOpenSourceSoftwareClasses": 1,
            "archivesContainingWebSphereClasses": 0,
            "archivesNotReferencedInTheApplication": 0,
            "archivesWithMissingDependenciesInTheApplication": 0,
            "classesWithSystemLevelJVMConfiguration": 0,
            "sharedLibrariesReferencingApplicationClasses": 0
         },
         "potentialDeploymentProblemsDetails": [
            {
               "duplicateClassesWithinClassLoader": [
                  {
                     "conflictingPackages": [
                        "javax.json",
                        "javax.json.spi",
                        "javax.json.stream"
                     ],
                     "packageLocation": [
                        "loyalty-level-1.0-SNAPSHOT.war/WEB-INF/lib/javax.json-1.0.4.jar",
                        "loyalty-level-1.0-SNAPSHOT.war/WEB-INF/lib/javax.json-api-1.1.2.jar"
                     ]
                  }
               ]
            },
            {
               "duplicateClassesAcrossApplication": [
               ]
            },
            {
               "javaEEandSEClasses": [
                  {
                     "conflictingPackages": [
                        "javax.json",
                        "javax.json.spi",
                        "javax.json.stream"
                     ],
                     "packageLocation": [
                        "loyalty-level-1.0-SNAPSHOT.war/WEB-INF/lib/javax.json-1.0.4.jar",
                        "loyalty-level-1.0-SNAPSHOT.war/WEB-INF/lib/javax.json-api-1.1.2.jar"
                     ]
                  }
               ]
            },
            {
               "duplicateWebSphereClasses": [
               ]
            },
            {
               "openSourceSoftwareClasses": [
                  {
                     "conflictingPackages": [
                        "org.glassfish.json",
                        "org.glassfish.json.api"
                     ],
                     "packageLocation": [
                        "loyalty-level-1.0-SNAPSHOT.war/WEB-INF/lib/javax.json-1.0.4.jar"
                     ],
                     "appliesTo": [
                        "V9.0"
                     ]
                  }
               ]
            },
            {
               "archivesNotReferenced": [
               ]
            },
            {
               "missingDependencies": [
               ]
            },
            {
               "classesWithSystemLevelJVMConfiguration": [
               ]
            },
            {
               "sharedLibraryDependencies": [
               ]
            }
         ],
         "performanceConsiderations": {
            "archivesThatAreCandidatesForMetadataCompleteTrueAttribute": [
            ],
            "webModulesWithExcessiveClassFiles": [
            ],
            "webModulesWithExcessiveStaticResources": [
            ]
         },
         "containedArchiveInventory": [
            {
               "archiveName": "/opt/IBM/WebSphere/AppServer/profiles/Dmgr01/config/cells/hc-ls-was-dmgrCell01/applications/loyalty-level-1_0-SNAPSHOT_war.ear/loyalty-level-1_0-SNAPSHOT_war.ear/loyalty-level-1.0-SNAPSHOT.war",
               "moduleType": "Web module",
               "moduleVersion": "3.1",
               "metadataComplete": "false",
               "archives": {
                  "ejbs": 0,
                  "webFragments": 0,
                  "utilityJars": 2
               },
               "summary": {
                  "servlets": 0,
                  "jsps": 0,
                  "jpaEntities": 0,
                  "bmpEntityBeans": 0,
                  "cmpEntityBeans": 0,
                  "messageDrivenBeans": 0,
                  "singletonSessionBeans": 0,
                  "statefulSessionBeans": 0,
                  "statelessSessionBeans": 0,
                  "jaxrpcConsumers": 0,
                  "jaxrpcProviders": 0,
                  "jaxrsConsumers": 0,
                  "jaxrsProviders": 1,
                  "jaxwsConsumers": 0,
                  "jaxwsProviders": 0
               },
               "containedArchiveInventory": [
                  {
                     "archiveName": "/opt/IBM/WebSphere/AppServer/profiles/Dmgr01/config/cells/hc-ls-was-dmgrCell01/applications/loyalty-level-1_0-SNAPSHOT_war.ear/loyalty-level-1_0-SNAPSHOT_war.ear/loyalty-level-1.0-SNAPSHOT.war/WEB-INF/lib/javax.json-1.0.4.jar",
                     "moduleType": "Utility JAR",
                     "containedPackages": [
                        "javax.json",
                        "javax.json.spi",
                        "javax.json.stream",
                        "org.glassfish.json"
                     ]
                  },
                  {
                     "archiveName": "/opt/IBM/WebSphere/AppServer/profiles/Dmgr01/config/cells/hc-ls-was-dmgrCell01/applications/loyalty-level-1_0-SNAPSHOT_war.ear/loyalty-level-1_0-SNAPSHOT_war.ear/loyalty-level-1.0-SNAPSHOT.war/WEB-INF/lib/javax.json-api-1.1.2.jar",
                     "moduleType": "Utility JAR",
                     "containedPackages": [
                        "javax.json",
                        "javax.json.spi",
                        "javax.json.stream"
                     ]
                  }
               ]
            }
         ]
      }
   ],
   "sharedLibraryDetails": [
   ]
}