{
   "report": "analysis",
   "version": "1.2",
   "productVersion": "9.0",
   "productRelease": "17.0.0.4",
   "options": [
      "--sourceAppServer=was855",
      "--sourceJava=ibm5",
      "--targetAppServer=liberty",
      "--targetJava=ibm8",
      "--targetJavaEE=ee6",
      "--targetCloud=dockerIBMCloud",
      "--excludePackages=com.ibm.websphere,com.ibm.ws,com.ibm.db2,com.informix,com.microsoft,com.sybase,com.sun,java,javax,net,oracle,org,sqlj,_ibmjsp"
   ],
   "totalRulesFlagged": 4,
   "filesAffected": 5,
   "totalResults": 8,
   "severitySummary": [
      {
         "severity": "Warning",
         "totalRulesFlagged": 4,
         "totalResults": 8
      }
   ],
   "applications": [
      "/opt/IBM/WebSphere/AppServer/profiles/Dmgr01/config/cells/hc-ls-was-dmgrCell01/applications/loyalty-level-1_0-SNAPSHOT_war.ear/loyalty-level-1_0-SNAPSHOT_war.ear"
   ],
   "rules": [
      {
         "ruleName": "Handling application configuration in Docker containers",
         "severity": "Warning",
         "category": "Docker (IBM Cloud Container Services)",
         "results": [
            {
               "fileName": "loyalty-level-1_0-SNAPSHOT_war.ear/loyalty-level-1.0-SNAPSHOT.war/META-INF/maven/com.stocktrader/loyalty-level/pom.properties",
               "details": [
                  {
                     "reference": null,
                     "match": "(.*)?\\.properties",
                     "lineNumber": 0
                  }
               ]
            },
            {
               "fileName": "loyalty-level-1_0-SNAPSHOT_war.ear/loyalty-level-1.0-SNAPSHOT.war/WEB-INF/lib/javax.json-1.0.4.jar/META-INF/maven/org.glassfish/javax.json/pom.properties",
               "details": [
                  {
                     "reference": null,
                     "match": "(.*)?\\.properties",
                     "lineNumber": 0
                  }
               ]
            },
            {
               "fileName": "loyalty-level-1_0-SNAPSHOT_war.ear/loyalty-level-1.0-SNAPSHOT.war/WEB-INF/lib/javax.json-1.0.4.jar/org/glassfish/json/messages.properties",
               "details": [
                  {
                     "reference": null,
                     "match": "(.*)?\\.properties",
                     "lineNumber": 0
                  }
               ]
            },
            {
               "fileName": "loyalty-level-1_0-SNAPSHOT_war.ear/loyalty-level-1.0-SNAPSHOT.war/WEB-INF/lib/javax.json-api-1.1.2.jar/META-INF/maven/javax.json/javax.json-api/pom.properties",
               "details": [
                  {
                     "reference": null,
                     "match": "(.*)?\\.properties",
                     "lineNumber": 0
                  }
               ]
            }
         ]
      },
      {
         "ruleName": "Java EE security",
         "severity": "Warning",
         "category": "Technology connectivity considerations for IBM Cloud",
         "results": [
            {
               "fileName": "loyalty-level-1_0-SNAPSHOT_war.ear/loyalty-level-1.0-SNAPSHOT.war/WEB-INF/classes/com/ibm/hybrid/cloud/sample/portfolio/LoyaltyLevel.class",
               "details": [
                  {
                     "reference": "Method getLoyalty",
                     "match": "javax.servlet.http.HttpServletRequest.getRemoteUser(*)",
                     "lineNumber": 96
                  }
               ]
            }
         ]
      },
      {
         "ruleName": "Java Message Service (JMS)",
         "severity": "Warning",
         "category": "Technology connectivity considerations for IBM Cloud (not Liberty Core)",
         "results": [
            {
               "fileName": "loyalty-level-1_0-SNAPSHOT_war.ear/loyalty-level-1.0-SNAPSHOT.war/WEB-INF/classes/com/ibm/hybrid/cloud/sample/portfolio/LoyaltyLevel.class",
               "details": [
                  {
                     "reference": "Constructor",
                     "match": "javax.jms.QueueConnectionFactory",
                     "lineNumber": 71
                  }
               ]
            }
         ]
      },
      {
         "ruleName": "The InitialContext lookup method can return primitive types",
         "severity": "Warning",
         "category": "WebSphere traditional to Liberty",
         "results": [
            {
               "fileName": "loyalty-level-1_0-SNAPSHOT_war.ear/loyalty-level-1.0-SNAPSHOT.war/WEB-INF/classes/com/ibm/hybrid/cloud/sample/portfolio/LoyaltyLevel.class",
               "details": [
                  {
                     "reference": "Method initialize",
                     "match": "javax.naming.InitialContext.lookup(*)",
                     "lineNumber": 133
                  },
                  {
                     "reference": "Method initialize",
                     "match": "javax.naming.InitialContext.lookup(*)",
                     "lineNumber": 134
                  }
               ]
            }
         ]
      }
   ]
}