{
   "report": "analysis",
   "version": "1.2",
   "productVersion": "9.0",
   "productRelease": "17.0.0.4",
   "options": [
      "--sourceAppServer=was855",
      "--sourceJava=ibm5",
      "--targetAppServer=was90",
      "--targetJava=ibm8",
      "--targetJavaEE=ee7",
      "--targetCloud=vmIBMCloud",
      "--excludePackages=com.ibm.websphere,com.ibm.ws,com.ibm.db2,com.informix,com.microsoft,com.sybase,com.sun,java,javax,net,oracle,org,sqlj,_ibmjsp"
   ],
   "totalRulesFlagged": 6,
   "filesAffected": 4,
   "totalResults": 10,
   "severitySummary": [
      {
         "severity": "Warning",
         "totalRulesFlagged": 5,
         "totalResults": 9
      },
      {
         "severity": "Information",
         "totalRulesFlagged": 1,
         "totalResults": 1
      }
   ],
   "applications": [
      "/opt/IBM/WebSphere/AppServer/profiles/Dmgr01/config/cells/hc-ls-was-dmgrCell01/applications/portfolio-1_0-SNAPSHOT_war.ear/portfolio-1_0-SNAPSHOT_war.ear"
   ],
   "rules": [
      {
         "ruleName": "CDI scans for implicit beans when there is no beans.xml file",
         "severity": "Warning",
         "category": "Java EE 7 / CDI",
         "results": [
            {
               "fileName": "portfolio-1_0-SNAPSHOT_war.ear/portfolio-1.0-SNAPSHOT.war",
               "details": [
                  {
                     "reference": null,
                     "match": ".*(\\.war|\\.jar)",
                     "lineNumber": 0
                  }
               ]
            },
            {
               "fileName": "portfolio-1_0-SNAPSHOT_war.ear/portfolio-1.0-SNAPSHOT.war/WEB-INF/lib/javax.json-1.0.4.jar",
               "details": [
                  {
                     "reference": null,
                     "match": ".*(\\.war|\\.jar)",
                     "lineNumber": 0
                  }
               ]
            }
         ]
      },
      {
         "ruleName": "Check for a behavior change for URLConnection, HttpURLConnection getInputStream method",
         "severity": "Information",
         "category": "Java SE version migration / Java SE 7 compatibility impacts",
         "results": [
            {
               "fileName": "portfolio-1_0-SNAPSHOT_war.ear/portfolio-1.0-SNAPSHOT.war/WEB-INF/classes/com/ibm/hybrid/cloud/sample/portfolio/Portfolio.class",
               "details": [
                  {
                     "reference": "Method invokeREST",
                     "match": "java.net.HttpURLConnection.getInputStream(*)",
                     "lineNumber": 322
                  }
               ]
            }
         ]
      },
      {
         "ruleName": "Databases",
         "severity": "Warning",
         "category": "Technology connectivity considerations for IBM Cloud",
         "results": [
            {
               "fileName": "portfolio-1_0-SNAPSHOT_war.ear/portfolio-1.0-SNAPSHOT.war/WEB-INF/classes/com/ibm/hybrid/cloud/sample/portfolio/Portfolio.class",
               "details": [
                  {
                     "reference": "Constructor",
                     "match": "javax.sql",
                     "lineNumber": 79
                  }
               ]
            }
         ]
      },
      {
         "ruleName": "Java API for RESTful Web Services (JAX-RS)",
         "severity": "Warning",
         "category": "Java EE 6 / JAX-RS 1.1",
         "results": [
            {
               "fileName": "portfolio-1_0-SNAPSHOT_war.ear/portfolio-1.0-SNAPSHOT.war/WEB-INF/classes/com/ibm/hybrid/cloud/sample/portfolio/Portfolio.class",
               "details": [
                  {
                     "reference": "Class annotation",
                     "match": "javax.ws.rs",
                     "lineNumber": 0
                  }
               ]
            }
         ]
      },
      {
         "ruleName": "Java EE security",
         "severity": "Warning",
         "category": "Technology connectivity considerations for IBM Cloud",
         "results": [
            {
               "fileName": "portfolio-1_0-SNAPSHOT_war.ear/portfolio-1.0-SNAPSHOT.war/WEB-INF/web.xml",
               "details": [
                  {
                     "reference": null,
                     "match": "security-constraint",
                     "lineNumber": 17
                  }
               ]
            }
         ]
      },
      {
         "ruleName": "Validate the URL host and port for cloud access",
         "severity": "Warning",
         "category": "Connectivity considerations for IBM Cloud (Docker and WebSphere in IBM Cloud)",
         "results": [
            {
               "fileName": "portfolio-1_0-SNAPSHOT_war.ear/portfolio-1.0-SNAPSHOT.war/WEB-INF/classes/com/ibm/hybrid/cloud/sample/portfolio/Portfolio.class",
               "details": [
                  {
                     "reference": "Field LOYALTY_SERVICE",
                     "match": "http://localhost:9082/loyalty-level",
                     "lineNumber": 0
                  },
                  {
                     "reference": "Field QUOTE_SERVICE",
                     "match": "http://localhost:9082/stock-quote-2",
                     "lineNumber": 0
                  },
                  {
                     "reference": "Method getPortfolio",
                     "match": "http://localhost:9082/loyalty-level?owner=",
                     "lineNumber": 215
                  },
                  {
                     "reference": "Method getPortfolio",
                     "match": "http://localhost:9082/stock-quote-2/",
                     "lineNumber": 174
                  }
               ]
            }
         ]
      }
   ]
}