{
   "report": "analysis",
   "version": "1.2",
   "productVersion": "9.0",
   "productRelease": "17.0.0.4",
   "options": [
      "--sourceAppServer=was855",
      "--sourceJava=ibm5",
      "--targetAppServer=liberty",
      "--targetJava=ibm8",
      "--targetJavaEE=ee6",
      "--targetCloud=dockerIBMCloud",
      "--excludePackages=com.ibm.websphere,com.ibm.ws,com.ibm.db2,com.informix,com.microsoft,com.sybase,com.sun,java,javax,net,oracle,org,sqlj,_ibmjsp"
   ],
   "totalRulesFlagged": 6,
   "filesAffected": 5,
   "totalResults": 11,
   "severitySummary": [
      {
         "severity": "Warning",
         "totalRulesFlagged": 5,
         "totalResults": 10
      },
      {
         "severity": "Information",
         "totalRulesFlagged": 1,
         "totalResults": 1
      }
   ],
   "applications": [
      "/opt/IBM/WebSphere/AppServer/profiles/Dmgr01/config/cells/hc-ls-was-dmgrCell01/applications/portfolio-1_0-SNAPSHOT_war.ear/portfolio-1_0-SNAPSHOT_war.ear"
   ],
   "rules": [
      {
         "ruleName": "Check for a behavior change for URLConnection, HttpURLConnection getInputStream method",
         "severity": "Information",
         "category": "Java SE version migration / Java SE 7 compatibility impacts",
         "results": [
            {
               "fileName": "portfolio-1_0-SNAPSHOT_war.ear/portfolio-1.0-SNAPSHOT.war/WEB-INF/classes/com/ibm/hybrid/cloud/sample/portfolio/Portfolio.class",
               "details": [
                  {
                     "reference": "Method invokeREST",
                     "match": "java.net.HttpURLConnection.getInputStream(*)",
                     "lineNumber": 322
                  }
               ]
            }
         ]
      },
      {
         "ruleName": "Databases",
         "severity": "Warning",
         "category": "Technology connectivity considerations for IBM Cloud",
         "results": [
            {
               "fileName": "portfolio-1_0-SNAPSHOT_war.ear/portfolio-1.0-SNAPSHOT.war/WEB-INF/classes/com/ibm/hybrid/cloud/sample/portfolio/Portfolio.class",
               "details": [
                  {
                     "reference": "Constructor",
                     "match": "javax.sql",
                     "lineNumber": 79
                  }
               ]
            }
         ]
      },
      {
         "ruleName": "Handling application configuration in Docker containers",
         "severity": "Warning",
         "category": "Docker (IBM Cloud Container Services)",
         "results": [
            {
               "fileName": "portfolio-1_0-SNAPSHOT_war.ear/portfolio-1.0-SNAPSHOT.war/META-INF/maven/com.stocktrader/portfolio/pom.properties",
               "details": [
                  {
                     "reference": null,
                     "match": "(.*)?\\.properties",
                     "lineNumber": 0
                  }
               ]
            },
            {
               "fileName": "portfolio-1_0-SNAPSHOT_war.ear/portfolio-1.0-SNAPSHOT.war/WEB-INF/lib/javax.json-1.0.4.jar/META-INF/maven/org.glassfish/javax.json/pom.properties",
               "details": [
                  {
                     "reference": null,
                     "match": "(.*)?\\.properties",
                     "lineNumber": 0
                  }
               ]
            },
            {
               "fileName": "portfolio-1_0-SNAPSHOT_war.ear/portfolio-1.0-SNAPSHOT.war/WEB-INF/lib/javax.json-1.0.4.jar/org/glassfish/json/messages.properties",
               "details": [
                  {
                     "reference": null,
                     "match": "(.*)?\\.properties",
                     "lineNumber": 0
                  }
               ]
            }
         ]
      },
      {
         "ruleName": "Java EE security",
         "severity": "Warning",
         "category": "Technology connectivity considerations for IBM Cloud",
         "results": [
            {
               "fileName": "portfolio-1_0-SNAPSHOT_war.ear/portfolio-1.0-SNAPSHOT.war/WEB-INF/web.xml",
               "details": [
                  {
                     "reference": null,
                     "match": "security-constraint",
                     "lineNumber": 17
                  }
               ]
            }
         ]
      },
      {
         "ruleName": "The InitialContext lookup method can return primitive types",
         "severity": "Warning",
         "category": "WebSphere traditional to Liberty",
         "results": [
            {
               "fileName": "portfolio-1_0-SNAPSHOT_war.ear/portfolio-1.0-SNAPSHOT.war/WEB-INF/classes/com/ibm/hybrid/cloud/sample/portfolio/Portfolio.class",
               "details": [
                  {
                     "reference": "Method initialize",
                     "match": "javax.naming.InitialContext.lookup(*)",
                     "lineNumber": 359
                  }
               ]
            }
         ]
      },
      {
         "ruleName": "Validate the URL host and port for cloud access",
         "severity": "Warning",
         "category": "Connectivity considerations for IBM Cloud (Docker and WebSphere in IBM Cloud)",
         "results": [
            {
               "fileName": "portfolio-1_0-SNAPSHOT_war.ear/portfolio-1.0-SNAPSHOT.war/WEB-INF/classes/com/ibm/hybrid/cloud/sample/portfolio/Portfolio.class",
               "details": [
                  {
                     "reference": "Field LOYALTY_SERVICE",
                     "match": "http://localhost:9082/loyalty-level",
                     "lineNumber": 0
                  },
                  {
                     "reference": "Field QUOTE_SERVICE",
                     "match": "http://localhost:9082/stock-quote-2",
                     "lineNumber": 0
                  },
                  {
                     "reference": "Method getPortfolio",
                     "match": "http://localhost:9082/loyalty-level?owner=",
                     "lineNumber": 215
                  },
                  {
                     "reference": "Method getPortfolio",
                     "match": "http://localhost:9082/stock-quote-2/",
                     "lineNumber": 174
                  }
               ]
            }
         ]
      }
   ]
}