{
   "report": "analysis",
   "version": "1.2",
   "productVersion": "9.0",
   "productRelease": "17.0.0.4",
   "options": [
      "--sourceAppServer=was855",
      "--sourceJava=ibm5",
      "--targetAppServer=was90",
      "--targetJava=ibm8",
      "--targetJavaEE=ee7",
      "--targetCloud=vmIBMCloud",
      "--excludePackages=com.ibm.websphere,com.ibm.ws,com.ibm.db2,com.informix,com.microsoft,com.sybase,com.sun,java,javax,net,oracle,org,sqlj,_ibmjsp"
   ],
   "totalRulesFlagged": 9,
   "filesAffected": 9,
   "totalResults": 15,
   "severitySummary": [
      {
         "severity": "Warning",
         "totalRulesFlagged": 5,
         "totalResults": 8
      },
      {
         "severity": "Information",
         "totalRulesFlagged": 4,
         "totalResults": 7
      }
   ],
   "applications": [
      "/opt/IBM/WebSphere/AppServer/profiles/Dmgr01/config/cells/hc-ls-was-dmgrCell01/applications/stock-quote-1_1-SNAPSHOT_war.ear/stock-quote-1_1-SNAPSHOT_war.ear"
   ],
   "rules": [
      {
         "ruleName": "Behavior change in month name formatting for some languages",
         "severity": "Information",
         "category": "Java SE version migration / Java SE 8 compatibility impacts",
         "results": [
            {
               "fileName": "stock-quote-1_1-SNAPSHOT_war.ear/stock-quote-1.0-SNAPSHOT.war/WEB-INF/classes/com/ibm/hybrid/cloud/sample/portfolio/StockQuote.class",
               "details": [
                  {
                     "reference": "Method getTestQuote",
                     "match": "java.text.SimpleDateFormat.format(*)",
                     "lineNumber": 276
                  },
                  {
                     "reference": "Method invokeREST",
                     "match": "java.text.SimpleDateFormat.format(*)",
                     "lineNumber": 309
                  }
               ]
            }
         ]
      },
      {
         "ruleName": "Behavior change in most Collection.removeAll and Collection.retainAll implementations",
         "severity": "Information",
         "category": "Java SE version migration / Java SE 8 compatibility impacts",
         "results": [
            {
               "fileName": "stock-quote-1_1-SNAPSHOT_war.ear/stock-quote-1.0-SNAPSHOT.war/WEB-INF/lib/jedis-2.9.0.jar/redis/clients/jedis/BinaryJedis$SetFromList.class",
               "details": [
                  {
                     "reference": "Method removeAll",
                     "match": "java.util.List.removeAll(*)",
                     "lineNumber": 3599
                  },
                  {
                     "reference": "Method retainAll",
                     "match": "java.util.List.retainAll(*)",
                     "lineNumber": 3603
                  }
               ]
            }
         ]
      },
      {
         "ruleName": "CDI scans for implicit beans when there is no beans.xml file",
         "severity": "Warning",
         "category": "Java EE 7 / CDI",
         "results": [
            {
               "fileName": "stock-quote-1_1-SNAPSHOT_war.ear/stock-quote-1.0-SNAPSHOT.war",
               "details": [
                  {
                     "reference": null,
                     "match": ".*(\\.war|\\.jar)",
                     "lineNumber": 0
                  }
               ]
            },
            {
               "fileName": "stock-quote-1_1-SNAPSHOT_war.ear/stock-quote-1.0-SNAPSHOT.war/WEB-INF/lib/commons-pool2-2.4.2.jar",
               "details": [
                  {
                     "reference": null,
                     "match": ".*(\\.war|\\.jar)",
                     "lineNumber": 0
                  }
               ]
            },
            {
               "fileName": "stock-quote-1_1-SNAPSHOT_war.ear/stock-quote-1.0-SNAPSHOT.war/WEB-INF/lib/javax.json-1.0.4.jar",
               "details": [
                  {
                     "reference": null,
                     "match": ".*(\\.war|\\.jar)",
                     "lineNumber": 0
                  }
               ]
            },
            {
               "fileName": "stock-quote-1_1-SNAPSHOT_war.ear/stock-quote-1.0-SNAPSHOT.war/WEB-INF/lib/jedis-2.9.0.jar",
               "details": [
                  {
                     "reference": null,
                     "match": ".*(\\.war|\\.jar)",
                     "lineNumber": 0
                  }
               ]
            }
         ]
      },
      {
         "ruleName": "Check for a behavior change for URLConnection, HttpURLConnection getInputStream method",
         "severity": "Information",
         "category": "Java SE version migration / Java SE 7 compatibility impacts",
         "results": [
            {
               "fileName": "stock-quote-1_1-SNAPSHOT_war.ear/stock-quote-1.0-SNAPSHOT.war/WEB-INF/classes/com/ibm/hybrid/cloud/sample/portfolio/StockQuote.class",
               "details": [
                  {
                     "reference": "Method invokeREST",
                     "match": "java.net.HttpURLConnection.getInputStream(*)",
                     "lineNumber": 298
                  }
               ]
            }
         ]
      },
      {
         "ruleName": "Check for a behavior change for an empty TreeSet add and TreeMap put methods",
         "severity": "Information",
         "category": "Java SE version migration / Java SE 7 compatibility impacts",
         "results": [
            {
               "fileName": "stock-quote-1_1-SNAPSHOT_war.ear/stock-quote-1.0-SNAPSHOT.war/WEB-INF/lib/jedis-2.9.0.jar/redis/clients/util/Sharded.class",
               "details": [
                  {
                     "reference": "Method initialize",
                     "match": "java.util.TreeMap.put(*)",
                     "lineNumber": 57
                  },
                  {
                     "reference": "Method initialize",
                     "match": "java.util.TreeMap.put(*)",
                     "lineNumber": 60
                  }
               ]
            }
         ]
      },
      {
         "ruleName": "Do not start unmanaged threads within the web or EJB container",
         "severity": "Warning",
         "category": "All application servers",
         "results": [
            {
               "fileName": "stock-quote-1_1-SNAPSHOT_war.ear/stock-quote-1.0-SNAPSHOT.war/WEB-INF/lib/jedis-2.9.0.jar/redis/clients/jedis/JedisSentinelPool.class",
               "details": [
                  {
                     "reference": "Method initSentinels",
                     "match": "redis.clients.jedis.JedisSentinelPool$MasterListener.start(*)",
                     "lineNumber": 193
                  }
               ]
            }
         ]
      },
      {
         "ruleName": "Java API for RESTful Web Services (JAX-RS)",
         "severity": "Warning",
         "category": "Java EE 6 / JAX-RS 1.1",
         "results": [
            {
               "fileName": "stock-quote-1_1-SNAPSHOT_war.ear/stock-quote-1.0-SNAPSHOT.war/WEB-INF/classes/com/ibm/hybrid/cloud/sample/portfolio/StockQuote.class",
               "details": [
                  {
                     "reference": "Class annotation",
                     "match": "javax.ws.rs",
                     "lineNumber": 0
                  }
               ]
            }
         ]
      },
      {
         "ruleName": "Java EE security",
         "severity": "Warning",
         "category": "Technology connectivity considerations for IBM Cloud",
         "results": [
            {
               "fileName": "stock-quote-1_1-SNAPSHOT_war.ear/stock-quote-1.0-SNAPSHOT.war/WEB-INF/web.xml",
               "details": [
                  {
                     "reference": null,
                     "match": "security-constraint",
                     "lineNumber": 17
                  }
               ]
            }
         ]
      },
      {
         "ruleName": "Validate the URL host and port for cloud access",
         "severity": "Warning",
         "category": "Connectivity considerations for IBM Cloud (Docker and WebSphere in IBM Cloud)",
         "results": [
            {
               "fileName": "stock-quote-1_1-SNAPSHOT_war.ear/stock-quote-1.0-SNAPSHOT.war/WEB-INF/classes/com/ibm/hybrid/cloud/sample/portfolio/StockQuote.class",
               "details": [
                  {
                     "reference": "Method getStockQuote",
                     "match": "https://api.iextrading.com/1.0/stock/",
                     "lineNumber": 178
                  }
               ]
            }
         ]
      }
   ]
}