{
   "report": "analysis",
   "version": "1.1",
   "totalRulesFlagged": 7,
   "filesAffected": 6,
   "totalResults": 8,
   "options": [
      "--sourceAppServer=was90",
      "--sourceJava=ibm8",
      "--targetAppServer=was90",
      "--targetJava=ibm8",
      "--targetCloud=wasVM",
      "--excludePackages=com.ibm.websphere,com.ibm.ws,com.ibm.db2,com.informix,com.microsoft,com.sybase,com.sun,java,javax,net,oracle,org,sqlj,_ibmjsp"
   ],
   "severitySummary": [
      {
         "severity": "Warning",
         "totalRulesFlagged": 7,
         "totalResults": 8
      }
   ],
   "applications": [
      "/opt/IBM/WebSphere/AppServer/profiles/AppSrv01/config/cells/ioaCPINode01Cell/applications/DayTrader-EE6.ear/DayTrader-EE6.ear"
   ],
   "rules": [
      {
         "ruleName": "Databases",
         "severity": "Warning",
         "category": "Technology connectivity considerations for IBM Cloud",
         "results": [
            {
               "fileName": "DayTrader-EE6.ear/dt-ejb.jar/META-INF/persistence.xml",
               "details": [
                  {
                     "reference": null,
                     "match": "jta-data-source=jdbc/TradeDataSource",
                     "lineNumber": 22
                  }
               ]
            },
            {
               "fileName": "DayTrader-EE6.ear/web.war/WEB-INF/web.xml",
               "details": [
                  {
                     "reference": null,
                     "match": "res-type=javax.sql.DataSource",
                     "lineNumber": 104
                  }
               ]
            }
         ]
      },
      {
         "ruleName": "Java Message Service (JMS)",
         "severity": "Warning",
         "category": "Technology connectivity considerations for IBM Cloud (not Liberty Core)",
         "results": [
            {
               "fileName": "DayTrader-EE6.ear/web.war/WEB-INF/web.xml",
               "details": [
                  {
                     "reference": null,
                     "match": "res-type=javax.jms.QueueConnectionFactory",
                     "lineNumber": 110
                  }
               ]
            }
         ]
      },
      {
         "ruleName": "Remote EJB lookups",
         "severity": "Warning",
         "category": "Technology connectivity considerations for IBM Cloud (not Liberty Core)",
         "results": [
            {
               "fileName": "DayTrader-EE6.ear/web.war/WEB-INF/web.xml",
               "details": [
                  {
                     "reference": null,
                     "match": "home",
                     "lineNumber": 124
                  }
               ]
            }
         ]
      },
      {
         "ruleName": "Remote web services",
         "severity": "Warning",
         "category": "Technology connectivity considerations for IBM Cloud (WebSphere traditional)",
         "results": [
            {
               "fileName": "DayTrader-EE6.ear/daytrader-wsappclient-EE6.jar/META-INF/application-client.xml",
               "details": [
                  {
                     "reference": null,
                     "match": "service-ref",
                     "lineNumber": 22
                  }
               ]
            },
            {
               "fileName": "DayTrader-EE6.ear/web.war/WEB-INF/ibm-webservicesclient-ext.xmi",
               "details": [
                  {
                     "reference": null,
                     "match": "(.*/)?WEB-INF/ibm-webservicesclient-(bnd|ext)\\.xmi",
                     "lineNumber": 0
                  }
               ]
            }
         ]
      },
      {
         "ruleName": "Validate the URL host and port for cloud access",
         "severity": "Warning",
         "category": "Connectivity considerations for IBM Cloud (Docker and WebSphere on Cloud)",
         "results": [
            {
               "fileName": "DayTrader-EE6.ear/daytrader-wsappclient-EE6.jar/META-INF/wsdl/TradeServices.wsdl",
               "details": [
                  {
                     "reference": null,
                     "match": "address.location=http://localhost:8080/daytrader/services/TradeWSServices",
                     "lineNumber": 1446
                  }
               ]
            },
            {
               "fileName": "DayTrader-EE6.ear/web.war/WEB-INF/wsdl/TradeServices.wsdl",
               "details": [
                  {
                     "reference": null,
                     "match": "address.location=http://localhost:8080/daytrader/services/TradeWSServices",
                     "lineNumber": 1298
                  }
               ]
            }
         ]
      }
   ]
}