{
   "report": "inventory",
   "version": "2.2",
   "options": [
      "--excludePackages=com.ibm.websphere,com.ibm.ws,com.ibm.db2,com.informix,com.microsoft,com.sybase,com.sun,java,javax,net,oracle,org,sqlj,_ibmjsp"
   ],
   "applications": [
      "/opt/IBM/WebSphere/AppServer/profiles/AppSrv01/config/cells/ioaCPINode01Cell/applications/DayTrader-EE6.ear/DayTrader-EE6.ear"
   ],
   "sharedLibraries": [
   ],
   "archives": {
      "ears": 1,
      "wars": 1,
      "rars": 0,
      "ejbs": 1,
      "webFragments": 0,
      "utilityJars": 1,
      "appClients": 2
   },
   "summary": {
      "servlets": 31,
      "jsps": 24,
      "jpaEntities": 5,
      "bmpEntityBeans": 0,
      "cmpEntityBeans": 0,
      "messageDrivenBeans": 2,
      "singletonSessionBeans": 0,
      "statefulSessionBeans": 0,
      "statelessSessionBeans": 2,
      "jaxrpcConsumers": 1,
      "jaxrpcProviders": 0,
      "jaxrsConsumers": 0,
      "jaxrsProviders": 0,
      "jaxwsConsumers": 0,
      "jaxwsProviders": 0
   },
   "archiveInventory": [
      {
         "archiveName": "/opt/IBM/WebSphere/AppServer/profiles/AppSrv01/config/cells/ioaCPINode01Cell/applications/DayTrader-EE6.ear/DayTrader-EE6.ear",
         "moduleType": "Enterprise archive",
         "moduleVersion": "6",
         "metadataComplete": null,
         "archives": {
            "wars": 1,
            "rars": 0,
            "ejbs": 1,
            "utilityJars": 1,
            "appClients": 2
         },
         "summary": {
            "servlets": 31,
            "jsps": 24,
            "jpaEntities": 5,
            "bmpEntityBeans": 0,
            "cmpEntityBeans": 0,
            "messageDrivenBeans": 2,
            "singletonSessionBeans": 0,
            "statefulSessionBeans": 0,
            "statelessSessionBeans": 2,
            "jaxrpcConsumers": 1,
            "jaxrpcProviders": 0,
            "jaxrsConsumers": 0,
            "jaxrsProviders": 0,
            "jaxwsConsumers": 0,
            "jaxwsProviders": 0
         },
         "potentialDeploymentProblemsSummary": {
            "archivesContainingDuplicateClasses": 0,
            "archivesContainingJavaEEorSEClasses": 0,
            "archivesContainingConflictingOpenSourceSoftwareClasses": 1,
            "archivesContainingWebSphereClasses": 0,
            "archivesNotReferencedInTheApplication": 1,
            "archivesWithMissingDependenciesInTheApplication": 2,
            "classesWithSystemLevelJVMConfiguration": 0,
            "sharedLibrariesReferencingApplicationClasses": 0
         },
         "potentialDeploymentProblemsDetails": [
            {
               "duplicateClassesWithinClassLoader": [
               ]
            },
            {
               "duplicateClassesAcrossApplication": [
               ]
            },
            {
               "javaEEandSEClasses": [
               ]
            },
            {
               "duplicateWebSphereClasses": [
               ]
            },
            {
               "openSourceSoftwareClasses": [
                  {
                     "conflictingPackages": [
                        "org.apache.taglibs.standard",
                        "org.apache.taglibs.standard.extra.spath",
                        "org.apache.taglibs.standard.functions",
                        "org.apache.taglibs.standard.lang.jstl",
                        "org.apache.taglibs.standard.lang.jstl.parser",
                        "org.apache.taglibs.standard.lang.jstl.test",
                        "org.apache.taglibs.standard.lang.jstl.test.beans",
                        "org.apache.taglibs.standard.lang.support",
                        "org.apache.taglibs.standard.resources",
                        "org.apache.taglibs.standard.tag.common.core",
                        "org.apache.taglibs.standard.tag.common.fmt",
                        "org.apache.taglibs.standard.tag.common.sql",
                        "org.apache.taglibs.standard.tag.common.xml",
                        "org.apache.taglibs.standard.tag.el.core",
                        "org.apache.taglibs.standard.tag.el.fmt",
                        "org.apache.taglibs.standard.tag.el.sql",
                        "org.apache.taglibs.standard.tag.el.xml",
                        "org.apache.taglibs.standard.tag.rt.core",
                        "org.apache.taglibs.standard.tag.rt.fmt",
                        "org.apache.taglibs.standard.tag.rt.sql",
                        "org.apache.taglibs.standard.tag.rt.xml",
                        "org.apache.taglibs.standard.tei",
                        "org.apache.taglibs.standard.tlv"
                     ],
                     "packageLocation": [
                        "web.war/WEB-INF/lib/standard-1.1.1.jar"
                     ],
                     "appliesTo": [
                        "V8.5.5",
                        "V9.0",
                        "Liberty"
                     ]
                  }
               ]
            },
            {
               "archivesNotReferenced": [
                  {
                     "archive": "web.war/WEB-INF/lib/standard-1.1.1.jar",
                     "referencedBy": ""
                  }
               ]
            },
            {
               "missingDependencies": [
                  {
                     "missingDependencies": [
                        "org.apache.commons.logging"
                     ],
                     "archive": [
                        "dt-ejb.jar"
                     ]
                  },
                  {
                     "missingDependencies": [
                        "org.apache.xalan.serialize",
                        "org.apache.xalan.templates",
                        "org.apache.xml.utils",
                        "org.apache.xpath",
                        "org.apache.xpath.objects"
                     ],
                     "archive": [
                        "web.war/WEB-INF/lib/standard-1.1.1.jar"
                     ]
                  }
               ]
            },
            {
               "classesWithSystemLevelJVMConfiguration": [
               ]
            },
            {
               "sharedLibraryDependencies": [
               ]
            }
         ],
         "performanceConsiderations": {
            "archivesThatAreCandidatesForMetadataCompleteTrueAttribute": [
            ],
            "webModulesWithExcessiveClassFiles": [
            ],
            "webModulesWithExcessiveStaticResources": [
            ]
         },
         "containedArchiveInventory": [
            {
               "archiveName": "/opt/IBM/WebSphere/AppServer/profiles/AppSrv01/config/cells/ioaCPINode01Cell/applications/DayTrader-EE6.ear/DayTrader-EE6.ear/daytrader-wsappclient-EE6.jar",
               "moduleType": "Application client module",
               "moduleVersion": "1.4",
               "metadataComplete": "true",
               "summary": {
                  "servlets": 0,
                  "jsps": 0,
                  "jpaEntities": 0,
                  "bmpEntityBeans": 0,
                  "cmpEntityBeans": 0,
                  "messageDrivenBeans": 0,
                  "singletonSessionBeans": 0,
                  "statefulSessionBeans": 0,
                  "statelessSessionBeans": 0,
                  "jaxrpcConsumers": 1,
                  "jaxrpcProviders": 0,
                  "jaxrsConsumers": 0,
                  "jaxrsProviders": 0,
                  "jaxwsConsumers": 0,
                  "jaxwsProviders": 0
               }
            },
            {
               "archiveName": "/opt/IBM/WebSphere/AppServer/profiles/AppSrv01/config/cells/ioaCPINode01Cell/applications/DayTrader-EE6.ear/DayTrader-EE6.ear/dt-ejb.jar",
               "moduleType": "EJB module",
               "moduleVersion": "3.1",
               "metadataComplete": "Unspecified",
               "summary": {
                  "servlets": 0,
                  "jsps": 0,
                  "jpaEntities": 5,
                  "bmpEntityBeans": 0,
                  "cmpEntityBeans": 0,
                  "messageDrivenBeans": 2,
                  "singletonSessionBeans": 0,
                  "statefulSessionBeans": 0,
                  "statelessSessionBeans": 2,
                  "jaxrpcConsumers": 0,
                  "jaxrpcProviders": 0,
                  "jaxrsConsumers": 0,
                  "jaxrsProviders": 0,
                  "jaxwsConsumers": 0,
                  "jaxwsProviders": 0
               }
            },
            {
               "archiveName": "/opt/IBM/WebSphere/AppServer/profiles/AppSrv01/config/cells/ioaCPINode01Cell/applications/DayTrader-EE6.ear/DayTrader-EE6.ear/streamer.jar",
               "moduleType": "Application client module",
               "moduleVersion": "1.4",
               "metadataComplete": "true",
               "summary": {
                  "servlets": 0,
                  "jsps": 0,
                  "jpaEntities": 0,
                  "bmpEntityBeans": 0,
                  "cmpEntityBeans": 0,
                  "messageDrivenBeans": 0,
                  "singletonSessionBeans": 0,
                  "statefulSessionBeans": 0,
                  "statelessSessionBeans": 0,
                  "jaxrpcConsumers": 0,
                  "jaxrpcProviders": 0,
                  "jaxrsConsumers": 0,
                  "jaxrsProviders": 0,
                  "jaxwsConsumers": 0,
                  "jaxwsProviders": 0
               }
            },
            {
               "archiveName": "/opt/IBM/WebSphere/AppServer/profiles/AppSrv01/config/cells/ioaCPINode01Cell/applications/DayTrader-EE6.ear/DayTrader-EE6.ear/web.war",
               "moduleType": "Web module",
               "moduleVersion": "3.0",
               "metadataComplete": "Unspecified",
               "archives": {
                  "ejbs": 0,
                  "webFragments": 0,
                  "utilityJars": 1
               },
               "summary": {
                  "servlets": 31,
                  "jsps": 24,
                  "jpaEntities": 0,
                  "bmpEntityBeans": 0,
                  "cmpEntityBeans": 0,
                  "messageDrivenBeans": 0,
                  "singletonSessionBeans": 0,
                  "statefulSessionBeans": 0,
                  "statelessSessionBeans": 0,
                  "jaxrpcConsumers": 0,
                  "jaxrpcProviders": 0,
                  "jaxrsConsumers": 0,
                  "jaxrsProviders": 0,
                  "jaxwsConsumers": 0,
                  "jaxwsProviders": 0
               },
               "containedArchiveInventory": [
                  {
                     "archiveName": "/opt/IBM/WebSphere/AppServer/profiles/AppSrv01/config/cells/ioaCPINode01Cell/applications/DayTrader-EE6.ear/DayTrader-EE6.ear/web.war/WEB-INF/lib/standard-1.1.1.jar",
                     "moduleType": "Utility JAR",
                     "containedPackages": [
                        "org.apache.taglibs"
                     ]
                  }
               ]
            }
         ]
      }
   ],
   "sharedLibraryDetails": [
   ]
}