{"productInf":[{"name":"IBM WebSphere Application Server Network Deployment","id":"ND","version":"9.0.0.4","buildDate":"5/23/17","buildLevel":"cf041721.01"},{"name":"IBM SDK, Java Technology Edition, Version 8","id":"JAVA8","version":"8.0.3.0","buildDate":"04/28/16","buildLevel":"pxa6480sr3-20160428_01"}],"profiles":[{"name":"AppSrv01","profilePath":"/opt/IBM/WebSphere/AppServer/profiles/AppSrv01","cellName":"ioaCPINode01Cell","dmgrName":null,"nodes":null,"servers":null,"clusterNames":null,"applications":["/opt/IBM/WebSphere/AppServer/profiles/AppSrv01/config/cells/ioaCPINode01Cell/applications/query.ear/query.ear","/opt/IBM/WebSphere/AppServer/profiles/AppSrv01/config/cells/ioaCPINode01Cell/applications/DefaultApplication.ear/DefaultApplication.ear","/opt/IBM/WebSphere/AppServer/profiles/AppSrv01/config/cells/ioaCPINode01Cell/applications/Trade.ear/Trade.ear","/opt/IBM/WebSphere/AppServer/profiles/AppSrv01/config/cells/ioaCPINode01Cell/applications/lauren_war.ear/lauren_war.ear","/opt/IBM/WebSphere/AppServer/profiles/AppSrv01/config/cells/ioaCPINode01Cell/applications/DayTrader-EE6.ear/DayTrader-EE6.ear"],"appToClusterMapping":null,"isStandalone":true,"webSphereVersion":"was90","javaVersion":"ibm8"}]}