{
   "report": "analysis",
   "version": "1.1",
   "totalRulesFlagged": 2,
   "filesAffected": 2,
   "totalResults": 2,
   "options": [
      "--sourceAppServer=was90",
      "--sourceJava=ibm8",
      "--targetAppServer=was90",
      "--targetJava=ibm8",
      "--targetCloud=wasVM",
      "--excludePackages=com.ibm.websphere,com.ibm.ws,com.ibm.db2,com.informix,com.microsoft,com.sybase,com.sun,java,javax,net,oracle,org,sqlj,_ibmjsp"
   ],
   "severitySummary": [
      {
         "severity": "Warning",
         "totalRulesFlagged": 2,
         "totalResults": 2
      }
   ],
   "applications": [
      "/opt/IBM/WebSphere/AppServer/profiles/AppSrv01/config/cells/ioaCPINode01Cell/applications/query.ear/query.ear"
   ],
   "rules": [
      {
         "ruleName": "Java EE security",
         "severity": "Warning",
         "category": "Technology connectivity considerations for IBM Cloud",
         "results": [
            {
               "fileName": "query.ear/querybean.jar/META-INF/ejb-jar.xml",
               "details": [
                  {
                     "reference": null,
                     "match": "method-permission",
                     "lineNumber": 17
                  }
               ]
            }
         ]
      },
      {
         "ruleName": "Remote EJB providers",
         "severity": "Warning",
         "category": "Technology connectivity considerations for IBM Cloud (not Liberty Core)",
         "results": [
            {
               "fileName": "query.ear/querybean.jar/com/ibm/ejs/container/_EJSWrapper_Stub.class",
               "details": [
                  {
                     "reference": "Class implements",
                     "match": "javax.ejb.EJBObject",
                     "lineNumber": 0
                  }
               ]
            }
         ]
      }
   ]
}