{
   "report": "analysis",
   "version": "1.1",
   "totalRulesFlagged": 11,
   "filesAffected": 20,
   "totalResults": 28,
   "options": [
      "--sourceAppServer=was90",
      "--sourceJava=ibm8",
      "--targetAppServer=was90",
      "--targetJava=ibm8",
      "--targetCloud=wasVM",
      "--excludePackages=com.ibm.websphere,com.ibm.ws,com.ibm.db2,com.informix,com.microsoft,com.sybase,com.sun,java,javax,net,oracle,org,sqlj,_ibmjsp"
   ],
   "severitySummary": [
      {
         "severity": "Warning",
         "totalRulesFlagged": 11,
         "totalResults": 28
      }
   ],
   "applications": [
      "/opt/IBM/WebSphere/AppServer/profiles/AppSrv01/config/cells/ioaCPINode01Cell/applications/Trade.ear/Trade.ear"
   ],
   "rules": [
      {
         "ruleName": "Databases",
         "severity": "Warning",
         "category": "Technology connectivity considerations for IBM Cloud",
         "results": [
            {
               "fileName": "Trade.ear/tradeEJB.jar/com/ibm/websphere/samples/trade/MarketSummaryDataBean.class",
               "details": [
                  {
                     "reference": "Constructor",
                     "match": "java.sql",
                     "lineNumber": 0
                  }
               ]
            },
            {
               "fileName": "Trade.ear/tradeWeb.war/WEB-INF/classes/com/ibm/websphere/samples/trade/web/prims/PingServlet2JNDI.class",
               "details": [
                  {
                     "reference": "Method doGet",
                     "match": "javax.sql",
                     "lineNumber": 63
                  }
               ]
            }
         ]
      },
      {
         "ruleName": "Do not start unmanaged threads within the web or EJB container",
         "severity": "Warning",
         "category": "All application servers",
         "results": [
            {
               "fileName": "Trade.ear/tradeEJB.jar/com/ibm/websphere/samples/trade/client/TradeClient.class",
               "details": [
                  {
                     "reference": "Method startClient",
                     "match": "java.lang.Thread.start(*)",
                     "lineNumber": 76
                  }
               ]
            },
            {
               "fileName": "Trade.ear/tradeEJB.jar/com/ibm/websphere/samples/trade/client/ws/ClientApp.class",
               "details": [
                  {
                     "reference": "Method startScenario",
                     "match": "java.lang.Thread.start(*)",
                     "lineNumber": 1418
                  }
               ]
            }
         ]
      },
      {
         "ruleName": "Java EE security",
         "severity": "Warning",
         "category": "Technology connectivity considerations for IBM Cloud",
         "results": [
            {
               "fileName": "Trade.ear/tradeEJB.jar/META-INF/ejb-jar.xml",
               "details": [
                  {
                     "reference": null,
                     "match": "method-permission",
                     "lineNumber": 783
                  }
               ]
            }
         ]
      },
      {
         "ruleName": "Java Message Service (JMS)",
         "severity": "Warning",
         "category": "Technology connectivity considerations for IBM Cloud (not Liberty Core)",
         "results": [
            {
               "fileName": "Trade.ear/tradeEJB.jar/com/ibm/websphere/samples/trade/client/TradeClientMessageListener.class",
               "details": [
                  {
                     "reference": "Method subscribe",
                     "match": "javax.jms.ConnectionFactory",
                     "lineNumber": 35
                  }
               ]
            },
            {
               "fileName": "Trade.ear/tradeStreamerAppClient.jar/com/ibm/websphere/samples/trade/client/TradeClientMessageListener.class",
               "details": [
                  {
                     "reference": "Method subscribe",
                     "match": "javax.jms.ConnectionFactory",
                     "lineNumber": 35
                  }
               ]
            },
            {
               "fileName": "Trade.ear/tradeWeb.war/WEB-INF/classes/com/ibm/websphere/samples/trade/web/prims/PingServlet2MDBQueue.class",
               "details": [
                  {
                     "reference": "Field connFactory",
                     "match": "javax.jms.ConnectionFactory",
                     "lineNumber": 0
                  }
               ]
            }
         ]
      },
      {
         "ruleName": "Message-Driven Beans (MDB)",
         "severity": "Warning",
         "category": "Technology connectivity considerations for IBM Cloud (not Liberty Core)",
         "results": [
            {
               "fileName": "Trade.ear/tradeEJB.jar/com/ibm/websphere/samples/trade/ejb/TradeBrokerMDB.class",
               "details": [
                  {
                     "reference": "Class implements",
                     "match": "javax.ejb.MessageDrivenBean",
                     "lineNumber": 0
                  }
               ]
            }
         ]
      },
      {
         "ruleName": "Remote EJB lookups",
         "severity": "Warning",
         "category": "Technology connectivity considerations for IBM Cloud (not Liberty Core)",
         "results": [
            {
               "fileName": "Trade.ear/tradeEJB.jar/META-INF/ejb-jar.xml",
               "details": [
                  {
                     "reference": null,
                     "match": "home",
                     "lineNumber": 31
                  }
               ]
            },
            {
               "fileName": "Trade.ear/tradeStreamerAppClient.jar/META-INF/application-client.xml",
               "details": [
                  {
                     "reference": null,
                     "match": "home",
                     "lineNumber": 10
                  }
               ]
            },
            {
               "fileName": "Trade.ear/tradeWeb.war/WEB-INF/web.xml",
               "details": [
                  {
                     "reference": null,
                     "match": "home",
                     "lineNumber": 399
                  }
               ]
            }
         ]
      },
      {
         "ruleName": "Remote EJB providers",
         "severity": "Warning",
         "category": "Technology connectivity considerations for IBM Cloud (not Liberty Core)",
         "results": [
            {
               "fileName": "Trade.ear/tradeEJB.jar/com/ibm/ejs/container/_EJSWrapper_Tie.class",
               "details": [
                  {
                     "reference": "Method _get_EJBHome",
                     "match": "javax.ejb.EJBHome",
                     "lineNumber": 0
                  }
               ]
            }
         ]
      },
      {
         "ruleName": "Remote web services",
         "severity": "Warning",
         "category": "Technology connectivity considerations for IBM Cloud (WebSphere traditional)",
         "results": [
            {
               "fileName": "Trade.ear/tradeEJB.jar/com/ibm/websphere/samples/trade/client/ws/ClientScenario.class",
               "details": [
                  {
                     "reference": "Method getTrade",
                     "match": "javax.xml.rpc.Service",
                     "lineNumber": 143
                  }
               ]
            },
            {
               "fileName": "Trade.ear/tradeWSAppClient.jar/META-INF/application-client.xml",
               "details": [
                  {
                     "reference": null,
                     "match": "service-ref",
                     "lineNumber": 5
                  }
               ]
            },
            {
               "fileName": "Trade.ear/tradeWSAppClient.jar/com/ibm/websphere/samples/trade/client/ws/ClientScenario.class",
               "details": [
                  {
                     "reference": "Method getTrade",
                     "match": "javax.xml.rpc.Service",
                     "lineNumber": 143
                  }
               ]
            },
            {
               "fileName": "Trade.ear/tradeWeb.war/WEB-INF/ibm-webservicesclient-bnd.xmi",
               "details": [
                  {
                     "reference": null,
                     "match": "(.*/)?WEB-INF/ibm-webservicesclient-(bnd|ext)\\.xmi",
                     "lineNumber": 0
                  }
               ]
            },
            {
               "fileName": "Trade.ear/tradeWeb.war/WEB-INF/web.xml",
               "details": [
                  {
                     "reference": null,
                     "match": "service-ref",
                     "lineNumber": 424
                  }
               ]
            }
         ]
      },
      {
         "ruleName": "Validate the URL host and port for cloud access",
         "severity": "Warning",
         "category": "Connectivity considerations for IBM Cloud (Docker and WebSphere on Cloud)",
         "results": [
            {
               "fileName": "Trade.ear/tradeEJB.jar/com/ibm/websphere/samples/trade/TradeConfig.class",
               "details": [
                  {
                     "reference": "Static initializer",
                     "match": "http://localhost/trade/services/TradeWSServices?wsdl",
                     "lineNumber": 0
                  }
               ]
            },
            {
               "fileName": "Trade.ear/tradeEJB.jar/com/ibm/websphere/samples/trade/client/ws/ClientScenario.class",
               "details": [
                  {
                     "reference": "Method getTrade",
                     "match": "http://trade.samples.websphere.ibm.com",
                     "lineNumber": 142
                  },
                  {
                     "reference": "Method getTrade",
                     "match": "http://trade.samples.websphere.ibm.com",
                     "lineNumber": 144
                  },
                  {
                     "reference": "Static initializer",
                     "match": "http://localhost:9080/trade/services/TradeWSServices?wsdl",
                     "lineNumber": 41
                  }
               ]
            },
            {
               "fileName": "Trade.ear/tradeEJB.jar/com/ibm/websphere/samples/trade/soap/TradeWebSoapProxy.class",
               "details": [
                  {
                     "reference": "Method getPortFromFactory",
                     "match": "http://trade.samples.websphere.ibm.com",
                     "lineNumber": 0
                  }
               ]
            },
            {
               "fileName": "Trade.ear/tradeWSAppClient.jar/META-INF/wsdl/TradeServices.wsdl",
               "details": [
                  {
                     "reference": null,
                     "match": "address.location=http://localhost:9080/trade/services/TradeWSServices",
                     "lineNumber": 1271
                  }
               ]
            },
            {
               "fileName": "Trade.ear/tradeWSAppClient.jar/com/ibm/websphere/samples/trade/client/ws/ClientScenario.class",
               "details": [
                  {
                     "reference": "Method getTrade",
                     "match": "http://trade.samples.websphere.ibm.com",
                     "lineNumber": 142
                  },
                  {
                     "reference": "Method getTrade",
                     "match": "http://trade.samples.websphere.ibm.com",
                     "lineNumber": 144
                  },
                  {
                     "reference": "Static initializer",
                     "match": "http://localhost:9080/trade/services/TradeWSServices?wsdl",
                     "lineNumber": 41
                  }
               ]
            },
            {
               "fileName": "Trade.ear/tradeWeb.war/WEB-INF/wsdl/TradeServices.wsdl",
               "details": [
                  {
                     "reference": null,
                     "match": "address.location=http://localhost:9080/trade/services/TradeWSServices",
                     "lineNumber": 1271
                  }
               ]
            }
         ]
      }
   ]
}