{
   "report": "analysis",
   "version": "1.1",
   "totalRulesFlagged": 20,
   "filesAffected": 56,
   "totalResults": 361,
   "options": [
      "--sourceAppServer=was90",
      "--sourceJava=ibm8",
      "--targetAppServer=liberty",
      "--targetJava=ibm8",
      "--targetCloud=docker",
      "--excludePackages=com.ibm.websphere,com.ibm.ws,com.ibm.db2,com.informix,com.microsoft,com.sybase,com.sun,java,javax,net,oracle,org,sqlj,_ibmjsp"
   ],
   "severitySummary": [
      {
         "severity": "Severe",
         "totalRulesFlagged": 6,
         "totalResults": 250
      },
      {
         "severity": "Warning",
         "totalRulesFlagged": 14,
         "totalResults": 111
      }
   ],
   "applications": [
      "/opt/IBM/WebSphere/AppServer/profiles/AppSrv01/config/cells/ioaCPINode01Cell/applications/Trade.ear/Trade.ear"
   ],
   "rules": [
      {
         "ruleName": "Behavior change on lookups for Enterprise JavaBeans",
         "severity": "Severe",
         "category": "WebSphere traditional to Liberty",
         "results": [
            {
               "fileName": "Trade.ear/tradeEJB.jar/META-INF/ibm-ejb-jar-bnd.xmi",
               "details": [
                  {
                     "reference": null,
                     "match": "ejbRefBindings.jndiName=ejb/AccountEJB",
                     "lineNumber": 22
                  },
                  {
                     "reference": null,
                     "match": "ejbRefBindings.jndiName=ejb/AccountProfileEJB",
                     "lineNumber": 34
                  },
                  {
                     "reference": null,
                     "match": "ejbRefBindings.jndiName=ejb/AccountProfileEJB",
                     "lineNumber": 82
                  },
                  {
                     "reference": null,
                     "match": "ejbRefBindings.jndiName=ejb/HoldingEJB",
                     "lineNumber": 25
                  },
                  {
                     "reference": null,
                     "match": "ejbRefBindings.jndiName=ejb/KeyGenEJB",
                     "lineNumber": 70
                  },
                  {
                     "reference": null,
                     "match": "ejbRefBindings.jndiName=ejb/KeySequenceEJB",
                     "lineNumber": 31
                  },
                  {
                     "reference": null,
                     "match": "ejbRefBindings.jndiName=ejb/OrderEJB",
                     "lineNumber": 28
                  },
                  {
                     "reference": null,
                     "match": "ejbRefBindings.jndiName=ejb/QuoteEJB",
                     "lineNumber": 19
                  },
                  {
                     "reference": null,
                     "match": "ejbRefBindings.jndiName=ejb/TradeEJB",
                     "lineNumber": 16
                  },
                  {
                     "reference": null,
                     "match": "ejbRefBindings.jndiName=ejb/TradeEJB",
                     "lineNumber": 52
                  }
               ]
            },
            {
               "fileName": "Trade.ear/tradeWeb.war/WEB-INF/ibm-web-bnd.xmi",
               "details": [
                  {
                     "reference": null,
                     "match": "ejbRefBindings.jndiName=ejb/AccountEJB",
                     "lineNumber": 23
                  },
                  {
                     "reference": null,
                     "match": "ejbRefBindings.jndiName=ejb/QuoteEJB",
                     "lineNumber": 17
                  },
                  {
                     "reference": null,
                     "match": "ejbRefBindings.jndiName=ejb/QuoteEJB",
                     "lineNumber": 20
                  },
                  {
                     "reference": null,
                     "match": "ejbRefBindings.jndiName=ejb/TradeEJB",
                     "lineNumber": 14
                  }
               ]
            }
         ]
      },
      {
         "ruleName": "Databases",
         "severity": "Warning",
         "category": "Technology connectivity considerations for IBM Cloud",
         "results": [
            {
               "fileName": "Trade.ear/tradeEJB.jar/com/ibm/websphere/samples/trade/MarketSummaryDataBean.class",
               "details": [
                  {
                     "reference": "Constructor",
                     "match": "java.sql",
                     "lineNumber": 0
                  }
               ]
            },
            {
               "fileName": "Trade.ear/tradeWeb.war/WEB-INF/classes/com/ibm/websphere/samples/trade/web/prims/PingServlet2JNDI.class",
               "details": [
                  {
                     "reference": "Method doGet",
                     "match": "javax.sql",
                     "lineNumber": 63
                  }
               ]
            }
         ]
      },
      {
         "ruleName": "Do not start unmanaged threads within the web or EJB container",
         "severity": "Warning",
         "category": "All application servers",
         "results": [
            {
               "fileName": "Trade.ear/tradeEJB.jar/com/ibm/websphere/samples/trade/client/TradeClient.class",
               "details": [
                  {
                     "reference": "Method startClient",
                     "match": "java.lang.Thread.start(*)",
                     "lineNumber": 76
                  }
               ]
            },
            {
               "fileName": "Trade.ear/tradeEJB.jar/com/ibm/websphere/samples/trade/client/ws/ClientApp.class",
               "details": [
                  {
                     "reference": "Method startScenario",
                     "match": "java.lang.Thread.start(*)",
                     "lineNumber": 1418
                  }
               ]
            }
         ]
      },
      {
         "ruleName": "Do not use the HttpSession invalidate method for programmatic security logout in Servlet 3.0",
         "severity": "Warning",
         "category": "Java EE 6 / Servlet 3.0",
         "results": [
            {
               "fileName": "Trade.ear/tradeWeb.war/WEB-INF/classes/com/ibm/websphere/samples/trade/web/TradeServletAction.class",
               "details": [
                  {
                     "reference": "Method doLogout",
                     "match": "javax.servlet.http.HttpSession.invalidate(*)",
                     "lineNumber": 445
                  }
               ]
            },
            {
               "fileName": "Trade.ear/tradeWeb.war/WEB-INF/classes/com/ibm/websphere/samples/trade/web/prims/PingSession2.class",
               "details": [
                  {
                     "reference": "Method doGet",
                     "match": "javax.servlet.http.HttpSession.invalidate(*)",
                     "lineNumber": 76
                  }
               ]
            },
            {
               "fileName": "Trade.ear/tradeWeb.war/WEB-INF/classes/com/ibm/websphere/samples/trade/web/prims/PingSession3.class",
               "details": [
                  {
                     "reference": "Method doGet",
                     "match": "javax.servlet.http.HttpSession.invalidate(*)",
                     "lineNumber": 101
                  }
               ]
            }
         ]
      },
      {
         "ruleName": "Entity Enterprise JavaBeans (EJB) are unavailable",
         "severity": "Severe",
         "category": "Java Technology Support for Liberty",
         "results": [
            {
               "fileName": "Trade.ear/tradeEJB.jar/META-INF/ejb-jar.xml",
               "details": [
                  {
                     "reference": null,
                     "match": "entity",
                     "lineNumber": 112
                  },
                  {
                     "reference": null,
                     "match": "entity",
                     "lineNumber": 216
                  },
                  {
                     "reference": null,
                     "match": "entity",
                     "lineNumber": 272
                  },
                  {
                     "reference": null,
                     "match": "entity",
                     "lineNumber": 400
                  },
                  {
                     "reference": null,
                     "match": "entity",
                     "lineNumber": 434
                  },
                  {
                     "reference": null,
                     "match": "entity",
                     "lineNumber": 530
                  }
               ]
            }
         ]
      },
      {
         "ruleName": "Java API for XML-based RPC (JAX-RPC) is unavailable",
         "severity": "Severe",
         "category": "Java Technology Support for Liberty",
         "results": [
            {
               "fileName": "Trade.ear/tradeEJB.jar/com/ibm/websphere/samples/trade/client/ws/ClientScenario.class",
               "details": [
                  {
                     "reference": "Method getTrade",
                     "match": "javax.xml.rpc",
                     "lineNumber": 143
                  },
                  {
                     "reference": "Method getTrade",
                     "match": "javax.xml.rpc",
                     "lineNumber": 145
                  },
                  {
                     "reference": "Method getTrade",
                     "match": "javax.xml.rpc",
                     "lineNumber": 147
                  },
                  {
                     "reference": "Method getTrade",
                     "match": "javax.xml.rpc",
                     "lineNumber": 148
                  },
                  {
                     "reference": "Method getTrade - Throws exception",
                     "match": "javax.xml.rpc",
                     "lineNumber": 0
                  }
               ]
            },
            {
               "fileName": "Trade.ear/tradeEJB.jar/com/ibm/websphere/samples/trade/client/ws/Trade.class",
               "details": [
                  {
                     "reference": "Class implements",
                     "match": "javax.xml.rpc",
                     "lineNumber": 0
                  },
                  {
                     "reference": "Method getTradeWSServices - Throws exception",
                     "match": "javax.xml.rpc",
                     "lineNumber": 0
                  }
               ]
            },
            {
               "fileName": "Trade.ear/tradeEJB.jar/com/ibm/websphere/samples/trade/soap/TradeWebSoapProxy.class",
               "details": [
                  {
                     "reference": "Method getPortFromFactory - Throws exception",
                     "match": "javax.xml.rpc",
                     "lineNumber": 0
                  },
                  {
                     "reference": "Method getTrade",
                     "match": "javax.xml.rpc",
                     "lineNumber": 0
                  }
               ]
            },
            {
               "fileName": "Trade.ear/tradeWSAppClient.jar/com/ibm/websphere/samples/trade/client/ws/ClientScenario.class",
               "details": [
                  {
                     "reference": "Method getTrade",
                     "match": "javax.xml.rpc",
                     "lineNumber": 143
                  },
                  {
                     "reference": "Method getTrade",
                     "match": "javax.xml.rpc",
                     "lineNumber": 145
                  },
                  {
                     "reference": "Method getTrade",
                     "match": "javax.xml.rpc",
                     "lineNumber": 147
                  },
                  {
                     "reference": "Method getTrade",
                     "match": "javax.xml.rpc",
                     "lineNumber": 148
                  },
                  {
                     "reference": "Method getTrade - Throws exception",
                     "match": "javax.xml.rpc",
                     "lineNumber": 0
                  }
               ]
            },
            {
               "fileName": "Trade.ear/tradeWSAppClient.jar/com/ibm/websphere/samples/trade/client/ws/Trade.class",
               "details": [
                  {
                     "reference": "Class implements",
                     "match": "javax.xml.rpc",
                     "lineNumber": 0
                  },
                  {
                     "reference": "Method getTradeWSServices - Throws exception",
                     "match": "javax.xml.rpc",
                     "lineNumber": 0
                  }
               ]
            },
            {
               "fileName": "Trade.ear/tradeWeb.war/WEB-INF/web.xml",
               "details": [
                  {
                     "reference": null,
                     "match": "jaxrpc-mapping-file",
                     "lineNumber": 429
                  }
               ]
            },
            {
               "fileName": "Trade.ear/tradeWeb.war/WEB-INF/webservices.xml",
               "details": [
                  {
                     "reference": null,
                     "match": "jaxrpc-mapping-file",
                     "lineNumber": 7
                  }
               ]
            }
         ]
      },
      {
         "ruleName": "Java EE security",
         "severity": "Warning",
         "category": "Technology connectivity considerations for IBM Cloud",
         "results": [
            {
               "fileName": "Trade.ear/tradeEJB.jar/META-INF/ejb-jar.xml",
               "details": [
                  {
                     "reference": null,
                     "match": "method-permission",
                     "lineNumber": 783
                  }
               ]
            }
         ]
      },
      {
         "ruleName": "Java Message Service (JMS)",
         "severity": "Warning",
         "category": "Technology connectivity considerations for IBM Cloud (not Liberty Core)",
         "results": [
            {
               "fileName": "Trade.ear/tradeEJB.jar/com/ibm/websphere/samples/trade/client/TradeClientMessageListener.class",
               "details": [
                  {
                     "reference": "Method subscribe",
                     "match": "javax.jms.ConnectionFactory",
                     "lineNumber": 35
                  }
               ]
            },
            {
               "fileName": "Trade.ear/tradeStreamerAppClient.jar/com/ibm/websphere/samples/trade/client/TradeClientMessageListener.class",
               "details": [
                  {
                     "reference": "Method subscribe",
                     "match": "javax.jms.ConnectionFactory",
                     "lineNumber": 35
                  }
               ]
            },
            {
               "fileName": "Trade.ear/tradeWeb.war/WEB-INF/classes/com/ibm/websphere/samples/trade/web/prims/PingServlet2MDBQueue.class",
               "details": [
                  {
                     "reference": "Field connFactory",
                     "match": "javax.jms.ConnectionFactory",
                     "lineNumber": 0
                  }
               ]
            }
         ]
      },
      {
         "ruleName": "Message-Driven Beans (MDB)",
         "severity": "Warning",
         "category": "Technology connectivity considerations for IBM Cloud (not Liberty Core)",
         "results": [
            {
               "fileName": "Trade.ear/tradeEJB.jar/com/ibm/websphere/samples/trade/ejb/TradeBrokerMDB.class",
               "details": [
                  {
                     "reference": "Class implements",
                     "match": "javax.ejb.MessageDrivenBean",
                     "lineNumber": 0
                  }
               ]
            }
         ]
      },
      {
         "ruleName": "Remote EJB lookups",
         "severity": "Warning",
         "category": "Technology connectivity considerations for IBM Cloud (not Liberty Core)",
         "results": [
            {
               "fileName": "Trade.ear/tradeEJB.jar/META-INF/ejb-jar.xml",
               "details": [
                  {
                     "reference": null,
                     "match": "home",
                     "lineNumber": 31
                  }
               ]
            },
            {
               "fileName": "Trade.ear/tradeStreamerAppClient.jar/META-INF/application-client.xml",
               "details": [
                  {
                     "reference": null,
                     "match": "home",
                     "lineNumber": 10
                  }
               ]
            },
            {
               "fileName": "Trade.ear/tradeWeb.war/WEB-INF/web.xml",
               "details": [
                  {
                     "reference": null,
                     "match": "home",
                     "lineNumber": 399
                  }
               ]
            }
         ]
      },
      {
         "ruleName": "Remote EJB providers",
         "severity": "Warning",
         "category": "Technology connectivity considerations for IBM Cloud (not Liberty Core)",
         "results": [
            {
               "fileName": "Trade.ear/tradeEJB.jar/com/ibm/ejs/container/_EJSWrapper_Tie.class",
               "details": [
                  {
                     "reference": "Method _get_EJBHome",
                     "match": "javax.ejb.EJBHome",
                     "lineNumber": 0
                  }
               ]
            }
         ]
      },
      {
         "ruleName": "Remote web services",
         "severity": "Warning",
         "category": "Technology connectivity considerations for IBM Cloud",
         "results": [
            {
               "fileName": "Trade.ear/tradeWSAppClient.jar/META-INF/application-client.xml",
               "details": [
                  {
                     "reference": null,
                     "match": "service-ref",
                     "lineNumber": 5
                  }
               ]
            },
            {
               "fileName": "Trade.ear/tradeWeb.war/WEB-INF/web.xml",
               "details": [
                  {
                     "reference": null,
                     "match": "service-ref",
                     "lineNumber": 424
                  }
               ]
            }
         ]
      },
      {
         "ruleName": "Review use of the dynamic cache service",
         "severity": "Warning",
         "category": "WebSphere traditional to Liberty",
         "results": [
            {
               "fileName": "Trade.ear/tradeEJB.jar/com/ibm/websphere/samples/trade/TradeAction.class",
               "details": [
                  {
                     "reference": "Field dmap",
                     "match": "com.ibm.websphere.cache",
                     "lineNumber": 0
                  },
                  {
                     "reference": "Method buy",
                     "match": "com.ibm.websphere.cache",
                     "lineNumber": 0
                  },
                  {
                     "reference": "Method getAccountData",
                     "match": "com.ibm.websphere.cache",
                     "lineNumber": 0
                  },
                  {
                     "reference": "Method getAccountProfileData",
                     "match": "com.ibm.websphere.cache",
                     "lineNumber": 0
                  },
                  {
                     "reference": "Method getClosedOrders",
                     "match": "com.ibm.websphere.cache",
                     "lineNumber": 0
                  },
                  {
                     "reference": "Method getHoldings",
                     "match": "com.ibm.websphere.cache",
                     "lineNumber": 0
                  },
                  {
                     "reference": "Method getMarketSummary",
                     "match": "com.ibm.websphere.cache",
                     "lineNumber": 0
                  },
                  {
                     "reference": "Method getOrders",
                     "match": "com.ibm.websphere.cache",
                     "lineNumber": 0
                  },
                  {
                     "reference": "Method getQuote",
                     "match": "com.ibm.websphere.cache",
                     "lineNumber": 0
                  },
                  {
                     "reference": "Method login",
                     "match": "com.ibm.websphere.cache",
                     "lineNumber": 0
                  },
                  {
                     "reference": "Method logout",
                     "match": "com.ibm.websphere.cache",
                     "lineNumber": 0
                  },
                  {
                     "reference": "Method orderCompleted",
                     "match": "com.ibm.websphere.cache",
                     "lineNumber": 0
                  },
                  {
                     "reference": "Method resetTrade",
                     "match": "com.ibm.websphere.cache",
                     "lineNumber": 0
                  },
                  {
                     "reference": "Method sell",
                     "match": "com.ibm.websphere.cache",
                     "lineNumber": 0
                  },
                  {
                     "reference": "Method updateAccountProfile",
                     "match": "com.ibm.websphere.cache",
                     "lineNumber": 0
                  },
                  {
                     "reference": "Method updateQuotePriceVolume",
                     "match": "com.ibm.websphere.cache",
                     "lineNumber": 0
                  },
                  {
                     "reference": "Static initializer",
                     "match": "com.ibm.websphere.cache",
                     "lineNumber": 0
                  }
               ]
            },
            {
               "fileName": "Trade.ear/tradeEJB.jar/com/ibm/websphere/samples/trade/command/ClosedOrdersCommand.class",
               "details": [
                  {
                     "reference": "Method postExecuteInvalidate",
                     "match": "com.ibm.websphere.cache",
                     "lineNumber": 0
                  }
               ]
            }
         ]
      },
      {
         "ruleName": "The InitialContext lookup method can return primitive types",
         "severity": "Warning",
         "category": "WebSphere traditional to Liberty",
         "results": [
            {
               "fileName": "Trade.ear/tradeEJB.jar/com/ibm/websphere/samples/trade/TradeAction.class",
               "details": [
                  {
                     "reference": "Method createTrade",
                     "match": "javax.naming.InitialContext.lookup(*)",
                     "lineNumber": 0
                  },
                  {
                     "reference": "Method createTrade",
                     "match": "javax.naming.InitialContext.lookup(*)",
                     "lineNumber": 0
                  }
               ]
            },
            {
               "fileName": "Trade.ear/tradeEJB.jar/com/ibm/websphere/samples/trade/client/TradeClient.class",
               "details": [
                  {
                     "reference": "Method setupEJB",
                     "match": "javax.naming.InitialContext.lookup(*)",
                     "lineNumber": 109
                  },
                  {
                     "reference": "Method setupEJB",
                     "match": "javax.naming.InitialContext.lookup(*)",
                     "lineNumber": 112
                  }
               ]
            },
            {
               "fileName": "Trade.ear/tradeEJB.jar/com/ibm/websphere/samples/trade/client/TradeClientMessageListener.class",
               "details": [
                  {
                     "reference": "Method subscribe",
                     "match": "javax.naming.InitialContext.lookup(*)",
                     "lineNumber": 35
                  },
                  {
                     "reference": "Method subscribe",
                     "match": "javax.naming.InitialContext.lookup(*)",
                     "lineNumber": 38
                  },
                  {
                     "reference": "Method subscribe",
                     "match": "javax.naming.InitialContext.lookup(*)",
                     "lineNumber": 43
                  },
                  {
                     "reference": "Method subscribe",
                     "match": "javax.naming.InitialContext.lookup(*)",
                     "lineNumber": 46
                  }
               ]
            },
            {
               "fileName": "Trade.ear/tradeEJB.jar/com/ibm/websphere/samples/trade/client/ws/ClientScenario.class",
               "details": [
                  {
                     "reference": "Method getTrade",
                     "match": "javax.naming.InitialContext.lookup(*)",
                     "lineNumber": 135
                  }
               ]
            },
            {
               "fileName": "Trade.ear/tradeEJB.jar/com/ibm/websphere/samples/trade/direct/TradeDirect.class",
               "details": [
                  {
                     "reference": "Method buy",
                     "match": "javax.naming.InitialContext.lookup(*)",
                     "lineNumber": 0
                  },
                  {
                     "reference": "Method getDataSource",
                     "match": "javax.naming.InitialContext.lookup(*)",
                     "lineNumber": 0
                  },
                  {
                     "reference": "Method init",
                     "match": "javax.naming.InitialContext.lookup(*)",
                     "lineNumber": 0
                  },
                  {
                     "reference": "Method init",
                     "match": "javax.naming.InitialContext.lookup(*)",
                     "lineNumber": 0
                  },
                  {
                     "reference": "Method init",
                     "match": "javax.naming.InitialContext.lookup(*)",
                     "lineNumber": 0
                  },
                  {
                     "reference": "Method init",
                     "match": "javax.naming.InitialContext.lookup(*)",
                     "lineNumber": 0
                  },
                  {
                     "reference": "Method init",
                     "match": "javax.naming.InitialContext.lookup(*)",
                     "lineNumber": 0
                  },
                  {
                     "reference": "Method init",
                     "match": "javax.naming.InitialContext.lookup(*)",
                     "lineNumber": 0
                  },
                  {
                     "reference": "Method sell",
                     "match": "javax.naming.InitialContext.lookup(*)",
                     "lineNumber": 0
                  }
               ]
            },
            {
               "fileName": "Trade.ear/tradeEJB.jar/com/ibm/websphere/samples/trade/ejb/AccountBean.class",
               "details": [
                  {
                     "reference": "Method setEntityContext",
                     "match": "javax.naming.InitialContext.lookup(*)",
                     "lineNumber": 0
                  }
               ]
            },
            {
               "fileName": "Trade.ear/tradeEJB.jar/com/ibm/websphere/samples/trade/ejb/KeySequenceBean.class",
               "details": [
                  {
                     "reference": "Method setSessionContext",
                     "match": "javax.naming.InitialContext.lookup(*)",
                     "lineNumber": 0
                  }
               ]
            },
            {
               "fileName": "Trade.ear/tradeEJB.jar/com/ibm/websphere/samples/trade/ejb/TradeBean.class",
               "details": [
                  {
                     "reference": "Method ejbCreate",
                     "match": "javax.naming.InitialContext.lookup(*)",
                     "lineNumber": 0
                  },
                  {
                     "reference": "Method ejbCreate",
                     "match": "javax.naming.InitialContext.lookup(*)",
                     "lineNumber": 0
                  },
                  {
                     "reference": "Method ejbCreate",
                     "match": "javax.naming.InitialContext.lookup(*)",
                     "lineNumber": 0
                  },
                  {
                     "reference": "Method ejbCreate",
                     "match": "javax.naming.InitialContext.lookup(*)",
                     "lineNumber": 0
                  },
                  {
                     "reference": "Method ejbCreate",
                     "match": "javax.naming.InitialContext.lookup(*)",
                     "lineNumber": 0
                  },
                  {
                     "reference": "Method ejbCreate",
                     "match": "javax.naming.InitialContext.lookup(*)",
                     "lineNumber": 0
                  },
                  {
                     "reference": "Method ejbCreate",
                     "match": "javax.naming.InitialContext.lookup(*)",
                     "lineNumber": 0
                  },
                  {
                     "reference": "Method ejbCreate",
                     "match": "javax.naming.InitialContext.lookup(*)",
                     "lineNumber": 0
                  },
                  {
                     "reference": "Method ejbCreate",
                     "match": "javax.naming.InitialContext.lookup(*)",
                     "lineNumber": 0
                  },
                  {
                     "reference": "Method ejbCreate",
                     "match": "javax.naming.InitialContext.lookup(*)",
                     "lineNumber": 0
                  },
                  {
                     "reference": "Method ejbCreate",
                     "match": "javax.naming.InitialContext.lookup(*)",
                     "lineNumber": 0
                  },
                  {
                     "reference": "Method ejbCreate",
                     "match": "javax.naming.InitialContext.lookup(*)",
                     "lineNumber": 0
                  },
                  {
                     "reference": "Method ejbCreate",
                     "match": "javax.naming.InitialContext.lookup(*)",
                     "lineNumber": 0
                  }
               ]
            },
            {
               "fileName": "Trade.ear/tradeEJB.jar/com/ibm/websphere/samples/trade/ejb/TradeBrokerMDB.class",
               "details": [
                  {
                     "reference": "Method ejbCreate",
                     "match": "javax.naming.InitialContext.lookup(*)",
                     "lineNumber": 0
                  },
                  {
                     "reference": "Method ejbCreate",
                     "match": "javax.naming.InitialContext.lookup(*)",
                     "lineNumber": 0
                  }
               ]
            },
            {
               "fileName": "Trade.ear/tradeEJB.jar/com/ibm/websphere/samples/trade/ejb/TradeStreamerMDB.class",
               "details": [
                  {
                     "reference": "Method ejbCreate",
                     "match": "javax.naming.InitialContext.lookup(*)",
                     "lineNumber": 0
                  }
               ]
            },
            {
               "fileName": "Trade.ear/tradeEJB.jar/com/ibm/websphere/samples/trade/soap/TradeWebSoapProxy.class",
               "details": [
                  {
                     "reference": "Method getPortFromFactory",
                     "match": "javax.naming.InitialContext.lookup(*)",
                     "lineNumber": 0
                  }
               ]
            },
            {
               "fileName": "Trade.ear/tradeStreamerAppClient.jar/com/ibm/websphere/samples/trade/client/TradeClient.class",
               "details": [
                  {
                     "reference": "Method setupEJB",
                     "match": "javax.naming.InitialContext.lookup(*)",
                     "lineNumber": 109
                  },
                  {
                     "reference": "Method setupEJB",
                     "match": "javax.naming.InitialContext.lookup(*)",
                     "lineNumber": 112
                  }
               ]
            },
            {
               "fileName": "Trade.ear/tradeStreamerAppClient.jar/com/ibm/websphere/samples/trade/client/TradeClientMessageListener.class",
               "details": [
                  {
                     "reference": "Method subscribe",
                     "match": "javax.naming.InitialContext.lookup(*)",
                     "lineNumber": 35
                  },
                  {
                     "reference": "Method subscribe",
                     "match": "javax.naming.InitialContext.lookup(*)",
                     "lineNumber": 38
                  },
                  {
                     "reference": "Method subscribe",
                     "match": "javax.naming.InitialContext.lookup(*)",
                     "lineNumber": 43
                  },
                  {
                     "reference": "Method subscribe",
                     "match": "javax.naming.InitialContext.lookup(*)",
                     "lineNumber": 46
                  }
               ]
            },
            {
               "fileName": "Trade.ear/tradeWSAppClient.jar/com/ibm/websphere/samples/trade/client/ws/ClientScenario.class",
               "details": [
                  {
                     "reference": "Method getTrade",
                     "match": "javax.naming.InitialContext.lookup(*)",
                     "lineNumber": 135
                  }
               ]
            },
            {
               "fileName": "Trade.ear/tradeWeb.war/WEB-INF/classes/com/ibm/websphere/samples/trade/web/prims/PingServlet2EntityLocal.class",
               "details": [
                  {
                     "reference": "Method doGet",
                     "match": "javax.naming.InitialContext.lookup(*)",
                     "lineNumber": 96
                  }
               ]
            },
            {
               "fileName": "Trade.ear/tradeWeb.war/WEB-INF/classes/com/ibm/websphere/samples/trade/web/prims/PingServlet2EntityRemote.class",
               "details": [
                  {
                     "reference": "Method doGet",
                     "match": "javax.naming.InitialContext.lookup(*)",
                     "lineNumber": 98
                  }
               ]
            },
            {
               "fileName": "Trade.ear/tradeWeb.war/WEB-INF/classes/com/ibm/websphere/samples/trade/web/prims/PingServlet2JNDI.class",
               "details": [
                  {
                     "reference": "Method doGet",
                     "match": "javax.naming.InitialContext.lookup(*)",
                     "lineNumber": 63
                  }
               ]
            },
            {
               "fileName": "Trade.ear/tradeWeb.war/WEB-INF/classes/com/ibm/websphere/samples/trade/web/prims/PingServlet2MDBQueue.class",
               "details": [
                  {
                     "reference": "Method doGet",
                     "match": "javax.naming.InitialContext.lookup(*)",
                     "lineNumber": 102
                  },
                  {
                     "reference": "Method doGet",
                     "match": "javax.naming.InitialContext.lookup(*)",
                     "lineNumber": 103
                  }
               ]
            },
            {
               "fileName": "Trade.ear/tradeWeb.war/WEB-INF/classes/com/ibm/websphere/samples/trade/web/prims/PingServlet2MDBTopic.class",
               "details": [
                  {
                     "reference": "Method doGet",
                     "match": "javax.naming.InitialContext.lookup(*)",
                     "lineNumber": 103
                  },
                  {
                     "reference": "Method doGet",
                     "match": "javax.naming.InitialContext.lookup(*)",
                     "lineNumber": 104
                  }
               ]
            },
            {
               "fileName": "Trade.ear/tradeWeb.war/WEB-INF/classes/com/ibm/websphere/samples/trade/web/prims/PingServlet2Session.class",
               "details": [
                  {
                     "reference": "Method doGet",
                     "match": "javax.naming.InitialContext.lookup(*)",
                     "lineNumber": 104
                  }
               ]
            },
            {
               "fileName": "Trade.ear/tradeWeb.war/WEB-INF/classes/com/ibm/websphere/samples/trade/web/prims/PingServlet2Session2CMROne2Many.class",
               "details": [
                  {
                     "reference": "Method doGet",
                     "match": "javax.naming.InitialContext.lookup(*)",
                     "lineNumber": 95
                  }
               ]
            },
            {
               "fileName": "Trade.ear/tradeWeb.war/WEB-INF/classes/com/ibm/websphere/samples/trade/web/prims/PingServlet2Session2CMROne2One.class",
               "details": [
                  {
                     "reference": "Method doGet",
                     "match": "javax.naming.InitialContext.lookup(*)",
                     "lineNumber": 93
                  }
               ]
            },
            {
               "fileName": "Trade.ear/tradeWeb.war/WEB-INF/classes/com/ibm/websphere/samples/trade/web/prims/PingServlet2Session2Entity.class",
               "details": [
                  {
                     "reference": "Method doGet",
                     "match": "javax.naming.InitialContext.lookup(*)",
                     "lineNumber": 98
                  }
               ]
            },
            {
               "fileName": "Trade.ear/tradeWeb.war/WEB-INF/classes/com/ibm/websphere/samples/trade/web/prims/PingServlet2Session2EntityCollection.class",
               "details": [
                  {
                     "reference": "Method doGet",
                     "match": "javax.naming.InitialContext.lookup(*)",
                     "lineNumber": 100
                  }
               ]
            },
            {
               "fileName": "Trade.ear/tradeWeb.war/WEB-INF/classes/com/ibm/websphere/samples/trade/web/prims/PingServlet2TwoPhase.class",
               "details": [
                  {
                     "reference": "Method doGet",
                     "match": "javax.naming.InitialContext.lookup(*)",
                     "lineNumber": 99
                  }
               ]
            }
         ]
      },
      {
         "ruleName": "The WebSphere Enterprise JavaBeans APIs are unavailable",
         "severity": "Severe",
         "category": "WebSphere traditional to Liberty",
         "results": [
            {
               "fileName": "Trade.ear/tradeEJB.jar/com/ibm/websphere/samples/trade/ejb/websphere_deploy/DB2UDBNT_V82_1/AccountBeanAdaptorBinding_b5483e03.class",
               "details": [
                  {
                     "reference": "Method getAdapter - Method return type",
                     "match": "com.ibm.websphere.ejbpersistence",
                     "lineNumber": 0
                  }
               ]
            },
            {
               "fileName": "Trade.ear/tradeEJB.jar/com/ibm/websphere/samples/trade/ejb/websphere_deploy/DB2UDBNT_V82_1/AccountProfileBeanAdaptorBinding_3bd34e70.class",
               "details": [
                  {
                     "reference": "Method getAdapter - Method return type",
                     "match": "com.ibm.websphere.ejbpersistence",
                     "lineNumber": 0
                  }
               ]
            },
            {
               "fileName": "Trade.ear/tradeEJB.jar/com/ibm/websphere/samples/trade/ejb/websphere_deploy/DB2UDBNT_V82_1/HoldingBeanAdaptorBinding_e10e4ecb.class",
               "details": [
                  {
                     "reference": "Method getAdapter - Method return type",
                     "match": "com.ibm.websphere.ejbpersistence",
                     "lineNumber": 0
                  }
               ]
            },
            {
               "fileName": "Trade.ear/tradeEJB.jar/com/ibm/websphere/samples/trade/ejb/websphere_deploy/DB2UDBNT_V82_1/KeyGenBeanAdaptorBinding_11db8b94.class",
               "details": [
                  {
                     "reference": "Method getAdapter - Method return type",
                     "match": "com.ibm.websphere.ejbpersistence",
                     "lineNumber": 0
                  }
               ]
            },
            {
               "fileName": "Trade.ear/tradeEJB.jar/com/ibm/websphere/samples/trade/ejb/websphere_deploy/DB2UDBNT_V82_1/OrderBeanAdaptorBinding_725b53ca.class",
               "details": [
                  {
                     "reference": "Method getAdapter - Method return type",
                     "match": "com.ibm.websphere.ejbpersistence",
                     "lineNumber": 0
                  }
               ]
            },
            {
               "fileName": "Trade.ear/tradeEJB.jar/com/ibm/websphere/samples/trade/ejb/websphere_deploy/DB2UDBNT_V82_1/QuoteBeanAdaptorBinding_73b52d85.class",
               "details": [
                  {
                     "reference": "Method getAdapter - Method return type",
                     "match": "com.ibm.websphere.ejbpersistence",
                     "lineNumber": 0
                  }
               ]
            }
         ]
      },
      {
         "ruleName": "The WebSphere Resource Adapter APIs are unavailable",
         "severity": "Severe",
         "category": "WebSphere traditional to Liberty",
         "results": [
            {
               "fileName": "Trade.ear/tradeEJB.jar/com/ibm/websphere/samples/trade/ejb/websphere_deploy/DB2UDBNT_V82_1/AccountBeanFunctionSet_b5483e03.class",
               "details": [
                  {
                     "reference": "Class implements",
                     "match": "com.ibm.websphere.rsadapter",
                     "lineNumber": 0
                  },
                  {
                     "reference": "Method Create - Method parameter",
                     "match": "com.ibm.websphere.rsadapter",
                     "lineNumber": 0
                  },
                  {
                     "reference": "Method FindAll - Method parameter",
                     "match": "com.ibm.websphere.rsadapter",
                     "lineNumber": 0
                  },
                  {
                     "reference": "Method FindAll444Update - Method parameter",
                     "match": "com.ibm.websphere.rsadapter",
                     "lineNumber": 0
                  },
                  {
                     "reference": "Method FindAllForUpdateWithRR - Method parameter",
                     "match": "com.ibm.websphere.rsadapter",
                     "lineNumber": 0
                  },
                  {
                     "reference": "Method FindAllForUpdateWithRS - Method parameter",
                     "match": "com.ibm.websphere.rsadapter",
                     "lineNumber": 0
                  },
                  {
                     "reference": "Method FindByPrimaryKey - Method parameter",
                     "match": "com.ibm.websphere.rsadapter",
                     "lineNumber": 0
                  },
                  {
                     "reference": "Method FindByPrimaryKey444Update - Method parameter",
                     "match": "com.ibm.websphere.rsadapter",
                     "lineNumber": 0
                  },
                  {
                     "reference": "Method FindByPrimaryKeyForUpdate - Method parameter",
                     "match": "com.ibm.websphere.rsadapter",
                     "lineNumber": 0
                  },
                  {
                     "reference": "Method FindByPrimaryKeyForUpdate444Update - Method parameter",
                     "match": "com.ibm.websphere.rsadapter",
                     "lineNumber": 0
                  },
                  {
                     "reference": "Method FindByPrimaryKeyForUpdateForUpdateWithRR - Method parameter",
                     "match": "com.ibm.websphere.rsadapter",
                     "lineNumber": 0
                  },
                  {
                     "reference": "Method FindByPrimaryKeyForUpdateForUpdateWithRS - Method parameter",
                     "match": "com.ibm.websphere.rsadapter",
                     "lineNumber": 0
                  },
                  {
                     "reference": "Method FindByPrimaryKeyForUpdateWithRR - Method parameter",
                     "match": "com.ibm.websphere.rsadapter",
                     "lineNumber": 0
                  },
                  {
                     "reference": "Method FindByPrimaryKeyForUpdateWithRS - Method parameter",
                     "match": "com.ibm.websphere.rsadapter",
                     "lineNumber": 0
                  },
                  {
                     "reference": "Method FindByUserID - Method parameter",
                     "match": "com.ibm.websphere.rsadapter",
                     "lineNumber": 0
                  },
                  {
                     "reference": "Method FindByUserID444Update - Method parameter",
                     "match": "com.ibm.websphere.rsadapter",
                     "lineNumber": 0
                  },
                  {
                     "reference": "Method FindByUserIDForUpdate - Method parameter",
                     "match": "com.ibm.websphere.rsadapter",
                     "lineNumber": 0
                  },
                  {
                     "reference": "Method FindByUserIDForUpdate444Update - Method parameter",
                     "match": "com.ibm.websphere.rsadapter",
                     "lineNumber": 0
                  },
                  {
                     "reference": "Method FindByUserIDForUpdateForUpdateWithRR - Method parameter",
                     "match": "com.ibm.websphere.rsadapter",
                     "lineNumber": 0
                  },
                  {
                     "reference": "Method FindByUserIDForUpdateForUpdateWithRS - Method parameter",
                     "match": "com.ibm.websphere.rsadapter",
                     "lineNumber": 0
                  },
                  {
                     "reference": "Method FindByUserIDForUpdateWithRR - Method parameter",
                     "match": "com.ibm.websphere.rsadapter",
                     "lineNumber": 0
                  },
                  {
                     "reference": "Method FindByUserIDForUpdateWithRS - Method parameter",
                     "match": "com.ibm.websphere.rsadapter",
                     "lineNumber": 0
                  },
                  {
                     "reference": "Method PartialStore - Method parameter",
                     "match": "com.ibm.websphere.rsadapter",
                     "lineNumber": 0
                  },
                  {
                     "reference": "Method PartialStoreUsingOCC - Method parameter",
                     "match": "com.ibm.websphere.rsadapter",
                     "lineNumber": 0
                  },
                  {
                     "reference": "Method ReadReadChecking - Method parameter",
                     "match": "com.ibm.websphere.rsadapter",
                     "lineNumber": 0
                  },
                  {
                     "reference": "Method ReadReadCheckingForUpdate - Method parameter",
                     "match": "com.ibm.websphere.rsadapter",
                     "lineNumber": 0
                  },
                  {
                     "reference": "Method Remove - Method parameter",
                     "match": "com.ibm.websphere.rsadapter",
                     "lineNumber": 0
                  },
                  {
                     "reference": "Method Store - Method parameter",
                     "match": "com.ibm.websphere.rsadapter",
                     "lineNumber": 0
                  },
                  {
                     "reference": "Method StoreUsingOCC - Method parameter",
                     "match": "com.ibm.websphere.rsadapter",
                     "lineNumber": 0
                  },
                  {
                     "reference": "Method execute - Method parameter",
                     "match": "com.ibm.websphere.rsadapter",
                     "lineNumber": 0
                  },
                  {
                     "reference": "Method findAccountByProfileKey_Local - Method parameter",
                     "match": "com.ibm.websphere.rsadapter",
                     "lineNumber": 0
                  },
                  {
                     "reference": "Method findAccountByProfileKey_Local444Update - Method parameter",
                     "match": "com.ibm.websphere.rsadapter",
                     "lineNumber": 0
                  },
                  {
                     "reference": "Method findAccountByProfileKey_LocalForUpdateWithRR - Method parameter",
                     "match": "com.ibm.websphere.rsadapter",
                     "lineNumber": 0
                  },
                  {
                     "reference": "Method findAccountByProfileKey_LocalForUpdateWithRS - Method parameter",
                     "match": "com.ibm.websphere.rsadapter",
                     "lineNumber": 0
                  }
               ]
            },
            {
               "fileName": "Trade.ear/tradeEJB.jar/com/ibm/websphere/samples/trade/ejb/websphere_deploy/DB2UDBNT_V82_1/AccountProfileBeanFunctionSet_3bd34e70.class",
               "details": [
                  {
                     "reference": "Class implements",
                     "match": "com.ibm.websphere.rsadapter",
                     "lineNumber": 0
                  },
                  {
                     "reference": "Method Create - Method parameter",
                     "match": "com.ibm.websphere.rsadapter",
                     "lineNumber": 0
                  },
                  {
                     "reference": "Method FindAll - Method parameter",
                     "match": "com.ibm.websphere.rsadapter",
                     "lineNumber": 0
                  },
                  {
                     "reference": "Method FindAll444Update - Method parameter",
                     "match": "com.ibm.websphere.rsadapter",
                     "lineNumber": 0
                  },
                  {
                     "reference": "Method FindAllForUpdateWithRR - Method parameter",
                     "match": "com.ibm.websphere.rsadapter",
                     "lineNumber": 0
                  },
                  {
                     "reference": "Method FindAllForUpdateWithRS - Method parameter",
                     "match": "com.ibm.websphere.rsadapter",
                     "lineNumber": 0
                  },
                  {
                     "reference": "Method FindByPrimaryKey - Method parameter",
                     "match": "com.ibm.websphere.rsadapter",
                     "lineNumber": 0
                  },
                  {
                     "reference": "Method FindByPrimaryKey444Update - Method parameter",
                     "match": "com.ibm.websphere.rsadapter",
                     "lineNumber": 0
                  },
                  {
                     "reference": "Method FindByPrimaryKeyForUpdate - Method parameter",
                     "match": "com.ibm.websphere.rsadapter",
                     "lineNumber": 0
                  },
                  {
                     "reference": "Method FindByPrimaryKeyForUpdate444Update - Method parameter",
                     "match": "com.ibm.websphere.rsadapter",
                     "lineNumber": 0
                  },
                  {
                     "reference": "Method FindByPrimaryKeyForUpdateForUpdateWithRR - Method parameter",
                     "match": "com.ibm.websphere.rsadapter",
                     "lineNumber": 0
                  },
                  {
                     "reference": "Method FindByPrimaryKeyForUpdateForUpdateWithRS - Method parameter",
                     "match": "com.ibm.websphere.rsadapter",
                     "lineNumber": 0
                  },
                  {
                     "reference": "Method FindByPrimaryKeyForUpdateWithRR - Method parameter",
                     "match": "com.ibm.websphere.rsadapter",
                     "lineNumber": 0
                  },
                  {
                     "reference": "Method FindByPrimaryKeyForUpdateWithRS - Method parameter",
                     "match": "com.ibm.websphere.rsadapter",
                     "lineNumber": 0
                  },
                  {
                     "reference": "Method PartialStore - Method parameter",
                     "match": "com.ibm.websphere.rsadapter",
                     "lineNumber": 0
                  },
                  {
                     "reference": "Method PartialStoreUsingOCC - Method parameter",
                     "match": "com.ibm.websphere.rsadapter",
                     "lineNumber": 0
                  },
                  {
                     "reference": "Method ReadReadChecking - Method parameter",
                     "match": "com.ibm.websphere.rsadapter",
                     "lineNumber": 0
                  },
                  {
                     "reference": "Method ReadReadCheckingForUpdate - Method parameter",
                     "match": "com.ibm.websphere.rsadapter",
                     "lineNumber": 0
                  },
                  {
                     "reference": "Method Remove - Method parameter",
                     "match": "com.ibm.websphere.rsadapter",
                     "lineNumber": 0
                  },
                  {
                     "reference": "Method Store - Method parameter",
                     "match": "com.ibm.websphere.rsadapter",
                     "lineNumber": 0
                  },
                  {
                     "reference": "Method StoreUsingOCC - Method parameter",
                     "match": "com.ibm.websphere.rsadapter",
                     "lineNumber": 0
                  },
                  {
                     "reference": "Method execute - Method parameter",
                     "match": "com.ibm.websphere.rsadapter",
                     "lineNumber": 0
                  }
               ]
            },
            {
               "fileName": "Trade.ear/tradeEJB.jar/com/ibm/websphere/samples/trade/ejb/websphere_deploy/DB2UDBNT_V82_1/HoldingBeanFunctionSet_e10e4ecb.class",
               "details": [
                  {
                     "reference": "Class implements",
                     "match": "com.ibm.websphere.rsadapter",
                     "lineNumber": 0
                  },
                  {
                     "reference": "Method Create - Method parameter",
                     "match": "com.ibm.websphere.rsadapter",
                     "lineNumber": 0
                  },
                  {
                     "reference": "Method FindAll - Method parameter",
                     "match": "com.ibm.websphere.rsadapter",
                     "lineNumber": 0
                  },
                  {
                     "reference": "Method FindAll444Update - Method parameter",
                     "match": "com.ibm.websphere.rsadapter",
                     "lineNumber": 0
                  },
                  {
                     "reference": "Method FindAllForUpdateWithRR - Method parameter",
                     "match": "com.ibm.websphere.rsadapter",
                     "lineNumber": 0
                  },
                  {
                     "reference": "Method FindAllForUpdateWithRS - Method parameter",
                     "match": "com.ibm.websphere.rsadapter",
                     "lineNumber": 0
                  },
                  {
                     "reference": "Method FindByAccountID - Method parameter",
                     "match": "com.ibm.websphere.rsadapter",
                     "lineNumber": 0
                  },
                  {
                     "reference": "Method FindByAccountID444Update - Method parameter",
                     "match": "com.ibm.websphere.rsadapter",
                     "lineNumber": 0
                  },
                  {
                     "reference": "Method FindByAccountIDForUpdateWithRR - Method parameter",
                     "match": "com.ibm.websphere.rsadapter",
                     "lineNumber": 0
                  },
                  {
                     "reference": "Method FindByAccountIDForUpdateWithRS - Method parameter",
                     "match": "com.ibm.websphere.rsadapter",
                     "lineNumber": 0
                  },
                  {
                     "reference": "Method FindByPrimaryKey - Method parameter",
                     "match": "com.ibm.websphere.rsadapter",
                     "lineNumber": 0
                  },
                  {
                     "reference": "Method FindByPrimaryKey444Update - Method parameter",
                     "match": "com.ibm.websphere.rsadapter",
                     "lineNumber": 0
                  },
                  {
                     "reference": "Method FindByPrimaryKeyForUpdate - Method parameter",
                     "match": "com.ibm.websphere.rsadapter",
                     "lineNumber": 0
                  },
                  {
                     "reference": "Method FindByPrimaryKeyForUpdate444Update - Method parameter",
                     "match": "com.ibm.websphere.rsadapter",
                     "lineNumber": 0
                  },
                  {
                     "reference": "Method FindByPrimaryKeyForUpdateForUpdateWithRR - Method parameter",
                     "match": "com.ibm.websphere.rsadapter",
                     "lineNumber": 0
                  },
                  {
                     "reference": "Method FindByPrimaryKeyForUpdateForUpdateWithRS - Method parameter",
                     "match": "com.ibm.websphere.rsadapter",
                     "lineNumber": 0
                  },
                  {
                     "reference": "Method FindByPrimaryKeyForUpdateWithRR - Method parameter",
                     "match": "com.ibm.websphere.rsadapter",
                     "lineNumber": 0
                  },
                  {
                     "reference": "Method FindByPrimaryKeyForUpdateWithRS - Method parameter",
                     "match": "com.ibm.websphere.rsadapter",
                     "lineNumber": 0
                  },
                  {
                     "reference": "Method FindByUserID - Method parameter",
                     "match": "com.ibm.websphere.rsadapter",
                     "lineNumber": 0
                  },
                  {
                     "reference": "Method FindByUserID444Update - Method parameter",
                     "match": "com.ibm.websphere.rsadapter",
                     "lineNumber": 0
                  },
                  {
                     "reference": "Method FindByUserIDForUpdateWithRR - Method parameter",
                     "match": "com.ibm.websphere.rsadapter",
                     "lineNumber": 0
                  },
                  {
                     "reference": "Method FindByUserIDForUpdateWithRS - Method parameter",
                     "match": "com.ibm.websphere.rsadapter",
                     "lineNumber": 0
                  },
                  {
                     "reference": "Method PartialStore - Method parameter",
                     "match": "com.ibm.websphere.rsadapter",
                     "lineNumber": 0
                  },
                  {
                     "reference": "Method PartialStoreUsingOCC - Method parameter",
                     "match": "com.ibm.websphere.rsadapter",
                     "lineNumber": 0
                  },
                  {
                     "reference": "Method ReadReadChecking - Method parameter",
                     "match": "com.ibm.websphere.rsadapter",
                     "lineNumber": 0
                  },
                  {
                     "reference": "Method ReadReadCheckingForUpdate - Method parameter",
                     "match": "com.ibm.websphere.rsadapter",
                     "lineNumber": 0
                  },
                  {
                     "reference": "Method Remove - Method parameter",
                     "match": "com.ibm.websphere.rsadapter",
                     "lineNumber": 0
                  },
                  {
                     "reference": "Method Store - Method parameter",
                     "match": "com.ibm.websphere.rsadapter",
                     "lineNumber": 0
                  },
                  {
                     "reference": "Method StoreUsingOCC - Method parameter",
                     "match": "com.ibm.websphere.rsadapter",
                     "lineNumber": 0
                  },
                  {
                     "reference": "Method execute - Method parameter",
                     "match": "com.ibm.websphere.rsadapter",
                     "lineNumber": 0
                  },
                  {
                     "reference": "Method findHoldingsByAccountKey_Local - Method parameter",
                     "match": "com.ibm.websphere.rsadapter",
                     "lineNumber": 0
                  },
                  {
                     "reference": "Method findHoldingsByAccountKey_Local444Update - Method parameter",
                     "match": "com.ibm.websphere.rsadapter",
                     "lineNumber": 0
                  },
                  {
                     "reference": "Method findHoldingsByAccountKey_LocalForUpdateWithRR - Method parameter",
                     "match": "com.ibm.websphere.rsadapter",
                     "lineNumber": 0
                  },
                  {
                     "reference": "Method findHoldingsByAccountKey_LocalForUpdateWithRS - Method parameter",
                     "match": "com.ibm.websphere.rsadapter",
                     "lineNumber": 0
                  },
                  {
                     "reference": "Method findQuoteHoldingEJBInverseByQuoteKey_Local - Method parameter",
                     "match": "com.ibm.websphere.rsadapter",
                     "lineNumber": 0
                  },
                  {
                     "reference": "Method findQuoteHoldingEJBInverseByQuoteKey_Local444Update - Method parameter",
                     "match": "com.ibm.websphere.rsadapter",
                     "lineNumber": 0
                  },
                  {
                     "reference": "Method findQuoteHoldingEJBInverseByQuoteKey_LocalForUpdateWithRR - Method parameter",
                     "match": "com.ibm.websphere.rsadapter",
                     "lineNumber": 0
                  },
                  {
                     "reference": "Method findQuoteHoldingEJBInverseByQuoteKey_LocalForUpdateWithRS - Method parameter",
                     "match": "com.ibm.websphere.rsadapter",
                     "lineNumber": 0
                  }
               ]
            },
            {
               "fileName": "Trade.ear/tradeEJB.jar/com/ibm/websphere/samples/trade/ejb/websphere_deploy/DB2UDBNT_V82_1/KeyGenBeanFunctionSet_11db8b94.class",
               "details": [
                  {
                     "reference": "Class implements",
                     "match": "com.ibm.websphere.rsadapter",
                     "lineNumber": 0
                  },
                  {
                     "reference": "Method Create - Method parameter",
                     "match": "com.ibm.websphere.rsadapter",
                     "lineNumber": 0
                  },
                  {
                     "reference": "Method FindByPrimaryKey - Method parameter",
                     "match": "com.ibm.websphere.rsadapter",
                     "lineNumber": 0
                  },
                  {
                     "reference": "Method FindByPrimaryKey444Update - Method parameter",
                     "match": "com.ibm.websphere.rsadapter",
                     "lineNumber": 0
                  },
                  {
                     "reference": "Method FindByPrimaryKeyForUpdate - Method parameter",
                     "match": "com.ibm.websphere.rsadapter",
                     "lineNumber": 0
                  },
                  {
                     "reference": "Method FindByPrimaryKeyForUpdate444Update - Method parameter",
                     "match": "com.ibm.websphere.rsadapter",
                     "lineNumber": 0
                  },
                  {
                     "reference": "Method FindByPrimaryKeyForUpdateForUpdateWithRR - Method parameter",
                     "match": "com.ibm.websphere.rsadapter",
                     "lineNumber": 0
                  },
                  {
                     "reference": "Method FindByPrimaryKeyForUpdateForUpdateWithRS - Method parameter",
                     "match": "com.ibm.websphere.rsadapter",
                     "lineNumber": 0
                  },
                  {
                     "reference": "Method FindByPrimaryKeyForUpdateWithRR - Method parameter",
                     "match": "com.ibm.websphere.rsadapter",
                     "lineNumber": 0
                  },
                  {
                     "reference": "Method FindByPrimaryKeyForUpdateWithRS - Method parameter",
                     "match": "com.ibm.websphere.rsadapter",
                     "lineNumber": 0
                  },
                  {
                     "reference": "Method PartialStore - Method parameter",
                     "match": "com.ibm.websphere.rsadapter",
                     "lineNumber": 0
                  },
                  {
                     "reference": "Method PartialStoreUsingOCC - Method parameter",
                     "match": "com.ibm.websphere.rsadapter",
                     "lineNumber": 0
                  },
                  {
                     "reference": "Method ReadReadChecking - Method parameter",
                     "match": "com.ibm.websphere.rsadapter",
                     "lineNumber": 0
                  },
                  {
                     "reference": "Method ReadReadCheckingForUpdate - Method parameter",
                     "match": "com.ibm.websphere.rsadapter",
                     "lineNumber": 0
                  },
                  {
                     "reference": "Method Remove - Method parameter",
                     "match": "com.ibm.websphere.rsadapter",
                     "lineNumber": 0
                  },
                  {
                     "reference": "Method Store - Method parameter",
                     "match": "com.ibm.websphere.rsadapter",
                     "lineNumber": 0
                  },
                  {
                     "reference": "Method StoreUsingOCC - Method parameter",
                     "match": "com.ibm.websphere.rsadapter",
                     "lineNumber": 0
                  },
                  {
                     "reference": "Method execute - Method parameter",
                     "match": "com.ibm.websphere.rsadapter",
                     "lineNumber": 0
                  }
               ]
            },
            {
               "fileName": "Trade.ear/tradeEJB.jar/com/ibm/websphere/samples/trade/ejb/websphere_deploy/DB2UDBNT_V82_1/OrderBeanFunctionSet_725b53ca.class",
               "details": [
                  {
                     "reference": "Class implements",
                     "match": "com.ibm.websphere.rsadapter",
                     "lineNumber": 0
                  },
                  {
                     "reference": "Method Create - Method parameter",
                     "match": "com.ibm.websphere.rsadapter",
                     "lineNumber": 0
                  },
                  {
                     "reference": "Method FindAll - Method parameter",
                     "match": "com.ibm.websphere.rsadapter",
                     "lineNumber": 0
                  },
                  {
                     "reference": "Method FindAll444Update - Method parameter",
                     "match": "com.ibm.websphere.rsadapter",
                     "lineNumber": 0
                  },
                  {
                     "reference": "Method FindAllForUpdateWithRR - Method parameter",
                     "match": "com.ibm.websphere.rsadapter",
                     "lineNumber": 0
                  },
                  {
                     "reference": "Method FindAllForUpdateWithRS - Method parameter",
                     "match": "com.ibm.websphere.rsadapter",
                     "lineNumber": 0
                  },
                  {
                     "reference": "Method FindByPrimaryKey - Method parameter",
                     "match": "com.ibm.websphere.rsadapter",
                     "lineNumber": 0
                  },
                  {
                     "reference": "Method FindByPrimaryKey444Update - Method parameter",
                     "match": "com.ibm.websphere.rsadapter",
                     "lineNumber": 0
                  },
                  {
                     "reference": "Method FindByPrimaryKeyForUpdate - Method parameter",
                     "match": "com.ibm.websphere.rsadapter",
                     "lineNumber": 0
                  },
                  {
                     "reference": "Method FindByPrimaryKeyForUpdate444Update - Method parameter",
                     "match": "com.ibm.websphere.rsadapter",
                     "lineNumber": 0
                  },
                  {
                     "reference": "Method FindByPrimaryKeyForUpdateForUpdateWithRR - Method parameter",
                     "match": "com.ibm.websphere.rsadapter",
                     "lineNumber": 0
                  },
                  {
                     "reference": "Method FindByPrimaryKeyForUpdateForUpdateWithRS - Method parameter",
                     "match": "com.ibm.websphere.rsadapter",
                     "lineNumber": 0
                  },
                  {
                     "reference": "Method FindByPrimaryKeyForUpdateWithRR - Method parameter",
                     "match": "com.ibm.websphere.rsadapter",
                     "lineNumber": 0
                  },
                  {
                     "reference": "Method FindByPrimaryKeyForUpdateWithRS - Method parameter",
                     "match": "com.ibm.websphere.rsadapter",
                     "lineNumber": 0
                  },
                  {
                     "reference": "Method FindByUserID - Method parameter",
                     "match": "com.ibm.websphere.rsadapter",
                     "lineNumber": 0
                  },
                  {
                     "reference": "Method FindByUserID444Update - Method parameter",
                     "match": "com.ibm.websphere.rsadapter",
                     "lineNumber": 0
                  },
                  {
                     "reference": "Method FindByUserIDForUpdateWithRR - Method parameter",
                     "match": "com.ibm.websphere.rsadapter",
                     "lineNumber": 0
                  },
                  {
                     "reference": "Method FindByUserIDForUpdateWithRS - Method parameter",
                     "match": "com.ibm.websphere.rsadapter",
                     "lineNumber": 0
                  },
                  {
                     "reference": "Method FindClosedOrders - Method parameter",
                     "match": "com.ibm.websphere.rsadapter",
                     "lineNumber": 0
                  },
                  {
                     "reference": "Method FindClosedOrders444Update - Method parameter",
                     "match": "com.ibm.websphere.rsadapter",
                     "lineNumber": 0
                  },
                  {
                     "reference": "Method FindClosedOrdersForUpdate - Method parameter",
                     "match": "com.ibm.websphere.rsadapter",
                     "lineNumber": 0
                  },
                  {
                     "reference": "Method FindClosedOrdersForUpdate444Update - Method parameter",
                     "match": "com.ibm.websphere.rsadapter",
                     "lineNumber": 0
                  },
                  {
                     "reference": "Method FindClosedOrdersForUpdateForUpdateWithRR - Method parameter",
                     "match": "com.ibm.websphere.rsadapter",
                     "lineNumber": 0
                  },
                  {
                     "reference": "Method FindClosedOrdersForUpdateForUpdateWithRS - Method parameter",
                     "match": "com.ibm.websphere.rsadapter",
                     "lineNumber": 0
                  },
                  {
                     "reference": "Method FindClosedOrdersForUpdateWithRR - Method parameter",
                     "match": "com.ibm.websphere.rsadapter",
                     "lineNumber": 0
                  },
                  {
                     "reference": "Method FindClosedOrdersForUpdateWithRS - Method parameter",
                     "match": "com.ibm.websphere.rsadapter",
                     "lineNumber": 0
                  },
                  {
                     "reference": "Method PartialStore - Method parameter",
                     "match": "com.ibm.websphere.rsadapter",
                     "lineNumber": 0
                  },
                  {
                     "reference": "Method PartialStoreUsingOCC - Method parameter",
                     "match": "com.ibm.websphere.rsadapter",
                     "lineNumber": 0
                  },
                  {
                     "reference": "Method ReadReadChecking - Method parameter",
                     "match": "com.ibm.websphere.rsadapter",
                     "lineNumber": 0
                  },
                  {
                     "reference": "Method ReadReadCheckingForUpdate - Method parameter",
                     "match": "com.ibm.websphere.rsadapter",
                     "lineNumber": 0
                  },
                  {
                     "reference": "Method Remove - Method parameter",
                     "match": "com.ibm.websphere.rsadapter",
                     "lineNumber": 0
                  },
                  {
                     "reference": "Method Store - Method parameter",
                     "match": "com.ibm.websphere.rsadapter",
                     "lineNumber": 0
                  },
                  {
                     "reference": "Method StoreUsingOCC - Method parameter",
                     "match": "com.ibm.websphere.rsadapter",
                     "lineNumber": 0
                  },
                  {
                     "reference": "Method ejbSelectClosedOrders - Method parameter",
                     "match": "com.ibm.websphere.rsadapter",
                     "lineNumber": 0
                  },
                  {
                     "reference": "Method execute - Method parameter",
                     "match": "com.ibm.websphere.rsadapter",
                     "lineNumber": 0
                  },
                  {
                     "reference": "Method findHoldingOrderEJBInverseByHoldingKey_Local - Method parameter",
                     "match": "com.ibm.websphere.rsadapter",
                     "lineNumber": 0
                  },
                  {
                     "reference": "Method findHoldingOrderEJBInverseByHoldingKey_Local444Update - Method parameter",
                     "match": "com.ibm.websphere.rsadapter",
                     "lineNumber": 0
                  },
                  {
                     "reference": "Method findHoldingOrderEJBInverseByHoldingKey_LocalForUpdateWithRR - Method parameter",
                     "match": "com.ibm.websphere.rsadapter",
                     "lineNumber": 0
                  },
                  {
                     "reference": "Method findHoldingOrderEJBInverseByHoldingKey_LocalForUpdateWithRS - Method parameter",
                     "match": "com.ibm.websphere.rsadapter",
                     "lineNumber": 0
                  },
                  {
                     "reference": "Method findOrdersByAccountKey_Local - Method parameter",
                     "match": "com.ibm.websphere.rsadapter",
                     "lineNumber": 0
                  },
                  {
                     "reference": "Method findOrdersByAccountKey_Local444Update - Method parameter",
                     "match": "com.ibm.websphere.rsadapter",
                     "lineNumber": 0
                  },
                  {
                     "reference": "Method findOrdersByAccountKey_LocalForUpdateWithRR - Method parameter",
                     "match": "com.ibm.websphere.rsadapter",
                     "lineNumber": 0
                  },
                  {
                     "reference": "Method findOrdersByAccountKey_LocalForUpdateWithRS - Method parameter",
                     "match": "com.ibm.websphere.rsadapter",
                     "lineNumber": 0
                  },
                  {
                     "reference": "Method findOrdersByQuoteKey_Local - Method parameter",
                     "match": "com.ibm.websphere.rsadapter",
                     "lineNumber": 0
                  },
                  {
                     "reference": "Method findOrdersByQuoteKey_Local444Update - Method parameter",
                     "match": "com.ibm.websphere.rsadapter",
                     "lineNumber": 0
                  },
                  {
                     "reference": "Method findOrdersByQuoteKey_LocalForUpdateWithRR - Method parameter",
                     "match": "com.ibm.websphere.rsadapter",
                     "lineNumber": 0
                  },
                  {
                     "reference": "Method findOrdersByQuoteKey_LocalForUpdateWithRS - Method parameter",
                     "match": "com.ibm.websphere.rsadapter",
                     "lineNumber": 0
                  }
               ]
            },
            {
               "fileName": "Trade.ear/tradeEJB.jar/com/ibm/websphere/samples/trade/ejb/websphere_deploy/DB2UDBNT_V82_1/QuoteBeanFunctionSet_73b52d85.class",
               "details": [
                  {
                     "reference": "Class implements",
                     "match": "com.ibm.websphere.rsadapter",
                     "lineNumber": 0
                  },
                  {
                     "reference": "Method Create - Method parameter",
                     "match": "com.ibm.websphere.rsadapter",
                     "lineNumber": 0
                  },
                  {
                     "reference": "Method FindAll - Method parameter",
                     "match": "com.ibm.websphere.rsadapter",
                     "lineNumber": 0
                  },
                  {
                     "reference": "Method FindAll444Update - Method parameter",
                     "match": "com.ibm.websphere.rsadapter",
                     "lineNumber": 0
                  },
                  {
                     "reference": "Method FindAllForUpdateWithRR - Method parameter",
                     "match": "com.ibm.websphere.rsadapter",
                     "lineNumber": 0
                  },
                  {
                     "reference": "Method FindAllForUpdateWithRS - Method parameter",
                     "match": "com.ibm.websphere.rsadapter",
                     "lineNumber": 0
                  },
                  {
                     "reference": "Method FindByPrimaryKey - Method parameter",
                     "match": "com.ibm.websphere.rsadapter",
                     "lineNumber": 0
                  },
                  {
                     "reference": "Method FindByPrimaryKey444Update - Method parameter",
                     "match": "com.ibm.websphere.rsadapter",
                     "lineNumber": 0
                  },
                  {
                     "reference": "Method FindByPrimaryKeyForUpdate - Method parameter",
                     "match": "com.ibm.websphere.rsadapter",
                     "lineNumber": 0
                  },
                  {
                     "reference": "Method FindByPrimaryKeyForUpdate444Update - Method parameter",
                     "match": "com.ibm.websphere.rsadapter",
                     "lineNumber": 0
                  },
                  {
                     "reference": "Method FindByPrimaryKeyForUpdateForUpdateWithRR - Method parameter",
                     "match": "com.ibm.websphere.rsadapter",
                     "lineNumber": 0
                  },
                  {
                     "reference": "Method FindByPrimaryKeyForUpdateForUpdateWithRS - Method parameter",
                     "match": "com.ibm.websphere.rsadapter",
                     "lineNumber": 0
                  },
                  {
                     "reference": "Method FindByPrimaryKeyForUpdateWithRR - Method parameter",
                     "match": "com.ibm.websphere.rsadapter",
                     "lineNumber": 0
                  },
                  {
                     "reference": "Method FindByPrimaryKeyForUpdateWithRS - Method parameter",
                     "match": "com.ibm.websphere.rsadapter",
                     "lineNumber": 0
                  },
                  {
                     "reference": "Method FindOne - Method parameter",
                     "match": "com.ibm.websphere.rsadapter",
                     "lineNumber": 0
                  },
                  {
                     "reference": "Method FindOne444Update - Method parameter",
                     "match": "com.ibm.websphere.rsadapter",
                     "lineNumber": 0
                  },
                  {
                     "reference": "Method FindOneForUpdateWithRR - Method parameter",
                     "match": "com.ibm.websphere.rsadapter",
                     "lineNumber": 0
                  },
                  {
                     "reference": "Method FindOneForUpdateWithRS - Method parameter",
                     "match": "com.ibm.websphere.rsadapter",
                     "lineNumber": 0
                  },
                  {
                     "reference": "Method FindQuotes - Method parameter",
                     "match": "com.ibm.websphere.rsadapter",
                     "lineNumber": 0
                  },
                  {
                     "reference": "Method FindQuotes444Update - Method parameter",
                     "match": "com.ibm.websphere.rsadapter",
                     "lineNumber": 0
                  },
                  {
                     "reference": "Method FindQuotesForUpdateWithRR - Method parameter",
                     "match": "com.ibm.websphere.rsadapter",
                     "lineNumber": 0
                  },
                  {
                     "reference": "Method FindQuotesForUpdateWithRS - Method parameter",
                     "match": "com.ibm.websphere.rsadapter",
                     "lineNumber": 0
                  },
                  {
                     "reference": "Method FindTSIAQuotes - Method parameter",
                     "match": "com.ibm.websphere.rsadapter",
                     "lineNumber": 0
                  },
                  {
                     "reference": "Method FindTSIAQuotes444Update - Method parameter",
                     "match": "com.ibm.websphere.rsadapter",
                     "lineNumber": 0
                  },
                  {
                     "reference": "Method FindTSIAQuotesForUpdateWithRR - Method parameter",
                     "match": "com.ibm.websphere.rsadapter",
                     "lineNumber": 0
                  },
                  {
                     "reference": "Method FindTSIAQuotesForUpdateWithRS - Method parameter",
                     "match": "com.ibm.websphere.rsadapter",
                     "lineNumber": 0
                  },
                  {
                     "reference": "Method FindTSIAQuotesOrderByChange - Method parameter",
                     "match": "com.ibm.websphere.rsadapter",
                     "lineNumber": 0
                  },
                  {
                     "reference": "Method FindTSIAQuotesOrderByChange444Update - Method parameter",
                     "match": "com.ibm.websphere.rsadapter",
                     "lineNumber": 0
                  },
                  {
                     "reference": "Method FindTSIAQuotesOrderByChangeForUpdateWithRR - Method parameter",
                     "match": "com.ibm.websphere.rsadapter",
                     "lineNumber": 0
                  },
                  {
                     "reference": "Method FindTSIAQuotesOrderByChangeForUpdateWithRS - Method parameter",
                     "match": "com.ibm.websphere.rsadapter",
                     "lineNumber": 0
                  },
                  {
                     "reference": "Method PartialStore - Method parameter",
                     "match": "com.ibm.websphere.rsadapter",
                     "lineNumber": 0
                  },
                  {
                     "reference": "Method PartialStoreUsingOCC - Method parameter",
                     "match": "com.ibm.websphere.rsadapter",
                     "lineNumber": 0
                  },
                  {
                     "reference": "Method ReadReadChecking - Method parameter",
                     "match": "com.ibm.websphere.rsadapter",
                     "lineNumber": 0
                  },
                  {
                     "reference": "Method ReadReadCheckingForUpdate - Method parameter",
                     "match": "com.ibm.websphere.rsadapter",
                     "lineNumber": 0
                  },
                  {
                     "reference": "Method Remove - Method parameter",
                     "match": "com.ibm.websphere.rsadapter",
                     "lineNumber": 0
                  },
                  {
                     "reference": "Method Store - Method parameter",
                     "match": "com.ibm.websphere.rsadapter",
                     "lineNumber": 0
                  },
                  {
                     "reference": "Method StoreUsingOCC - Method parameter",
                     "match": "com.ibm.websphere.rsadapter",
                     "lineNumber": 0
                  },
                  {
                     "reference": "Method ejbSelectQuoteFromSymbol - Method parameter",
                     "match": "com.ibm.websphere.rsadapter",
                     "lineNumber": 0
                  },
                  {
                     "reference": "Method ejbSelectQuoteFromSymbol444Update - Method parameter",
                     "match": "com.ibm.websphere.rsadapter",
                     "lineNumber": 0
                  },
                  {
                     "reference": "Method ejbSelectQuoteFromSymbolForUpdateWithRR - Method parameter",
                     "match": "com.ibm.websphere.rsadapter",
                     "lineNumber": 0
                  },
                  {
                     "reference": "Method ejbSelectQuoteFromSymbolForUpdateWithRS - Method parameter",
                     "match": "com.ibm.websphere.rsadapter",
                     "lineNumber": 0
                  },
                  {
                     "reference": "Method ejbSelectTotalVolume - Method parameter",
                     "match": "com.ibm.websphere.rsadapter",
                     "lineNumber": 0
                  },
                  {
                     "reference": "Method execute - Method parameter",
                     "match": "com.ibm.websphere.rsadapter",
                     "lineNumber": 0
                  }
               ]
            }
         ]
      },
      {
         "ruleName": "Transaction propagation is not supported for Enterprise JavaBeans (EJB) remote interfaces",
         "severity": "Severe",
         "category": "Java Technology Support for Liberty",
         "results": [
            {
               "fileName": "Trade.ear/tradeEJB.jar/META-INF/ejb-jar.xml",
               "details": [
                  {
                     "reference": null,
                     "match": "remote",
                     "lineNumber": 9
                  },
                  {
                     "reference": null,
                     "match": "remote",
                     "lineNumber": 32
                  },
                  {
                     "reference": null,
                     "match": "remote",
                     "lineNumber": 212
                  },
                  {
                     "reference": null,
                     "match": "remote",
                     "lineNumber": 277
                  }
               ]
            }
         ]
      },
      {
         "ruleName": "User-defined EJB binding locations are ignored in Liberty",
         "severity": "Warning",
         "category": "WebSphere traditional to Liberty",
         "results": [
            {
               "fileName": "Trade.ear/tradeEJB.jar/META-INF/ibm-ejb-jar-bnd.xmi",
               "details": [
                  {
                     "reference": null,
                     "match": "ejbBindings.jndiName=ejb/AccountEJB",
                     "lineNumber": 80
                  },
                  {
                     "reference": null,
                     "match": "ejbBindings.jndiName=ejb/AccountProfileEJB",
                     "lineNumber": 56
                  },
                  {
                     "reference": null,
                     "match": "ejbBindings.jndiName=ejb/HoldingEJB",
                     "lineNumber": 44
                  },
                  {
                     "reference": null,
                     "match": "ejbBindings.jndiName=ejb/KeyGenEJB",
                     "lineNumber": 74
                  },
                  {
                     "reference": null,
                     "match": "ejbBindings.jndiName=ejb/KeySequenceEJB",
                     "lineNumber": 68
                  },
                  {
                     "reference": null,
                     "match": "ejbBindings.jndiName=ejb/OrderEJB",
                     "lineNumber": 89
                  },
                  {
                     "reference": null,
                     "match": "ejbBindings.jndiName=ejb/QuoteEJB",
                     "lineNumber": 62
                  },
                  {
                     "reference": null,
                     "match": "ejbBindings.jndiName=ejb/TradeEJB",
                     "lineNumber": 4
                  }
               ]
            }
         ]
      },
      {
         "ruleName": "Validate the URL host and port for cloud access",
         "severity": "Warning",
         "category": "Connectivity considerations for IBM Cloud (Docker and WebSphere on Cloud)",
         "results": [
            {
               "fileName": "Trade.ear/tradeEJB.jar/com/ibm/websphere/samples/trade/TradeConfig.class",
               "details": [
                  {
                     "reference": "Static initializer",
                     "match": "http://localhost/trade/services/TradeWSServices?wsdl",
                     "lineNumber": 0
                  }
               ]
            },
            {
               "fileName": "Trade.ear/tradeEJB.jar/com/ibm/websphere/samples/trade/client/ws/ClientScenario.class",
               "details": [
                  {
                     "reference": "Method getTrade",
                     "match": "http://trade.samples.websphere.ibm.com",
                     "lineNumber": 142
                  },
                  {
                     "reference": "Method getTrade",
                     "match": "http://trade.samples.websphere.ibm.com",
                     "lineNumber": 144
                  },
                  {
                     "reference": "Static initializer",
                     "match": "http://localhost:9080/trade/services/TradeWSServices?wsdl",
                     "lineNumber": 41
                  }
               ]
            },
            {
               "fileName": "Trade.ear/tradeEJB.jar/com/ibm/websphere/samples/trade/soap/TradeWebSoapProxy.class",
               "details": [
                  {
                     "reference": "Method getPortFromFactory",
                     "match": "http://trade.samples.websphere.ibm.com",
                     "lineNumber": 0
                  }
               ]
            },
            {
               "fileName": "Trade.ear/tradeWSAppClient.jar/META-INF/wsdl/TradeServices.wsdl",
               "details": [
                  {
                     "reference": null,
                     "match": "address.location=http://localhost:9080/trade/services/TradeWSServices",
                     "lineNumber": 1271
                  }
               ]
            },
            {
               "fileName": "Trade.ear/tradeWSAppClient.jar/com/ibm/websphere/samples/trade/client/ws/ClientScenario.class",
               "details": [
                  {
                     "reference": "Method getTrade",
                     "match": "http://trade.samples.websphere.ibm.com",
                     "lineNumber": 142
                  },
                  {
                     "reference": "Method getTrade",
                     "match": "http://trade.samples.websphere.ibm.com",
                     "lineNumber": 144
                  },
                  {
                     "reference": "Static initializer",
                     "match": "http://localhost:9080/trade/services/TradeWSServices?wsdl",
                     "lineNumber": 41
                  }
               ]
            },
            {
               "fileName": "Trade.ear/tradeWeb.war/WEB-INF/wsdl/TradeServices.wsdl",
               "details": [
                  {
                     "reference": null,
                     "match": "address.location=http://localhost:9080/trade/services/TradeWSServices",
                     "lineNumber": 1271
                  }
               ]
            }
         ]
      }
   ]
}